t,L,S,P,tau_max,tau_mean,tau_gini,tau_topk_frac
0,1.141700378967105,21,0.054366684712719285,0.20594300030199697,0.03682904448280984,0.7197153833200337,0.9140343743527453
1,1.1930927188130154,21,0.05681393899109597,0.2095459049369074,0.038486861897194045,0.6829531972303217,0.8832964381537023
2,1.1753997708315758,21,0.055971417658646466,0.20266130272292293,0.037916121639728254,0.6968981642728094,0.8875179723737954
3,1.1566897898257307,21,0.05508046618217765,0.20412896342680895,0.03731257386534615,0.7127824189748615,0.9062427925740202
4,1.1817232123536878,22,0.053714691470622175,0.2086312020418932,0.038120103624312514,0.6918585057772447,0.8906772267357217
5,1.1556443913661778,22,0.05252929051664445,0.20978265713840147,0.037278851334392835,0.7046270043139663,0.9009233936495901
6,1.1738646909859605,22,0.0533574859539073,0.203180173878458,0.03786660293503098,0.6898424304893918,0.8899024988545807
7,1.1840073182510207,21,0.05638130086909622,0.20799196379716117,0.03819378445971035,0.6831116445178113,0.8803125944931943
8,1.1763865819938997,22,0.05347211736335908,0.20476166963216996,0.03794795425786773,0.6747378959535119,0.8750542388092196
9,1.1480278159705313,22,0.05218308254411506,0.20086012436061004,0.037033155353888104,0.708964526145261,0.9056680926719375
10,1.1469196974362963,22,0.05213271351983165,0.20136543414300886,0.036997409594719234,0.7146300066376517,0.9120186117751663
11,1.1624256839467189,22,0.05283753108848722,0.2082213715906444,0.037497602707958676,0.7069822696788259,0.9034114877577568
12,1.1916180911491305,22,0.054164458688596845,0.20888489886911502,0.03843929326287518,0.6869558810122484,0.8863928413610238
13,1.1702317710128964,22,0.05319235322785893,0.2025827440007754,0.037749411968157946,0.6939567360564207,0.8929282347448424
14,1.1421899656276053,22,0.0519177257103457,0.2027712088943696,0.036844837600890495,0.7068561464689018,0.9093219834353641
15,1.1703583866925271,22,0.05319810848602396,0.20603869657740753,0.03775349634492023,0.7077642547630004,0.9026209388222384
16,1.1635369459853961,22,0.052888042999336186,0.2050806419675629,0.03753344987049665,0.6969482690946698,0.8936734522333448
17,1.1331950064350171,22,0.05150886392886442,0.20355906219517292,0.03655467762693604,0.713637080342971,0.9083877046445339
18,1.1559773420867208,22,0.05254442464030549,0.20687415002313328,0.037289591680216796,0.6966229367369856,0.8930163632029957
19,1.1522266875716543,22,0.0523739403441661,0.20732080083369886,0.03716860282489207,0.6966388246104931,0.8956978127989808
20,1.1396960443857536,22,0.05180436565389789,0.20380901407080912,0.036764388528572695,0.7147257840611798,0.9068375222458865
21,1.1682074194409082,22,0.05310033724731401,0.20982763945194166,0.03768411030454542,0.6990844642018141,0.8970020249710033
22,1.1698456627281912,22,0.05317480285128142,0.20395012929997589,0.037736956862199716,0.6987519440961193,0.8978179349030465
23,1.1743075329302795,22,0.05337761513319452,0.20322460757563174,0.037880888159041275,0.6952542109042597,0.8916480902357564
24,1.1416726178341423,22,0.05189420990155192,0.20364857224867253,0.036828148962391685,0.7169196092948108,0.9112333584662629
25,1.1478389862951717,22,0.052174499377053256,0.20252303087657747,0.037027064074037795,0.7129826085134081,0.9068562816613801
26,1.1628576757521623,22,0.05285716707964374,0.20856571690943979,0.037511537927489104,0.6931217246572957,0.8931917632692516
27,1.1804063153282847,22,0.05365483251492203,0.20516043479840207,0.038077623075105954,0.6924524487190543,0.8937120536557154
28,1.1608591868887521,22,0.05276632667676146,0.2035472818339031,0.037447070544798455,0.6923365393835573,0.8912718855600558
29,1.1540921602168255,22,0.05245873455531025,0.20503502805733415,0.03722877936183308,0.697667632714137,0.8968736031054402
30,1.1807023108396273,22,0.0536682868563467,0.20684810043099536,0.03808717131740733,0.6944261093650018,0.8969374027392952
31,1.1272952684645887,22,0.051240694021117666,0.20266399093733292,0.0363643634988577,0.7119216958188017,0.9049109292426633
32,1.1362983724997309,22,0.05164992602271504,0.20188154503742772,0.036654786209668735,0.7054887391206045,0.9084478651849681
33,1.1721872694635773,21,0.05581844140302749,0.20816246704421898,0.0378124925633412,0.6966362374247919,0.8924329349105704
34,1.1315137019389294,21,0.05388160485423473,0.20141602337823125,0.03650044199802998,0.7114698847448935,0.9037862809885269
35,1.1833772504798032,21,0.05635129764189539,0.20906685731131258,0.03817345969289688,0.686043081401641,0.8874659126468324
36,1.1623967939938957,21,0.055352228285423605,0.20702959685245767,0.03749667077399663,0.7102202326218473,0.9039394861320391
37,1.144655824677756,21,0.05450742022275029,0.20859894571269447,0.036924381441217936,0.7103172365106276,0.902710795646964
38,1.1506424433961546,21,0.05479249730457879,0.2083469929280695,0.0371174981740695,0.710220673585993,0.9037052234743826
39,1.147266132612341,21,0.054631720600587665,0.2084287841270395,0.03700858492297874,0.7194707576566577,0.910974016318933
40,1.1668135141746478,21,0.05556254829403085,0.20461785633468185,0.037639145618537026,0.6889057532747817,0.8893810771920225
41,1.1060589442029896,21,0.052669473533475696,0.2005212132581285,0.0356793207807416,0.7231052334941571,0.913218287929648
42,1.1385710601131118,21,0.0542176695291958,0.2002773809335887,0.03672809871332619,0.7043884270035748,0.9000495912817678
43,1.1983221080427797,21,0.057062957525846655,0.2071895081654317,0.03865555187234773,0.6728197016097498,0.8743636146924927
44,1.201655429458811,21,0.057221687117086244,0.20947438971864876,0.03876307836963907,0.683389220628872,0.8861563732620232
45,1.1345734290294383,21,0.05402730614425896,0.2057539047483369,0.036599142871917366,0.7169504894443324,0.9075667683824735
46,1.1551844540709897,21,0.055008783527189985,0.20913384138090135,0.03726401464745128,0.7140397147814379,0.9072816998975809
47,1.1707994355727471,21,0.05575235407489272,0.20787442511459955,0.03776772372815313,0.6760281682666616,0.876425695128814
48,1.1433533231682667,21,0.05444539634134603,0.20914655152325534,0.03688236526349247,0.7169076629409539,0.9089237357153226
49,1.1555464054028282,21,0.055026019304896576,0.20906235627800565,0.037275690496865424,0.7154751888712477,0.9097441593745969
50,1.1869479905423972,21,0.056521332882971294,0.2019774057094294,0.03828864485620636,0.6879023162049199,0.8851786286621685
51,1.1210370107877403,21,0.053382714799416205,0.20530471262861621,0.036162484218959366,0.7268794524354817,0.919237350117771
52,1.176736337743404,20,0.0588368168871702,0.2030238372832213,0.037959236701400126,0.6921792930735717,0.8917547827980671
53,1.1368677063124155,20,0.056843385315620776,0.20172003203228198,0.03667315181652953,0.7221565200269653,0.9174300654517896
54,1.1678650645910047,20,0.05839325322955023,0.20430318750120277,0.03767306659970983,0.7027863811481723,0.902048598355876
55,1.1710316306289996,20,0.05855158153144998,0.2065555971669171,0.037775213891258055,0.695580049841875,0.8952323883266852
56,1.138722108854088,20,0.0569361054427044,0.2050002212673188,0.03673297125335768,0.7119920774220584,0.9046194856406528
57,1.1230817617547644,20,0.05615408808773822,0.20382002593421805,0.036228443927573045,0.7227400572600579,0.9163015845875773
58,1.1351712035766106,20,0.05675856017883053,0.2018010430205624,0.036618425921826146,0.7175922129869656,0.9098708136931108
59,1.1431865996461326,20,0.05715932998230663,0.20991631003398697,0.036876987085359116,0.712795226664221,0.907862319064628
60,1.1401963117235558,20,0.05700981558617779,0.20753590144228187,0.03678052618463083,0.731048830080006,0.9256334802329409
61,1.152133102189893,20,0.057606655109494656,0.20536735264099318,0.03716558394160945,0.7036710412493012,0.9024498501717988
62,1.1350156250333945,20,0.05675078125166973,0.20707376376316614,0.03661340725914176,0.7185753911144578,0.9157797964890164
63,1.1359118611633672,20,0.05679559305816836,0.20060041257562375,0.0366423181020441,0.7191622475797746,0.9130192666322618
64,1.142914390063948,20,0.0571457195031974,0.2009752909616288,0.0368682061310951,0.7092592526113042,0.9018514946333133
65,1.151746287590263,20,0.05758731437951316,0.20557934362530886,0.03715310605129881,0.7010323125957063,0.898027677482965
66,1.1238599851406015,20,0.05619299925703007,0.20128869206551003,0.036253547907761335,0.7206302874861193,0.9137035280145592
67,1.1594757756821645,20,0.05797378878410823,0.20564007114623525,0.037402444376844014,0.6922781548153233,0.8929109433573107
68,1.1496384485607973,19,0.060507286766357755,0.20853869470408432,0.03708511124389669,0.7155719173030104,0.9054558843014809
69,1.1739388969065403,19,0.06178625773192317,0.20774456195588328,0.03786899667440453,0.6965709616907891,0.8931279244451645
70,1.1503868656510012,19,0.060546677139526384,0.20269696062099393,0.03710925373067746,0.7027937589355144,0.8986226731197396
71,1.1458851037478741,19,0.06030974230251969,0.20369059104207116,0.036964035604770136,0.7034821735709885,0.8987125905572305
72,1.1671099032365235,19,0.06142683701244861,0.20055200868076808,0.03764870655601689,0.6946210033473904,0.8950331776557227
73,1.1440995879569043,19,0.060215767787205485,0.2006547220480337,0.03690643832119046,0.7164613160299739,0.9148748328068105
74,1.155922638935964,19,0.06083803362820863,0.20393368814903906,0.03728782706245045,0.6913236747669902,0.8858977468659085
75,1.1847339282433693,19,0.06235441727596681,0.20779695001348095,0.03821722349172159,0.6801120408053234,0.8775706606769429
76,1.1372567566423732,19,0.05985561877065122,0.20611674569723593,0.03668570182717333,0.723799994120146,0.9186117890996198
77,1.1867491399901293,19,0.06246048105211207,0.2091988512647323,0.03828223032226224,0.6850346956017441,0.8872371209398846
78,1.17575645714301,19,0.06188191879700052,0.2095307782381998,0.03792762764977451,0.6930448727019392,0.8911814586634875
79,1.1312033699793487,19,0.0595370194725973,0.2002821985098273,0.03649043128965641,0.7285284332401136,0.9194670211819643
80,1.155879302813113,19,0.06083575277963752,0.20535719124568452,0.037286429123003645,0.7055928651760077,0.9014752506483902
81,1.1434220939625128,19,0.06018011020855331,0.20149761414746425,0.03688458367621009,0.7138352302323024,0.910376755384826
82,1.153415289080388,19,0.060706067846336205,0.20481309490250432,0.037206944809044774,0.6996872401742504,0.8942794101988079
83,1.1843948363048937,18,0.06579971312804965,0.20014880490799125,0.03820628504209335,0.6769849604260386,0.8779102107911392
84,1.1636613533967155,18,0.06464785296648419,0.20545301528574475,0.03753746301279728,0.6839335296419647,0.8807670289332813
85,1.1290366911369931,18,0.06272426061872184,0.2017738849408832,0.03642053842377397,0.7246763849674742,0.9225696653948904
86,1.1453723775488345,18,0.06363179875271302,0.20096613691569856,0.036947496049962406,0.7011536124768061,0.8977702182779488
87,1.149193537455095,18,0.06384408541417194,0.2070404037848933,0.037070759272745,0.7083453824174245,0.9047187861042324
88,1.1503984836251857,18,0.06391102686806588,0.2077908811430222,0.03710962850403825,0.7152299912082423,0.9103174597756873
89,1.1650200431441968,18,0.06472333573023316,0.20366738253364988,0.03758129171432893,0.6960294453775854,0.8916500544356529
90,1.1771486354777223,18,0.06539714641542901,0.20192936788338076,0.037972536628313625,0.6832429164432697,0.8840003521109595
91,1.1762159102996987,17,0.06918917119409992,0.20823214921597136,0.03794244871934512,0.697274988463431,0.8963718863936622
92,1.184820474085584,17,0.06969532200503437,0.2075125699541532,0.03822001529308336,0.6788345907920488,0.8822267444651911
93,1.1658553355778472,17,0.0685797256222263,0.203527657030171,0.03760823663154346,0.6984000748219777,0.8918201288821173
94,1.1474648075901301,17,0.06749792985824295,0.20189146635372704,0.037014993793230005,0.710184032777893,0.9033423807016123
95,1.12629762312732,17,0.06625280136043059,0.20068756837510957,0.03633218139120387,0.7241365156308381,0.9172759551057756
96,1.155238813983618,17,0.06795522435197754,0.2059618073307769,0.03726576819301994,0.7081871129120448,0.9029907459088429
97,1.160090093921026,17,0.06824059376006035,0.20787839524026394,0.037422261094226646,0.7071392298976468,0.9044139431513474
98,1.1482199935351765,17,0.06754235256089273,0.20107026850733298,0.037039354630166985,0.710069044877979,0.9109658093058762
99,1.149077127545334,16,0.07181732047158337,0.20601403933382303,0.037067004114365615,0.7094432986431971,0.9042763712519768
100,1.1581061231887726,16,0.07238163269929829,0.20239158923206876,0.0373582620383475,0.6977608618971441,0.8913253535769681
101,1.157719466441082,16,0.07235746665256762,0.2085982213469922,0.0373457892400349,0.696429556944186,0.8938657851342284
102,1.162762924500559,15,0.07751752830003728,0.2056192469069514,0.03750848143550191,0.6978809606847235,0.8938852311868665
103,1.1650910463322546,15,0.0776727364221503,0.2086823714688718,0.037583582139750146,0.7012363027143083,0.8975830536151301
104,1.154644855280005,15,0.07697632368533366,0.20247410937709634,0.03724660823483887,0.7051352085083339,0.9021796233419741
105,1.1633844817877717,15,0.07755896545251811,0.20555181610761025,0.03752853167057328,0.6943787232959876,0.8889476471896879
106,1.1478875537899313,14,0.08199196812785224,0.2008157967161363,0.037028630767417144,0.6895618113040247,0.8853111632112224
107,1.1576145165485252,14,0.08268675118203751,0.20435030731758588,0.03734240375962985,0.6960100356909272,0.8932853597656176
108,1.1470285381745848,14,0.0819306098696132,0.20049745124295382,0.03700092058627693,0.7070917894485372,0.9083101155611213
109,1.1670766166352142,14,0.08336261547394387,0.201856730977468,0.03764763279468433,0.6983608631523248,0.8947817719396678
110,1.1485178347087872,13,0.08834752574682979,0.20570478953205037,0.037048962409960876,0.7012454792448388,0.8938995997180444
111,1.1878968572136477,13,0.09137668132412674,0.2012311603893707,0.038319253458504766,0.675423269728206,0.8785011472828429
112,1.1475782554128287,13,0.08827525041637144,0.2035509827654113,0.037018653400413826,0.69771424494923,0.8994585021758186
113,1.1505964226694305,13,0.08850741712841773,0.20995715484455452,0.037116013634497756,0.6935470939690483,0.8927927632571938
114,1.1828172718179897,13,0.09098594398599921,0.2097228378230725,0.03815539586509644,0.683367871705462,0.8829341953327391
115,1.1197601334137146,12,0.09331334445114288,0.20239898956149058,0.03612129462624886,0.7197057255302766,0.9159771126712271
116,1.1318058881423867,12,0.0943171573451989,0.2032805749773269,0.036509867359431826,0.7152812102744406,0.9123441021627272
117,1.110255583034056,12,0.09252129858617132,0.20369562481148243,0.03581469622690503,0.7313466157644545,0.9279014325147821
118,1.1299849051433977,12,0.0941654087619498,0.20687732319843122,0.036451125972367666,0.7095690534441215,0.904251930364572
119,1.125347396130861,12,0.09377894967757176,0.20439323860227537,0.03630152890744713,0.7240687389547623,0.9211799301136496
120,1.1211339842167425,11,0.10192127129243113,0.20663521350209182,0.03616561239408847,0.7178805191316432,0.9099254697370813
121,1.1308423880648502,11,0.10280385346044092,0.2027309915147849,0.03647878671176936,0.698765441969796,0.8916843821542157
122,1.1372567027114275,11,0.10338697297376614,0.20771471121261068,0.036685700087465405,0.7008814499888616,0.8938581932108718
123,1.1018874188701802,11,0.10017158353365274,0.2020183427322302,0.035544755447425164,0.7248656765151731,0.9160899307188455
124,1.1172182425696096,11,0.10156529477905542,0.20762854972679362,0.03603929814740676,0.7351410730066548,0.9197759255290548
125,1.1153605713391586,11,0.10139641557628715,0.20834476546068095,0.03597937326900511,0.7232008711513982,0.9111746135642159
126,1.1368556392433753,11,0.10335051265848866,0.2044162065876748,0.036672762556237914,0.7027425032622001,0.8968563639966576
127,1.0522485761596403,10,0.10522485761596403,0.20454071716558125,0.03394350245676259,0.7465328992435719,0.9178414910520428
128,1.0549715611110129,10,0.10549715611110129,0.20459061894768246,0.034031340681000416,0.7308348950091436,0.9055284781565339
129,1.0499763386868177,10,0.10499763386868177,0.20710626714643293,0.03387020447376831,0.7340812055773424,0.9105936403007255
130,1.048709764098817,10,0.1048709764098817,0.20623573983411178,0.0338293472289941,0.7448379851904043,0.9195009790092497
131,1.0480112695785913,10,0.10480112695785912,0.20331823609205013,0.03380681514769649,0.7336288695022404,0.9102032367001874
132,1.0756202337644163,10,0.10756202337644163,0.2080384555882861,0.034697426895626333,0.725394789524305,0.9002199554345655
133,1.0441456122906887,10,0.10441456122906886,0.20590291142228354,0.03368211652550609,0.7387312405078956,0.9119385505148658
134,1.033016848517193,10,0.10330168485171931,0.20191469072187843,0.03332312414571591,0.7494380413653771,0.9207773062983526
135,1.0619323378777221,10,0.1061932337877722,0.20729236017951627,0.034255881867023295,0.7279013306780884,0.9030922124497249
136,1.0664948120347062,10,0.10664948120347062,0.20145519657360114,0.034403058452732456,0.72575763605422,0.897906619824327
137,1.0781143199436405,10,0.10781143199436405,0.20614645325945746,0.03477788128850453,0.7240712645080746,0.8985887057787556
138,1.0448588252362772,10,0.10448588252362771,0.20088157869460116,0.033705123394718615,0.7365468969784589,0.9118454306182104
139,1.084625866396809,10,0.10846258663968089,0.20770212510912717,0.03498793117409061,0.704524593439804,0.8838069223065773
140,1.0462642717212067,10,0.10462642717212067,0.2086464671413643,0.03375046037810344,0.7375217262731,0.9078085726574768
141,1.0454401113181315,9,0.11616001236868129,0.2037082885773199,0.033723874558649405,0.7436611426225577,0.9153658832971285
142,1.0741205961422275,9,0.11934673290469194,0.2068239347464883,0.034649051488458954,0.7215219632274155,0.8996341556344949
143,1.0624498027599842,9,0.11804997808444269,0.2051631623234302,0.03427257428258014,0.7280780194920561,0.9088353412853567
144,1.0731327354502165,9,0.11923697060557961,0.20645683054695263,0.034617185014523114,0.7164170254543657,0.8964149528576149
145,1.0651694767619828,9,0.11835216408466476,0.20164861502639206,0.034360305701999445,0.7177385254492985,0.8973831654670071
146,1.054251996413786,9,0.11713911071264288,0.20896022905313624,0.03400812891657374,0.7520696204084668,0.9238962741664345
147,1.059432208595007,9,0.11771468984388966,0.20453178522370583,0.03417523253532281,0.7268837564575041,0.903918240193856
148,1.0569815894033268,9,0.11744239882259186,0.20220485778098024,0.03409618030333312,0.7230379915588538,0.9018064478526264
149,1.0254529161709849,9,0.11393921290788721,0.20641353133445764,0.03307912632809629,0.756826821557984,0.9293754322854852
150,1.03695958782675,9,0.11521773198074999,0.20130066305205122,0.033450309284733866,0.734511658379452,0.9069503648798873
151,1.0692930073300915,9,0.11881033414778794,0.20615831220828595,0.03449332281709973,0.7331805644981421,0.9088653083127451
152,1.0744130949964832,9,0.11937923277738702,0.20889173794503635,0.03465848693537042,0.7233675184052822,0.8997664187627114
153,1.0668133728296088,9,0.11853481920328986,0.2096568437732854,0.03441333460740673,0.7305994146574567,0.9039415076279051
154,1.0363587887554988,9,0.11515097652838875,0.2028968833311555,0.03343092866953222,0.734445311731111,0.9076999317582836
155,1.0704105172118805,9,0.11893450191243117,0.20812274824563867,0.03452937152296389,0.7128908942490738,0.8904731277044795
156,1.0455807831996937,9,0.11617564257774375,0.20960987240862863,0.03372841236128044,0.732128430906934,0.9044341137501353
157,1.117277754883266,10,0.1117277754883266,0.2073933610893019,0.036041217899460194,0.7262433856169296,0.9107954529603086
158,1.0959043166818643,10,0.10959043166818642,0.20514228734696405,0.03535175215102788,0.7414983680011709,0.9320659770923797
159,1.123390003322287,10,0.1123390003322287,0.2095395632685581,0.03623838720394474,0.7254416297652153,0.9139664688392244
160,1.1353099839714544,10,0.11353099839714545,0.20979389544012106,0.036622902708756594,0.7082450630941329,0.9022130182489962
161,1.1286754559231855,10,0.11286754559231855,0.20569198884009496,0.036408885674941466,0.7129086228939826,0.9083697090740782
162,1.1346720134702117,10,0.11346720134702118,0.20149431351044408,0.03660232301516812,0.7167411496143659,0.9077820187372294
163,1.098747977340841,10,0.10987479773408411,0.2076284696283028,0.035443483140027134,0.7277838367891342,0.9157618937682271
164,1.1432348123418996,10,0.11432348123418996,0.20354772770176904,0.03687854233360967,0.7125542924849865,0.9063126512025159
165,1.1331929515490518,10,0.11331929515490517,0.20864175709071608,0.03655461134029199,0.717041930491723,0.9164105132338923
166,1.1341086503869633,10,0.11341086503869632,0.20768612806269576,0.036584150012482684,0.7226652116583144,0.9181942829183061
167,1.1636647290033335,10,0.11636647290033335,0.2044698552962203,0.03753757190333334,0.6907513967531294,0.8885971677779315
168,1.1726965169397747,10,0.11726965169397748,0.20793441431431606,0.03782891990128306,0.6920641649349176,0.8931748889341772
169,1.1624599929176642,11,0.10567818117433311,0.20099925619276912,0.03749870944895691,0.6939997255299568,0.8938363769212054
170,1.1645129675636112,11,0.10586481523305556,0.2023462673823593,0.03756493443753585,0.7045157444785266,0.899711426909532
171,1.1788691064110717,11,0.10716991876464288,0.20825435544037887,0.03802803569067973,0.6921332449082043,0.8902227908246275
172,1.143115399548881,11,0.10391958177717099,0.20114156061867647,0.03687469030802842,0.7042114523677214,0.900517586191636
173,1.1632433290298092,12,0.09693694408581743,0.20600986748034644,0.0375239783558003,0.7024400458918765,0.8964047154177476
174,1.1741531707576007,12,0.0978460975631334,0.20776701280321638,0.03787590873411615,0.6966479093706138,0.8910057360805909
175,1.1591027866550174,12,0.09659189888791812,0.20700234870201814,0.037390412472742496,0.7062505210840593,0.9052545342767891
176,1.1369670276502837,12,0.0947472523041903,0.20331710710105858,0.036676355730654316,0.718967753877345,0.9100464845655257
177,1.159884768881253,12,0.09665706407343776,0.2045050565189486,0.03741563770584687,0.6974582286002964,0.8923205973195749
178,1.1256085968106857,12,0.09380071640089048,0.20040749859231285,0.03630995473582857,0.7106327333064337,0.9051281363988744
179,1.1581779023767973,12,0.09651482519806644,0.20611440402170844,0.03736057749602572,0.7188099129597981,0.9105804874449033
180,1.1812465810673087,12,0.09843721508894239,0.20939618021626705,0.03810472842152609,0.6897496007313105,0.88670717475413
181,1.1399490475108547,12,0.09499575395923789,0.20666852824955548,0.03677254991970499,0.7154391632826412,0.911276288090573
182,1.1435323905931678,12,0.09529436588276398,0.20518556607522462,0.03688814163203767,0.7053281444677201,0.903156940970536
183,1.1667768946618753,12,0.09723140788848961,0.20486409606941308,0.03763796434393146,0.7021239588018872,0.9049269131804477
184,1.1625437342880895,12,0.09687864452400746,0.20872837755758533,0.03750141078348676,0.7079476777226513,0.9037183534314944
185,1.1357268605972743,12,0.09464390504977287,0.20810266790064072,0.03663635034184756,0.7223001002162758,0.9180214395069988
186,1.1460245286229422,12,0.09550204405191186,0.20401537651604487,0.03696853318138523,0.7140095630501865,0.909445141185194
187,1.1547065580334375,12,0.09622554650278646,0.20306084648869094,0.03724859864623992,0.7033087627872832,0.9011682471194368
188,1.1508756882519653,12,0.09590630735433044,0.20871471731377042,0.0371250222016763,0.7122290846491532,0.9043608344927119
189,1.1573876145391109,12,0.09644896787825924,0.20008117868715133,0.03733508433997132,0.7048856018431199,0.9011737173744544
190,1.152635424376323,12,0.09605295203136026,0.20894841587858218,0.03718178788310719,0.7192747297182367,0.9135711671931545
191,1.1547716315726062,11,0.1049792392338733,0.20403320374602985,0.03725069779266472,0.7136170117885173,0.9092257502943356
192,1.1490624707685155,11,0.10446022461531959,0.2075441251858083,0.03706653131511341,0.7153603381559216,0.9100396069012305
193,1.152694229868328,11,0.10479038453348437,0.2098872741341039,0.037183684834462195,0.7201047985191011,0.9098303969132754
194,1.1296526564290172,11,0.10269569603900157,0.20599390030598994,0.036440408271903785,0.7233152540084286,0.9144250413121886
195,1.1676875726281484,11,0.10615341569346803,0.20231025803871128,0.03766734105252092,0.6851201994958136,0.8820431848313451
196,1.1667360164995793,11,0.10606691059087084,0.20592864319412826,0.037636645693534816,0.6879987206781043,0.8823145511440262
197,1.1633371167816045,11,0.10575791970741859,0.20830315028583232,0.03752700376714853,0.6869969948425947,0.8855051210958141
198,1.1542354392737288,11,0.1049304944794299,0.2013040035049855,0.03723340126689448,0.7025458811816037,0.8970677015248112
199,1.1681469280361638,11,0.1061951752760149,0.20228523250988698,0.03768215896890851,0.6891133388286205,0.8884543229054294
