t,site_subsystems,total_subsystems,interface_subsystems,n_links,mean_degree,hilbert_log2_dim,frontier_radius,volume_proxy,density,energy_remaining,energy_density,creation_rate_modifier,births_attempted,births_accepted,births_reject_lightcone,births_reject_exclusion,births_reject_energy,links_added_from_births,random_links_attempts,random_links_added
0,2,4,2,1,1.0,6.339850002884624,0.0,0.004188790204786391,79.836708939645,0.0,0.0,1.0,0,0,0,0,0,0,0,0
1,2,4,2,1,1.0,6.339850002884624,0.18151516723547445,0.025051132825527175,79.836708939645,0.0,0.0,1.0,0,0,0,0,0,0,4,0
2,2,4,2,1,1.0,6.339850002884624,0.18151516723547445,0.025051132825527175,79.836708939645,0.0,0.0,1.0,0,0,0,0,0,0,4,0
3,3,7,4,2,1.3333333333333333,11.094737505048093,0.36792494160309785,0.2086249752459472,14.379869890761215,0.0,0.0,1.0,1,1,0,0,0,1,6,0
4,3,7,4,2,1.3333333333333333,11.094737505048093,0.36792494160309785,0.2086249752459472,14.379869890761215,0.0,0.0,1.0,0,0,0,0,0,0,6,0
5,3,7,4,2,1.3333333333333333,11.094737505048093,0.36792494160309785,0.2086249752459472,14.379869890761215,0.0,0.0,1.0,0,0,0,0,0,0,6,0
6,3,7,4,2,1.3333333333333333,11.094737505048093,0.36792494160309785,0.2086249752459472,14.379869890761215,0.0,0.0,1.0,0,0,0,0,0,0,6,0
7,3,7,4,2,1.3333333333333333,11.094737505048093,0.36792494160309785,0.2086249752459472,14.379869890761215,0.0,0.0,1.0,0,0,0,0,0,0,6,0
8,3,7,4,2,1.3333333333333333,11.094737505048093,0.36792494160309785,0.2086249752459472,14.379869890761215,0.0,0.0,1.0,0,0,0,0,0,0,6,0
9,3,7,4,2,1.3333333333333333,11.094737505048093,0.36792494160309785,0.2086249752459472,14.379869890761215,0.0,0.0,1.0,0,0,0,0,0,0,6,0
10,3,7,4,2,1.3333333333333333,11.094737505048093,0.36792494160309785,0.2086249752459472,14.379869890761215,0.0,0.0,1.0,0,0,0,0,0,0,6,0
11,3,7,4,2,1.3333333333333333,11.094737505048093,0.36792494160309785,0.2086249752459472,14.379869890761215,0.0,0.0,1.0,0,0,0,0,0,0,6,0
12,3,7,4,2,1.3333333333333333,11.094737505048093,0.36792494160309785,0.2086249752459472,14.379869890761215,0.0,0.0,1.0,0,0,0,0,0,0,6,0
13,3,7,4,2,1.3333333333333333,11.094737505048093,0.36792494160309785,0.2086249752459472,14.379869890761215,0.0,0.0,1.0,0,0,0,0,0,0,6,0
14,3,9,6,3,2.0,14.264662506490405,0.36792494160309785,0.2086249752459472,14.379869890761215,0.0,0.0,1.0,0,0,0,0,0,0,6,1
15,3,9,6,3,2.0,14.264662506490405,0.36792494160309785,0.2086249752459472,14.379869890761215,0.0,0.0,1.0,0,0,0,0,0,0,6,0
16,3,9,6,3,2.0,14.264662506490405,0.36792494160309785,0.2086249752459472,14.379869890761215,0.0,0.0,1.0,0,0,0,0,0,0,6,0
17,3,9,6,3,2.0,14.264662506490405,0.36792494160309785,0.2086249752459472,14.379869890761215,0.0,0.0,1.0,0,0,0,0,0,0,6,0
18,3,9,6,3,2.0,14.264662506490405,0.36792494160309785,0.2086249752459472,14.379869890761215,0.0,0.0,1.0,0,0,0,0,0,0,6,0
19,3,9,6,3,2.0,14.264662506490405,0.36792494160309785,0.2086249752459472,14.379869890761215,0.0,0.0,1.0,0,0,0,0,0,0,6,0
20,4,12,8,4,2.0,19.019550008653873,0.5304857579728144,0.6253307652522317,6.396614755371217,0.0,0.0,1.0,1,1,0,0,0,1,8,0
21,5,15,10,5,2.0,23.774437510817343,0.551959086966437,0.704383658716944,7.098404311519166,0.0,0.0,1.0,1,1,0,0,0,1,10,0
22,6,16,10,5,1.6666666666666667,25.359400011538497,0.6037545834564594,0.9218705294347679,6.508506138794584,0.0,0.0,1.0,1,1,0,0,0,0,12,0
23,6,16,10,5,1.6666666666666667,25.359400011538497,0.6037545834564594,0.9218705294347679,6.508506138794584,0.0,0.0,1.0,0,0,0,0,0,0,12,0
24,6,18,12,6,2.0,28.52932501298081,0.6037545834564594,0.9218705294347679,6.508506138794584,0.0,0.0,1.0,0,0,0,0,0,0,12,1
25,8,22,14,7,1.75,34.86917501586544,0.6037545834564594,0.9218705294347679,8.678008185059445,0.0,0.0,1.0,2,2,0,0,0,1,16,0
26,9,25,16,8,1.7777777777777777,39.6240625180289,0.6037545834564594,0.9218705294347679,9.762759208191875,0.0,0.0,1.0,1,1,0,0,0,1,18,0
27,10,28,18,9,1.8,44.37895002019237,0.8343713048006317,2.4331377024019343,4.1099194633038,0.0,0.0,1.0,1,1,0,0,0,1,20,0
28,10,28,18,9,1.8,44.37895002019237,0.8343713048006317,2.4331377024019343,4.1099194633038,0.0,0.0,1.0,0,0,0,0,0,0,20,0
29,10,28,18,9,1.8,44.37895002019237,0.8343713048006317,2.4331377024019343,4.1099194633038,0.0,0.0,1.0,0,0,0,0,0,0,20,0
30,10,28,18,9,1.8,44.37895002019237,0.8343713048006317,2.4331377024019343,4.1099194633038,0.0,0.0,1.0,0,0,0,0,0,0,20,0
31,10,28,18,9,1.8,44.37895002019237,0.8343713048006317,2.4331377024019343,4.1099194633038,0.0,0.0,1.0,0,0,0,0,0,0,20,0
32,10,30,20,10,2.0,47.548875021634686,0.8343713048006317,2.4331377024019343,4.1099194633038,0.0,0.0,1.0,0,0,0,0,0,0,20,1
33,11,31,20,10,1.8181818181818181,49.13383752235584,0.8343713048006317,2.4331377024019343,4.520911409634181,0.0,0.0,1.0,1,1,0,0,0,0,22,0
34,11,31,20,10,1.8181818181818181,49.13383752235584,0.8343713048006317,2.4331377024019343,4.520911409634181,0.0,0.0,1.0,0,0,0,0,0,0,22,0
35,12,34,22,11,1.8333333333333333,53.88872502451931,0.8343713048006317,2.4331377024019343,4.93190335596456,0.0,0.0,1.0,1,1,0,0,0,1,24,0
36,12,36,24,12,2.0,57.05865002596162,0.8343713048006317,2.4331377024019343,4.93190335596456,0.0,0.0,1.0,0,0,0,0,0,0,24,1
37,13,41,28,14,2.1538461538461537,64.98346252956739,0.8343713048006317,2.4331377024019343,5.342895302294941,0.0,0.0,1.0,1,1,0,0,0,1,26,1
38,16,48,32,16,2.0,76.07820003461549,1.5742687916771463,16.342754903581348,0.9790271037163852,0.0,0.0,1.0,3,3,0,0,0,2,32,0
39,16,50,34,17,2.125,79.2481250360578,1.5742687916771463,16.342754903581348,0.9790271037163852,0.0,0.0,1.0,0,0,0,0,0,0,32,1
40,18,54,36,18,2.0,85.58797503894243,1.5742687916771463,16.342754903581348,1.1014054916809335,0.0,0.0,1.0,2,2,0,0,0,1,36,0
41,19,55,36,18,1.894736842105263,87.1729375396636,1.5742687916771463,16.342754903581348,1.1625946856632074,0.0,0.0,1.0,1,1,0,0,0,0,38,0
42,19,55,36,18,1.894736842105263,87.1729375396636,1.5742687916771463,16.342754903581348,1.1625946856632074,0.0,0.0,1.0,0,0,0,0,0,0,38,0
43,20,58,38,19,1.9,91.92782504182705,1.5742687916771463,16.342754903581348,1.2237838796454816,0.0,0.0,1.0,1,1,0,0,0,1,40,0
44,23,65,42,21,1.826086956521739,103.02256254687515,1.5742687916771463,16.342754903581348,1.4073514615923037,0.0,0.0,1.0,3,3,0,0,0,2,46,0
45,26,72,46,23,1.7692307692307692,114.11730005192324,1.5742687916771463,16.342754903581348,1.590919043539126,0.0,0.0,1.0,3,3,0,0,0,2,52,0
46,29,81,52,26,1.793103448275862,128.38196255841365,1.5742687916771463,16.342754903581348,1.7744866254859484,0.0,0.0,1.0,3,3,0,0,0,2,58,1
47,29,83,54,27,1.8620689655172413,131.55188755985597,1.5742687916771463,16.342754903581348,1.7744866254859484,0.0,0.0,1.0,1,0,0,1,0,0,58,1
48,30,84,54,27,1.8,133.1368500605771,1.5742687916771463,16.342754903581348,1.8356758194682223,0.0,0.0,1.0,1,1,0,0,0,0,60,0
49,32,88,56,28,1.75,139.47670006346175,1.5742687916771463,16.342754903581348,1.9580542074327705,0.0,0.0,1.0,3,2,0,1,0,0,64,1
50,35,95,60,30,1.7142857142857142,150.57143756850985,2.0322184566225836,35.15602650597933,0.9955618845049855,0.0,0.0,1.0,3,3,0,0,0,2,70,0
51,35,95,60,30,1.7142857142857142,150.57143756850985,2.0322184566225836,35.15602650597933,0.9955618845049855,0.0,0.0,1.0,0,0,0,0,0,0,70,0
52,38,104,66,33,1.736842105263158,164.83610007500022,2.0322184566225836,35.15602650597933,1.0808957603196985,0.0,0.0,1.0,3,3,0,0,0,2,76,1
53,38,104,66,33,1.736842105263158,164.83610007500022,2.0322184566225836,35.15602650597933,1.0808957603196985,0.0,0.0,1.0,0,0,0,0,0,0,76,0
54,39,107,68,34,1.7435897435897436,169.5909875771637,2.0322184566225836,35.15602650597933,1.1093403855912696,0.0,0.0,1.0,2,1,0,1,0,1,78,0
55,39,107,68,34,1.7435897435897436,169.5909875771637,2.0322184566225836,35.15602650597933,1.1093403855912696,0.0,0.0,1.0,1,0,0,1,0,0,78,0
56,41,115,74,37,1.8048780487804879,182.27068758293296,2.0322184566225836,35.15602650597933,1.1662296361344116,0.0,0.0,1.0,2,2,0,0,0,2,82,1
57,45,125,80,40,1.7777777777777777,198.12031259014452,2.0322184566225836,35.15602650597933,1.2800081372206957,0.0,0.0,1.0,4,4,0,0,0,2,90,1
58,46,128,82,41,1.7826086956521738,202.87520009230798,2.0322184566225836,35.15602650597933,1.3084527624922666,0.0,0.0,1.0,2,1,0,1,0,0,92,1
59,48,132,84,42,1.75,209.2150500951926,2.0322184566225836,35.15602650597933,1.3653420130354088,0.0,0.0,1.0,3,2,0,1,0,1,96,0
60,52,144,92,46,1.7692307692307692,228.23460010384647,2.0322184566225836,35.15602650597933,1.4791205141216928,0.0,0.0,1.0,5,4,0,1,0,3,104,1
61,59,159,100,50,1.694915254237288,252.0090376146638,2.0322184566225836,35.15602650597933,1.6782328910226898,0.0,0.0,1.0,8,7,0,1,0,2,118,2
62,60,166,106,53,1.7666666666666666,263.10377511971194,2.0322184566225836,35.15602650597933,1.706677516294261,0.0,0.0,1.0,2,1,0,1,0,0,120,3
63,62,174,112,56,1.8064516129032258,275.7834751254812,2.0322184566225836,35.15602650597933,1.7635667668374029,0.0,0.0,1.0,3,2,0,1,0,2,124,1
64,66,182,116,58,1.7575757575757576,288.4631751312504,2.0322184566225836,35.15602650597933,1.877345267923687,0.0,0.0,1.0,5,4,0,1,0,2,132,0
65,67,189,122,61,1.8208955223880596,299.5579126362985,2.0322184566225836,35.15602650597933,1.905789893195258,0.0,0.0,1.0,2,1,0,1,0,1,134,2
66,70,204,134,67,1.9142857142857144,323.33235014711585,2.0322184566225836,35.15602650597933,1.991123769009971,0.0,0.0,1.0,4,3,0,1,0,2,140,4
67,76,218,142,71,1.868421052631579,345.521825157212,2.0322184566225836,35.15602650597933,2.161791520639397,0.0,0.0,1.0,6,6,0,0,0,3,152,1
68,83,233,150,75,1.8072289156626506,369.2962626680294,2.037000348712445,35.404781569493444,2.344316115524831,0.0,0.0,1.0,9,7,0,2,0,3,166,1
69,89,249,160,80,1.797752808988764,394.65566267956785,2.163053662860405,42.39264273024993,2.099420896364469,0.0,0.0,1.0,7,6,0,1,0,2,178,3
70,91,265,174,87,1.9120879120879122,420.0150626911064,2.415835497031246,59.05962487080701,1.5408157467823846,0.0,0.0,1.0,2,2,0,0,0,2,182,5
71,95,281,186,93,1.9578947368421054,445.3744627026449,2.415835497031246,59.05962487080701,1.6085439114761158,0.0,0.0,1.0,7,4,0,3,0,2,190,4
72,100,294,194,97,1.94,465.9789752120199,2.415835497031246,59.05962487080701,1.6932041173432797,0.0,0.0,1.0,6,5,0,1,0,3,200,1
73,107,311,204,102,1.9065420560747663,492.9233377242796,2.415835497031246,59.05962487080701,1.8117284055573093,0.0,0.0,1.0,10,7,0,3,0,4,214,1
74,112,322,210,105,1.875,510.3579252322122,2.415835497031246,59.05962487080701,1.8963886114244732,0.0,0.0,1.0,10,5,0,5,0,2,224,1
75,121,339,218,109,1.8016528925619835,537.3022877444719,2.415835497031246,59.05962487080701,2.0487769819853683,0.0,0.0,1.0,11,9,0,2,0,3,242,1
76,127,347,220,110,1.7322834645669292,549.9819877502412,2.415835497031246,59.05962487080701,2.1503692290259653,0.0,0.0,1.0,9,6,0,3,0,1,254,0
77,137,369,232,116,1.6934306569343065,584.8511627661065,2.415835497031246,59.05962487080701,2.319689640760293,0.0,0.0,1.0,11,10,0,1,0,5,274,1
78,146,394,248,124,1.6986301369863013,624.4752252841355,2.415835497031246,59.05962487080701,2.472078011321188,0.0,0.0,1.0,11,9,0,2,0,3,292,5
79,156,416,260,130,1.6666666666666667,659.344400300001,2.415835497031246,59.05962487080701,2.6413984230555165,0.0,0.0,1.0,11,10,0,1,0,5,312,1
80,163,431,268,134,1.6441717791411044,683.1188378108183,2.415835497031246,59.05962487080701,2.759922711269546,0.0,0.0,1.0,10,7,0,3,0,1,326,3
81,175,465,290,145,1.6571428571428573,737.0075628353376,2.415835497031246,59.05962487080701,2.9631072053507395,0.0,0.0,1.0,16,12,0,4,0,9,350,2
82,179,479,300,150,1.675977653631285,759.1970378454338,2.415835497031246,59.05962487080701,3.030835370044471,0.0,0.0,1.0,9,4,0,5,0,0,358,5
83,192,514,322,161,1.6770833333333333,814.6707253706743,2.415835497031246,59.05962487080701,3.250951905299097,0.0,0.0,1.0,17,13,0,4,0,7,384,4
84,202,546,344,172,1.702970297029703,865.3895253937512,2.415835497031246,59.05962487080701,3.420272317033425,0.0,0.0,1.0,14,10,0,4,0,5,404,6
85,217,579,362,181,1.6682027649769586,917.6932879175495,2.415835497031246,59.05962487080701,3.674252934634917,0.0,0.0,1.0,19,15,0,4,0,7,434,2
86,222,590,368,184,1.6576576576576576,935.1278754254821,2.415835497031246,59.05962487080701,3.758913140502081,0.0,0.0,1.0,9,5,0,4,0,1,444,2
87,228,610,382,191,1.6754385964912282,966.8271254399053,2.415835497031246,59.05962487080701,3.860505387542678,0.0,0.0,1.0,10,6,0,4,0,4,456,3
88,239,641,402,201,1.6820083682008369,1015.9609629622611,2.415835497031246,59.05962487080701,4.0467578404504385,0.0,0.0,1.0,19,11,0,8,0,5,478,5
89,254,666,412,206,1.6220472440944882,1055.58502548029,2.415835497031246,59.05962487080701,4.300738458051931,0.0,0.0,1.0,26,15,0,11,0,4,500,1
90,264,692,428,214,1.621212121212121,1096.79405049904,2.415835497031246,59.05962487080701,4.470058869786259,0.0,0.0,1.0,17,10,0,7,0,2,500,6
91,274,726,452,226,1.6496350364963503,1150.6827755235593,2.415835497031246,59.05962487080701,4.639379281520586,0.0,0.0,1.0,14,10,0,4,0,5,500,7
92,288,756,468,234,1.625,1198.231650545194,2.415835497031246,59.05962487080701,4.876427857948646,0.0,0.0,1.0,21,14,0,7,0,3,500,5
93,301,795,494,247,1.6411960132890366,1260.045188073319,2.415835497031246,59.05962487080701,5.096544393203272,0.0,0.0,1.0,20,13,0,7,0,8,500,5
94,309,835,526,263,1.7022653721682848,1323.4436881021654,2.415835497031246,59.05962487080701,5.232000722590734,0.0,0.0,1.0,15,8,0,7,0,5,500,11
95,319,859,540,270,1.6927899686520376,1361.482788119473,2.415835497031246,59.05962487080701,5.4013211343250624,0.0,0.0,1.0,19,10,0,9,0,5,500,2
96,332,890,558,279,1.680722891566265,1410.6166256418287,2.415835497031246,59.05962487080701,5.621437669579689,0.0,0.0,1.0,18,13,0,5,0,6,500,3
97,345,925,580,290,1.681159420289855,1466.0903131670693,2.543296959568638,68.9096153231391,5.006558205007897,0.0,0.0,1.0,18,13,0,5,0,7,500,4
98,359,955,596,298,1.66016713091922,1513.6391881887039,2.543296959568638,68.9096153231391,5.209722885790826,0.0,0.0,1.0,21,14,0,7,0,4,500,4
99,372,996,624,312,1.6774193548387097,1578.6226507182714,2.543296959568638,68.9096153231391,5.398375803660689,0.0,0.0,1.0,23,13,0,10,0,7,500,7
100,378,1018,640,320,1.693121693121693,1613.491825734137,2.543296959568638,68.9096153231391,5.485446381139087,0.0,0.0,1.0,18,6,0,12,0,4,500,4
101,393,1051,658,329,1.6743002544529262,1665.795588257935,2.543296959568638,68.9096153231391,5.7031228248350825,0.0,0.0,1.0,36,15,0,21,0,4,500,5
102,406,1080,674,337,1.6600985221674878,1711.7595007788486,2.543296959568638,68.9096153231391,5.8917757427049455,0.0,0.0,1.0,29,13,0,16,0,4,500,4
103,425,1139,714,357,1.68,1805.272288321397,2.543296959568638,68.9096153231391,6.167499238053207,0.0,0.0,1.0,30,19,0,11,0,12,500,8
104,436,1170,734,367,1.68348623853211,1854.4061258437528,2.543296959568638,68.9096153231391,6.3271286300969365,0.0,0.0,1.0,24,11,0,13,0,7,500,3
105,451,1205,754,377,1.671840354767184,1909.879813368993,2.543296959568638,68.9096153231391,6.544805073792932,0.0,0.0,1.0,33,15,0,18,0,5,500,5
106,470,1248,778,389,1.6553191489361703,1978.0332009000028,2.733310940820807,85.5373376140782,5.494676513320013,0.0,0.0,1.0,33,19,0,14,0,8,500,4
107,493,1307,814,407,1.6511156186612577,2071.545988442551,2.741141973754979,86.27464853885975,5.714308992843284,0.0,0.0,1.0,34,23,0,11,0,13,500,5
108,505,1341,836,418,1.6554455445544554,2125.43471346707,2.741141973754979,86.27464853885975,5.853399678267461,0.0,0.0,1.0,26,12,0,14,0,4,500,7
109,525,1391,866,433,1.6495238095238096,2204.682838503128,2.741141973754979,86.27464853885975,6.085217487307757,0.0,0.0,1.0,38,20,0,18,0,10,500,5
110,539,1417,878,439,1.6289424860853432,2245.8918635218783,2.741141973754979,86.27464853885975,6.247489953635964,0.0,0.0,1.0,36,14,0,22,0,6,500,0
111,548,1446,898,449,1.6386861313868613,2291.8557760427916,2.741141973754979,86.27464853885975,6.351807967704097,0.0,0.0,1.0,34,9,0,25,0,6,500,4
112,570,1500,930,465,1.631578947368421,2377.4437510817343,2.741141973754979,86.27464853885975,6.606807557648422,0.0,0.0,1.0,36,22,0,14,0,11,500,5
113,590,1554,964,482,1.6338983050847458,2463.0317261206765,2.741141973754979,86.27464853885975,6.838625366688718,0.0,0.0,1.0,42,20,0,22,0,12,500,5
114,604,1592,988,494,1.6357615894039734,2523.2603011480805,2.741141973754979,86.27464853885975,7.000897833016925,0.0,0.0,1.0,35,14,0,21,0,9,500,3
115,623,1637,1014,507,1.6276083467094704,2594.5836136805324,2.741141973754979,86.27464853885975,7.221124751605205,0.0,0.0,1.0,45,19,0,26,0,10,500,3
116,641,1693,1052,526,1.641185647425897,2683.341513720917,2.9696538843450258,109.6998702598765,5.843215661800561,0.0,0.0,1.0,36,18,0,18,0,12,500,7
117,651,1719,1068,534,1.640552995391705,2724.550538739667,2.9696538843450258,109.6998702598765,5.934373472437075,0.0,0.0,1.0,38,10,0,28,0,6,500,2
118,672,1766,1094,547,1.6279761904761905,2799.043776273562,2.9696538843450258,109.6998702598765,6.125804874773755,0.0,0.0,1.0,45,21,0,24,0,12,500,1
119,692,1818,1126,563,1.6271676300578035,2881.4618263110615,2.9696538843450258,109.6998702598765,6.308120496046784,0.0,0.0,1.0,40,20,0,20,0,11,500,5
120,709,1857,1148,574,1.619181946403385,2943.275363839187,2.9696538843450258,109.6998702598765,6.463088774128858,0.0,0.0,1.0,44,17,0,27,0,6,500,5
121,730,1912,1182,591,1.6191780821917807,3030.4483013788504,2.9696538843450258,109.6998702598765,6.654520176465538,0.0,0.0,1.0,53,21,0,32,0,13,500,4
122,747,1965,1218,609,1.6305220883534137,3114.4513139170717,2.9696538843450258,109.6998702598765,6.809488454547612,0.0,0.0,1.0,38,17,0,21,0,14,500,4
123,766,2002,1236,618,1.6135770234986946,3173.0949264437545,2.9696538843450258,109.6998702598765,6.982688294756989,0.0,0.0,1.0,45,19,0,26,0,6,500,3
124,790,2074,1284,642,1.6253164556962025,3287.212226495678,2.9696538843450258,109.6998702598765,7.201467040284623,0.0,0.0,1.0,58,24,0,34,0,18,500,6
125,815,2123,1308,654,1.6049079754601228,3364.8753890310145,2.9696538843450258,109.6998702598765,7.429361566875909,0.0,0.0,1.0,50,25,0,25,0,10,500,2
126,842,2194,1352,676,1.6057007125890737,3477.4077265822166,2.9696538843450258,109.6998702598765,7.675487655594497,0.0,0.0,1.0,56,27,0,29,0,18,500,4
127,870,2256,1386,693,1.5931034482758621,3575.6754016269283,2.9696538843450258,109.6998702598765,7.930729525376737,0.0,0.0,1.0,54,28,0,26,0,14,500,3
128,898,2328,1430,715,1.5924276169265033,3689.7927016788512,2.9696538843450258,109.6998702598765,8.185971395158976,0.0,0.0,1.0,57,28,0,29,0,18,500,4
129,921,2385,1464,732,1.5895765472312704,3780.135564219957,2.9696538843450258,109.6998702598765,8.39563435962296,0.0,0.0,1.0,68,23,0,45,0,15,500,2
130,944,2450,1506,753,1.5953389830508475,3883.1581267668325,2.9696538843450258,109.6998702598765,8.605297324086942,0.0,0.0,1.0,59,23,0,36,0,15,500,6
131,970,2528,1558,779,1.6061855670103093,4006.7852018230824,2.9696538843450258,109.6998702598765,8.842307631741878,0.0,0.0,1.0,64,26,0,38,0,21,500,5
132,989,2575,1586,793,1.6036400404448938,4081.2784393569773,2.9696538843450258,109.6998702598765,9.015507471951256,0.0,0.0,1.0,64,19,0,45,0,10,500,4
133,1015,2645,1630,815,1.6059113300492611,4192.2258144074585,3.017277775457594,115.06268149859973,8.821278861055852,0.0,0.0,1.0,68,26,0,42,0,17,500,5
134,1043,2705,1662,831,1.5934803451581976,4287.323564450728,3.017277775457594,115.06268149859973,9.064624484809116,0.0,0.0,1.0,63,28,0,35,0,14,500,2
135,1066,2762,1696,848,1.5909943714821764,4377.666426991833,3.211459028749565,138.73810763306687,7.683541445003314,0.0,0.0,1.0,72,23,0,49,0,15,500,2
136,1091,2823,1732,866,1.5875343721356554,4474.349139535823,3.211459028749565,138.73810763306687,7.863737069886131,0.0,0.0,1.0,64,25,0,39,0,17,500,1
137,1119,2889,1770,885,1.581769436997319,4578.95666458342,3.211459028749565,138.73810763306687,8.065556169754887,0.0,0.0,1.0,67,28,0,39,0,17,500,2
138,1152,2962,1810,905,1.5711805555555556,4694.658927136064,3.211459028749565,138.73810763306687,8.303414394600205,0.0,0.0,1.0,90,33,0,57,0,17,500,3
139,1191,3057,1866,933,1.566750629722922,4845.230364704574,3.211459028749565,138.73810763306687,8.584519569417399,0.0,0.0,1.0,79,39,0,40,0,24,500,4
140,1216,3120,1904,952,1.5657894736842106,4945.083002250007,3.211459028749565,138.73810763306687,8.764715194300216,0.0,0.0,1.0,63,25,0,38,0,18,500,1
141,1247,3199,1952,976,1.5653568564554932,5070.295039806978,3.211459028749565,138.73810763306687,8.98815776915491,0.0,0.0,1.0,76,31,0,45,0,21,500,3
142,1276,3258,1982,991,1.5532915360501567,5163.807827349527,3.211459028749565,138.73810763306687,9.197184694018977,0.0,0.0,1.0,79,29,0,50,0,12,500,3
143,1307,3327,2020,1010,1.5455241009946443,5273.170239899286,3.211459028749565,138.73810763306687,9.42062726887367,0.0,0.0,1.0,75,31,0,44,0,18,500,1
144,1332,3388,2056,1028,1.5435435435435436,5369.852952443276,3.211459028749565,138.73810763306687,9.600822893756487,0.0,0.0,1.0,60,25,0,35,0,14,500,4
145,1355,3441,2086,1043,1.5394833948339484,5453.855964981498,3.211459028749565,138.73810763306687,9.766602868648677,0.0,0.0,1.0,79,23,0,56,0,11,500,4
146,1385,3519,2134,1067,1.5407942238267147,5577.483040037749,3.271775725523129,146.70306484341756,9.440838890982063,0.0,0.0,1.0,85,30,0,55,0,21,500,3
147,1411,3579,2168,1084,1.5364989369241673,5672.580790081018,3.271775725523129,146.70306484341756,9.618067635505914,0.0,0.0,1.0,60,26,0,34,0,15,500,2
148,1445,3667,2222,1111,1.5377162629757786,5812.05749014448,3.271775725523129,146.70306484341756,9.84982830142172,0.0,0.0,1.0,79,34,0,45,0,21,500,6
149,1486,3760,2274,1137,1.5302826379542396,5959.459002711546,3.271775725523129,146.70306484341756,10.129304398555485,0.0,0.0,1.0,92,41,0,51,0,24,500,2
150,1525,3845,2320,1160,1.521311475409836,6094.180815272845,3.286534928660868,148.69739696857795,10.255727612516687,0.0,0.0,1.0,116,39,0,77,0,22,500,1
151,1551,3911,2360,1180,1.521598968407479,6198.788340320441,3.286534928660868,148.69739696857795,10.430579361975989,0.0,0.0,1.0,88,26,0,62,0,18,500,2
152,1584,3990,2406,1203,1.518939393939394,6324.000377877413,3.286534928660868,148.69739696857795,10.652506582443563,0.0,0.0,1.0,87,33,0,54,0,18,500,5
153,1620,4074,2454,1227,1.5148148148148148,6457.13722793799,3.4368428372748756,170.04647271742735,9.526807431589688,0.0,0.0,1.0,110,36,0,74,0,22,500,2
154,1651,4149,2498,1249,1.513022410660206,6576.009415492077,3.6721225578379046,207.41497649278313,7.959888084829041,0.0,0.0,1.0,93,31,0,62,0,21,500,1
155,1679,4209,2530,1265,1.5068493150684932,6671.107165535346,3.6721225578379046,207.41497649278313,8.09488315834522,0.0,0.0,1.0,77,28,0,49,0,14,500,2
156,1721,4307,2586,1293,1.5026147588611272,6826.433490606019,3.6721225578379046,207.41497649278313,8.29737576861949,0.0,0.0,1.0,94,42,0,52,0,24,500,4
157,1743,4375,2632,1316,1.5100401606425702,6934.210940655057,3.6721225578379046,207.41497649278313,8.403443326382204,0.0,0.0,1.0,93,22,0,71,0,16,500,7
158,1786,4478,2692,1346,1.5072788353863382,7097.462078229337,3.6721225578379046,207.41497649278313,8.610757189282051,0.0,0.0,1.0,100,43,0,57,0,29,500,1
159,1837,4593,2756,1378,1.5002721829069134,7279.7327658122695,3.6721225578379046,207.41497649278313,8.856641073186521,0.0,0.0,1.0,121,51,0,70,0,30,500,2
160,1873,4687,2814,1407,1.5024025627335824,7428.719240880058,3.6721225578379046,207.41497649278313,9.030206167707325,0.0,0.0,1.0,98,36,0,62,0,26,500,3
161,1920,4806,2886,1443,1.503125,7617.329778465876,3.6721225578379046,207.41497649278313,9.256805041109484,0.0,0.0,1.0,112,47,0,65,0,33,500,3
162,1952,4882,2930,1465,1.5010245901639345,7737.786928520683,3.6721225578379046,207.41497649278313,9.411085125127975,0.0,0.0,1.0,113,32,0,81,0,22,500,0
163,1995,4985,2990,1495,1.4987468671679198,7901.038066094963,3.6721225578379046,207.41497649278313,9.618398988027824,0.0,0.0,1.0,105,43,0,62,0,27,500,3
164,2043,5093,3050,1525,1.49290259422418,8072.2140161728485,3.7633317272399327,223.2575296132443,9.150867178093165,0.0,0.0,1.0,127,48,0,79,0,28,500,2
165,2089,5203,3114,1557,1.4906653901388225,8246.559891252175,3.7633317272399327,223.2575296132443,9.356907261398248,0.0,0.0,1.0,124,46,0,78,0,30,500,2
166,2149,5341,3192,1596,1.485342019543974,8465.284716351694,3.7965703673095916,229.22552199567428,9.375046815426398,0.0,0.0,1.0,135,60,0,75,0,39,500,0
167,2191,5437,3246,1623,1.481515289821999,8617.441116420927,3.7965703673095916,229.22552199567428,9.558272486086198,0.0,0.0,1.0,133,42,0,91,0,24,500,3
168,2232,5534,3302,1651,1.4793906810035842,8771.182478990879,3.7965703673095916,229.22552199567428,9.737135640777906,0.0,0.0,1.0,112,41,0,71,0,24,500,4
169,2278,5646,3368,1684,1.4784899034240562,8948.698279071647,3.7965703673095916,229.22552199567428,9.937811375310067,0.0,0.0,1.0,146,46,0,100,0,30,500,3
170,2330,5760,3430,1715,1.4721030042918455,9129.384004153859,3.7965703673095916,229.22552199567428,10.164662205650771,0.0,0.0,1.0,137,52,0,85,0,29,500,2
171,2380,5880,3500,1750,1.4705882352941178,9319.579504240399,3.7965703673095916,229.22552199567428,10.382788004055294,0.0,0.0,1.0,140,50,0,90,0,33,500,2
172,2432,5998,3566,1783,1.466282894736842,9506.605079325494,3.9568721854190874,259.50436967969694,9.371711170034585,0.0,0.0,1.0,150,52,0,98,0,32,500,1
173,2491,6115,3624,1812,1.4548374146928944,9692.045691909869,3.9568721854190874,259.50436967969694,9.599067649899734,0.0,0.0,1.0,164,59,0,105,0,28,500,1
174,2540,6228,3688,1844,1.4519685039370078,9871.14645449136,3.9568721854190874,259.50436967969694,9.787889133177568,0.0,0.0,1.0,127,49,0,78,0,29,500,3
175,2592,6346,3754,1877,1.4483024691358024,10058.172029576457,3.9568721854190874,259.50436967969694,9.988271115431598,0.0,0.0,1.0,144,52,0,92,0,31,500,2
176,2651,6483,3832,1916,1.4454922670690304,10275.311892175254,3.9568721854190874,259.50436967969694,10.215627595296745,0.0,0.0,1.0,176,59,0,117,0,37,500,2
177,2700,6578,3878,1939,1.4362962962962964,10425.883329743763,3.9568721854190874,259.50436967969694,10.40444907857458,0.0,0.0,1.0,158,49,0,109,0,21,500,2
178,2750,6688,3938,1969,1.432,10600.229204823092,3.9568721854190874,259.50436967969694,10.597124061511147,0.0,0.0,1.0,161,50,0,111,0,27,500,3
179,2801,6811,4010,2005,1.4316315601570868,10795.179592411794,3.9568721854190874,259.50436967969694,10.793652544106443,0.0,0.0,1.0,141,51,0,90,0,35,500,1
180,2855,6921,4066,2033,1.4241681260945709,10969.525467491121,3.9568721854190874,259.50436967969694,11.001741525677936,0.0,0.0,1.0,143,54,0,89,0,28,500,0
181,2908,7038,4130,2065,1.420220082530949,11154.966080075497,3.9568721854190874,259.50436967969694,11.205977007590697,0.0,0.0,1.0,142,53,0,89,0,30,500,2
182,2959,7151,4192,2096,1.4166948293342345,11334.066842656986,3.9568721854190874,259.50436967969694,11.402505490185993,0.0,0.0,1.0,167,51,0,116,0,28,500,3
183,3001,7249,4248,2124,1.4155281572809064,11489.39316772766,3.9568721854190874,259.50436967969694,11.56435247585271,0.0,0.0,1.0,152,42,0,110,0,26,500,2
184,3043,7347,4304,2152,1.4143936904370686,11644.719492798333,3.9568721854190874,259.50436967969694,11.726199461519425,0.0,0.0,1.0,152,42,0,110,0,27,500,1
185,3109,7505,4396,2198,1.413959472499196,11895.143567912277,3.9568721854190874,259.50436967969694,11.980530438995693,0.0,0.0,1.0,188,66,0,122,0,44,500,2
186,3161,7625,4464,2232,1.4122113255298956,12085.339067998815,3.9568721854190874,259.50436967969694,12.18091242124972,0.0,0.0,1.0,173,52,0,121,0,32,500,2
187,3205,7741,4536,2268,1.4152886115444618,12269.194718082468,3.9568721854190874,259.50436967969694,12.350466406233899,0.0,0.0,1.0,157,44,0,113,0,31,500,5
188,3283,7925,4642,2321,1.4139506548888212,12560.827818215163,4.0153280866077345,271.1762927526449,12.106515531557209,0.0,0.0,1.0,191,78,0,113,0,53,500,0
189,3349,8083,4734,2367,1.4135562854583459,12811.251893329105,4.0153280866077345,271.1762927526449,12.34989963910603,0.0,0.0,1.0,181,66,0,115,0,43,500,3
190,3389,8183,4794,2397,1.4145765712599587,12969.74814340122,4.0153280866077345,271.1762927526449,12.497405158832587,0.0,0.0,1.0,162,40,0,122,0,26,500,4
191,3445,8319,4874,2437,1.4148040638606676,13185.303043499298,4.0153280866077345,271.1762927526449,12.703912886449768,0.0,0.0,1.0,186,56,0,130,0,39,500,1
192,3527,8493,4966,2483,1.4079954635667706,13461.08651862478,4.0153280866077345,271.1762927526449,13.00629920188921,0.0,0.0,1.0,207,82,0,125,0,45,500,1
193,3595,8653,5058,2529,1.4069541029207233,13714.680518740162,4.0153280866077345,271.1762927526449,13.257058585424359,0.0,0.0,1.0,180,68,0,112,0,43,500,3
194,3664,8814,5150,2575,1.4055676855895196,13969.85948135627,4.0153280866077345,271.1762927526449,13.511505606952669,0.0,0.0,1.0,219,69,0,150,0,45,500,1
195,3741,8991,5250,2625,1.4033680834001603,14250.397843983914,4.0153280866077345,271.1762927526449,13.795453732426292,0.0,0.0,1.0,205,77,0,128,0,48,500,2
196,3806,9154,5348,2674,1.4051497635312664,14508.746731601463,4.039912574818474,276.187812351035,13.780477739410781,0.0,0.0,1.0,207,65,0,142,0,48,500,1
197,3864,9294,5430,2715,1.40527950310559,14730.641481702425,4.039912574818474,276.187812351035,13.990479764866857,0.0,0.0,1.0,186,58,0,128,0,38,500,3
198,3940,9470,5530,2765,1.4035532994923858,15009.594881829347,4.039912574818474,276.187812351035,14.265654832705854,0.0,0.0,1.0,239,76,0,163,0,47,500,3
199,4015,9635,5620,2810,1.3997509339975094,15271.113694448337,4.039912574818474,276.187812351035,14.537209175968021,0.0,0.0,1.0,209,75,0,134,0,44,500,1
200,4093,9805,5712,2856,1.3955533838260445,15540.557319570935,4.039912574818474,276.187812351035,14.819625692960674,0.0,0.0,1.0,226,78,0,148,0,43,500,3
201,4166,9980,5814,2907,1.3955832933269323,15817.92575719714,4.162419101312512,302.08282003169955,13.790919985329964,0.0,0.0,1.0,231,73,0,158,0,50,500,1
202,4253,10181,5928,2964,1.3938396426052198,16136.503219842092,4.162419101312512,302.08282003169955,14.078920474701953,0.0,0.0,1.0,226,87,0,139,0,57,500,0
203,4327,10365,6038,3019,1.395424081349665,16428.136319974783,4.308690491245039,335.0614812608694,12.914047844941985,0.0,0.0,1.0,245,74,0,171,0,53,500,2
204,4410,10550,6140,3070,1.3922902494331066,16721.354382608195,4.411754823103698,359.68532300815554,12.260717126620168,0.0,0.0,1.0,245,83,0,162,0,50,500,1
205,4475,10713,6238,3119,1.3939664804469274,16979.703270225746,4.411754823103698,359.68532300815554,12.441430644359468,0.0,0.0,1.0,237,65,0,172,0,48,500,1
206,4569,10933,6364,3182,1.3928649595097395,17328.3950203844,4.70861591327115,437.2888535865429,10.448471216510802,0.0,0.0,1.0,232,94,0,138,0,62,500,1
207,4646,11106,6460,3230,1.3904433921653034,17602.59353300916,4.70861591327115,437.2888535865429,10.6245561987107,0.0,0.0,1.0,234,77,0,157,0,48,500,0
208,4736,11330,6594,3297,1.3923141891891893,17957.6251331707,4.70861591327115,437.2888535865429,10.830369814269021,0.0,0.0,1.0,252,90,0,162,0,65,500,2
209,4828,11532,6704,3352,1.3885666942833472,18277.787558316373,4.70861591327115,437.2888535865429,11.04075706572864,0.0,0.0,1.0,274,92,0,182,0,53,500,2
210,4927,11761,6834,3417,1.387050943779176,18640.743970981515,4.715130024554349,439.10626082569553,11.220518675218312,0.0,0.0,1.0,286,99,0,187,0,65,500,0
211,5008,11954,6946,3473,1.3869808306709266,18946.6417336207,4.802585685685261,463.9957211298118,10.793202979988074,0.0,0.0,1.0,251,81,0,170,0,55,500,1
212,5083,12119,7036,3518,1.3842219161912257,19208.16054623969,4.802585685685261,463.9957211298118,10.954842401613295,0.0,0.0,1.0,247,75,0,172,0,45,500,0
213,5181,12345,7164,3582,1.3827446438911406,19566.36207140267,4.802585685685261,463.9957211298118,11.16605124587025,0.0,0.0,1.0,301,98,0,203,0,64,500,0
214,5268,12562,7294,3647,1.3845861807137434,19910.298934059163,4.802585685685261,463.9957211298118,11.353552974955505,0.0,0.0,1.0,279,87,0,192,0,64,500,1
215,5363,12777,7414,3707,1.3824352041767667,20251.06587171421,4.802585685685261,463.9957211298118,11.558296242347453,0.0,0.0,1.0,299,95,0,204,0,58,500,2
216,5472,13016,7544,3772,1.378654970760234,20629.871909386566,4.802585685685261,463.9957211298118,11.793212201776107,0.0,0.0,1.0,299,109,0,190,0,63,500,2
217,5568,13224,7656,3828,1.375,20959.544109536568,4.802585685685261,463.9957211298118,12.00011066145639,0.0,0.0,1.0,310,96,0,214,0,54,500,2
218,5664,13458,7794,3897,1.3760593220338984,21330.425334705316,4.802585685685261,463.9957211298118,12.207009121136672,0.0,0.0,1.0,317,96,0,221,0,67,500,2
219,5761,13681,7920,3960,1.374761326158653,21683.871972366134,4.802585685685261,463.9957211298118,12.41606277310529,0.0,0.0,1.0,323,97,0,226,0,61,500,2
220,5849,13879,8030,4015,1.3728842537185844,21997.694547508923,4.802585685685261,463.9957211298118,12.605719694478884,0.0,0.0,1.0,302,88,0,214,0,54,500,1
221,5955,14123,8168,4084,1.3716204869857263,22384.425397684885,4.802585685685261,463.9957211298118,12.834170077042529,0.0,0.0,1.0,340,106,0,234,0,68,500,1
222,6056,14342,8286,4143,1.3682298546895642,22731.532185342818,4.802585685685261,463.9957211298118,13.051844498164492,0.0,0.0,1.0,299,101,0,198,0,57,500,2
223,6168,14602,8434,4217,1.3673800259403373,23143.62243553032,4.802585685685261,463.9957211298118,13.293226034458156,0.0,0.0,1.0,351,112,0,239,0,74,500,0
224,6265,14819,8554,4277,1.3653631284916201,23487.55929818681,4.802585685685261,463.9957211298118,13.502279686426775,0.0,0.0,1.0,317,97,0,220,0,60,500,0
225,6380,15084,8704,4352,1.3642633228840126,23907.574360877916,4.945732000735376,506.7343521604349,12.590423311147566,0.0,0.0,1.0,335,115,0,220,0,70,500,5
226,6499,15325,8826,4413,1.3580550853977535,24289.550323551717,4.945732000735376,506.7343521604349,12.82526036036803,0.0,0.0,1.0,348,119,0,229,0,61,500,0
227,6598,15572,8974,4487,1.3601091239769627,24681.036061229843,4.945732000735376,506.7343521604349,13.020628997954804,0.0,0.0,1.0,363,99,0,264,0,74,500,0
228,6724,15852,9128,4564,1.357525282569899,25124.825561431768,4.945732000735376,506.7343521604349,13.269279991247059,0.0,0.0,1.0,360,126,0,234,0,77,500,0
229,6851,16115,9264,4632,1.3522113560064224,25541.67069912143,4.945732000735376,506.7343521604349,13.519904405121,0.0,0.0,1.0,377,127,0,250,0,68,500,0
230,6965,16393,9428,4714,1.3536252692031587,25982.29027432191,4.945732000735376,506.7343521604349,13.74487435143304,0.0,0.0,1.0,355,114,0,241,0,80,500,2
231,7095,16687,9592,4796,1.3519379844961241,26448.269249533932,4.945732000735376,506.7343521604349,14.001419027052036,0.0,0.0,1.0,388,130,0,258,0,82,500,0
232,7228,16990,9762,4881,1.3505810736026564,26928.512887252444,5.103525300107097,556.800255035548,12.981315893144732,0.0,0.0,1.0,408,133,0,275,0,85,500,0
233,7371,17325,9954,4977,1.3504273504273505,27459.47532499403,5.103525300107097,556.800255035548,13.238140488152991,0.0,0.0,1.0,407,143,0,264,0,95,500,1
234,7492,17622,10130,5065,1.3521089161772557,27930.209187708213,5.103525300107097,556.800255035548,13.455453607006133,0.0,0.0,1.0,428,121,0,307,0,85,500,3
235,7610,17884,10274,5137,1.350065703022339,28345.469362897154,5.103525300107097,556.800255035548,13.667378797292669,0.0,0.0,1.0,359,118,0,241,0,70,500,2
236,7736,18190,10454,5227,1.3513443640124094,28830.467888117826,5.103525300107097,556.800255035548,13.893671797090155,0.0,0.0,1.0,387,126,0,261,0,89,500,1
237,7857,18471,10614,5307,1.3508972890416189,29275.842350820472,5.103525300107097,556.800255035548,14.110984915943298,0.0,0.0,1.0,403,121,0,282,0,80,500,0
238,7991,18779,10788,5394,1.3500187711175071,29764.01080104259,5.103525300107097,556.800255035548,14.351645725251737,0.0,0.0,1.0,420,134,0,286,0,85,500,2
239,8129,19105,10976,5488,1.3502275802681756,30280.708576277684,5.586220886568048,730.2018386202712,11.132538388782866,0.0,0.0,1.0,432,138,0,294,0,93,500,1
240,8270,19432,11162,5581,1.3496977025392987,30798.991314013507,5.586220886568048,730.2018386202712,11.32563568399979,0.0,0.0,1.0,470,141,0,329,0,92,500,1
241,8410,19752,11342,5671,1.3486325802615933,31306.179314244273,5.586220886568048,730.2018386202712,11.517363494853475,0.0,0.0,1.0,481,140,0,341,0,90,500,0
242,8552,20066,11514,5757,1.3463517305893358,31803.857539470715,5.586220886568048,730.2018386202712,11.71183027443364,0.0,0.0,1.0,452,142,0,310,0,84,500,2
243,8681,20371,11690,5845,1.346619053104481,32287.27110219067,5.586220886568048,730.2018386202712,11.888493757291679,0.0,0.0,1.0,463,129,0,334,0,87,500,1
244,8823,20687,11864,5932,1.344667346707469,32788.11925241855,5.586220886568048,730.2018386202712,12.082960536871843,0.0,0.0,1.0,455,142,0,313,0,87,500,0
245,8960,21006,12046,6023,1.3444196428571429,33293.72229014861,5.586220886568048,730.2018386202712,12.270579894635807,0.0,0.0,1.0,449,137,0,312,0,89,500,2
246,9101,21329,12228,6114,1.3435886166355346,33805.665177881536,5.586220886568048,730.2018386202712,12.463677189852731,0.0,0.0,1.0,473,141,0,332,0,90,500,1
247,9252,21670,12418,6209,1.3421962818849977,34346.13739062745,5.586220886568048,730.2018386202712,12.670469328702062,0.0,0.0,1.0,506,151,0,355,0,93,500,2
248,9416,22054,12638,6319,1.3421835174171624,34954.762990904375,5.586220886568048,730.2018386202712,12.895064764273522,0.0,0.0,1.0,516,164,0,352,0,109,500,1
249,9577,22431,12854,6427,1.3421739584421009,35552.29385367625,5.586220886568048,730.2018386202712,13.115551746755258,0.0,0.0,1.0,494,161,0,333,0,107,500,1
250,9730,22766,13036,6518,1.3397738951695786,36083.25629141784,5.738557626857082,791.5837147995493,12.29181426813954,0.0,0.0,1.0,542,153,0,389,0,91,500,0
251,9869,23099,13230,6615,1.3405613537339143,36611.04880415798,5.738557626857082,791.5837147995493,12.467411614827247,0.0,0.0,1.0,510,139,0,371,0,95,500,2
252,10019,23433,13414,6707,1.3388561732707855,37140.426279398846,5.738557626857082,791.5837147995493,12.656905154418299,0.0,0.0,1.0,499,150,0,349,0,91,500,1
253,10180,23808,13628,6814,1.3387033398821218,37734.78721716929,5.738557626857082,791.5837147995493,12.860294886912694,0.0,0.0,1.0,557,161,0,396,0,106,500,1
254,10327,24139,13812,6906,1.337464897840612,38259.409804907984,5.738557626857082,791.5837147995493,13.045998555711925,0.0,0.0,1.0,523,147,0,376,0,91,500,1
255,10492,24520,14028,7014,1.337018680899733,38863.280517682746,5.738557626857082,791.5837147995493,13.254441449262082,0.0,0.0,1.0,560,165,0,395,0,108,500,0
256,10658,24874,14216,7108,1.33383373991368,39424.35724293804,5.738557626857082,791.5837147995493,13.464147633076179,0.0,0.0,1.0,551,166,0,385,0,93,500,1
257,10838,25282,14444,7222,1.3327182136925633,40071.02194323227,5.738557626857082,791.5837147995493,13.69153988058544,0.0,0.0,1.0,566,180,0,386,0,113,500,1
258,11005,25659,14654,7327,1.3315765561108588,40668.55280600414,5.738557626857082,791.5837147995493,13.902509354663477,0.0,0.0,1.0,578,167,0,411,0,103,500,2
259,11172,26050,14878,7439,1.3317221625492301,41288.273143786115,5.738557626857082,791.5837147995493,14.113478828741515,0.0,0.0,1.0,584,167,0,417,0,112,500,0
260,11359,26463,15104,7552,1.329694515362268,41942.86265658395,5.738557626857082,791.5837147995493,14.34971410809836,0.0,0.0,1.0,629,187,0,442,0,111,500,2
261,11539,26863,15324,7662,1.3280180258254615,42576.847656872415,5.738557626857082,791.5837147995493,14.57710635560762,0.0,0.0,1.0,609,180,0,429,0,110,500,0
262,11709,27253,15544,7772,1.3275258348279102,43194.983032153665,5.738557626857082,791.5837147995493,14.791865700477478,0.0,0.0,1.0,588,170,0,418,0,108,500,2
263,11901,27687,15786,7893,1.3264431560373078,43882.85675746665,5.738557626857082,791.5837147995493,15.034417431154026,0.0,0.0,1.0,638,192,0,446,0,119,500,2
264,12077,28095,16018,8009,1.3263227622753995,44529.521457760886,5.738557626857082,791.5837147995493,15.256756517607526,0.0,0.0,1.0,611,176,0,435,0,112,500,4
265,12248,28476,16228,8114,1.3249510124101893,45133.39217053564,5.738557626857082,791.5837147995493,15.472779152741325,0.0,0.0,1.0,640,171,0,469,0,105,500,0
266,12433,28909,16476,8238,1.3251829807769646,45819.6809333479,5.738557626857082,791.5837147995493,15.706487851570287,0.0,0.0,1.0,638,185,0,453,0,122,500,2
267,12643,29397,16754,8377,1.325160167681721,46593.14263369983,5.738557626857082,791.5837147995493,15.97177880699776,0.0,0.0,1.0,724,210,0,514,0,139,500,0
268,12823,29793,16970,8485,1.323403259767605,47220.787783985405,5.807629239592718,820.5126076954286,15.628035303462212,0.0,0.0,1.0,661,180,0,481,0,108,500,0
269,13021,30229,17208,8604,1.321557484064204,47911.83143429983,5.807629239592718,820.5126076954286,15.869347866051742,0.0,0.0,1.0,733,198,0,535,0,119,500,0
270,13214,30670,17456,8728,1.3210231572574542,48610.79989711786,5.807629239592718,820.5126076954286,16.104566677060724,0.0,0.0,1.0,666,193,0,473,0,123,500,1
271,13395,31083,17688,8844,1.3204927211646136,49265.38940991569,5.807629239592718,820.5126076954286,16.325160484276406,0.0,0.0,1.0,679,181,0,498,0,116,500,0
272,13592,31528,17936,8968,1.3195997645673925,49970.69772273661,5.807629239592718,820.5126076954286,16.565254296549824,0.0,0.0,1.0,740,197,0,543,0,124,500,0
273,13782,31968,18186,9093,1.3195472355245974,50668.081223053916,5.807629239592718,820.5126076954286,16.796816856610484,0.0,0.0,1.0,701,190,0,511,0,125,500,0
274,13980,32408,18428,9214,1.3181688125894135,51365.464723371224,5.807629239592718,820.5126076954286,17.03812941920001,0.0,0.0,1.0,723,198,0,525,0,120,500,1
275,14156,32790,18634,9317,1.3163322972591127,51970.920398646704,5.807629239592718,820.5126076954286,17.252629474835146,0.0,0.0,1.0,693,176,0,517,0,103,500,0
276,14351,33217,18866,9433,1.3146122221447982,52647.69938645464,5.807629239592718,820.5126076954286,17.49028578647635,0.0,0.0,1.0,802,195,0,607,0,116,500,0
277,14553,33695,19142,9571,1.3153301724730295,53405.311461799356,5.807629239592718,820.5126076954286,17.73647335033031,0.0,0.0,1.0,738,202,0,536,0,137,500,1
278,14767,34187,19420,9710,1.3150944673935125,54185.113012154165,5.807629239592718,820.5126076954286,17.997285917977578,0.0,0.0,1.0,820,214,0,606,0,139,500,0
279,14970,34640,19670,9835,1.3139612558450233,54903.101024980846,5.807629239592718,820.5126076954286,18.244692232147653,0.0,0.0,1.0,758,203,0,555,0,125,500,0
280,15182,35136,19954,9977,1.3143195889869583,55689.24242533854,5.807629239592718,820.5126076954286,18.5030672991627,0.0,0.0,1.0,805,212,0,593,0,142,500,0
281,15409,35637,20228,10114,1.3127393081965086,56483.308638199844,5.807629239592718,820.5126076954286,18.779723620919384,0.0,0.0,1.0,808,227,0,581,0,136,500,1
282,15629,36125,20496,10248,1.311408279480453,57256.77033855177,5.807629239592718,820.5126076954286,19.0478486904633,0.0,0.0,1.0,839,220,0,619,0,133,500,1
283,15833,36589,20756,10378,1.3109328617444578,57992.19293888638,5.807629239592718,820.5126076954286,19.29647375494948,0.0,0.0,1.0,821,204,0,617,0,130,500,0
284,16074,37102,21028,10514,1.3081995769565757,58805.27870175634,5.807629239592718,820.5126076954286,19.590192581131685,0.0,0.0,1.0,840,241,0,599,0,136,500,0
285,16292,37596,21304,10652,1.3076356493984778,59588.25017711258,5.807629239592718,820.5126076954286,19.85588015004339,0.0,0.0,1.0,830,218,0,612,0,138,500,0
286,16523,38121,21598,10799,1.3071476124190522,60420.35548999118,5.807629239592718,820.5126076954286,20.137411473064503,0.0,0.0,1.0,896,231,0,665,0,145,500,2
287,16764,38672,21908,10954,1.3068480076354092,61293.669827888545,5.807629239592718,820.5126076954286,20.431130299246707,0.0,0.0,1.0,886,241,0,645,0,154,500,1
288,17001,39195,22194,11097,1.3054526204340922,62122.60521576571,5.807629239592718,820.5126076954286,20.719974124164477,0.0,0.0,1.0,953,237,0,716,0,143,500,0
289,17227,39713,22486,11243,1.3052766006849712,62943.615791139266,5.807629239592718,820.5126076954286,20.99541169560505,0.0,0.0,1.0,857,226,0,631,0,146,500,0
290,17482,40308,22826,11413,1.3056858483011098,63886.66847906836,5.807629239592718,820.5126076954286,21.306193026212775,0.0,0.0,1.0,923,255,0,668,0,170,500,0
291,17695,40801,23106,11553,1.3057925967787511,64668.05499192389,5.807629239592718,820.5126076954286,21.565786843543933,0.0,0.0,1.0,844,213,0,631,0,140,500,0
292,17925,41329,23404,11702,1.3056624825662482,65504.91519230466,5.807629239592718,820.5126076954286,21.84609941624894,0.0,0.0,1.0,902,230,0,672,0,149,500,0
293,18166,41854,23688,11844,1.303974457778267,66337.02050518326,5.807629239592718,820.5126076954286,22.139818242431144,0.0,0.0,1.0,917,241,0,676,0,142,500,0
294,18434,42456,24022,12011,1.3031355104697842,67291.1679306174,5.807629239592718,820.5126076954286,22.466443327148284,0.0,0.0,1.0,993,268,0,725,0,167,500,0
295,18666,42992,24326,12163,1.303225115182685,68140.70783100394,5.807629239592718,820.5126076954286,22.74919340048551,0.0,0.0,1.0,923,232,0,691,0,150,500,2
296,18913,43565,24652,12326,1.3034420768783377,69048.89134391716,5.807629239592718,820.5126076954286,23.050224728564363,0.0,0.0,1.0,1016,247,0,769,0,163,500,0
297,19150,44092,24942,12471,1.3024543080939948,69884.16658179721,5.807629239592718,820.5126076954286,23.339068553482132,0.0,0.0,1.0,984,237,0,747,0,143,500,2
298,19441,44739,25298,12649,1.3012705107761946,70909.6373197638,5.807629239592718,820.5126076954286,23.69372489546977,0.0,0.0,1.0,1011,291,0,720,0,178,500,0
299,19682,45280,25598,12799,1.300579209429936,71767.10203265394,5.8960033330946064,858.5424440597527,22.92490037758713,0.0,0.0,1.0,993,241,0,752,0,150,500,0
300,19950,45894,25944,12972,1.300451127819549,72740.26900809673,6.028191948757148,917.5924406922077,21.741678674848544,0.0,0.0,1.0,1037,268,0,769,0,173,500,0
301,20000,46014,26014,13007,1.3007,72930.46450818327,6.028191948757148,917.5924406922077,21.796169097592525,0.0,0.0,1.0,240,50,0,190,0,35,500,0
302,20000,46014,26014,13007,1.3007,72930.46450818327,6.028191948757148,917.5924406922077,21.796169097592525,0.0,0.0,1.0,0,0,0,0,0,0,500,0
303,20000,46014,26014,13007,1.3007,72930.46450818327,6.028191948757148,917.5924406922077,21.796169097592525,0.0,0.0,1.0,0,0,0,0,0,0,500,0
304,20000,46016,26016,13008,1.3008,72933.63443318472,6.028191948757148,917.5924406922077,21.796169097592525,0.0,0.0,1.0,0,0,0,0,0,0,500,1
305,20000,46016,26016,13008,1.3008,72933.63443318472,6.028191948757148,917.5924406922077,21.796169097592525,0.0,0.0,1.0,0,0,0,0,0,0,500,0
306,20000,46018,26018,13009,1.3009,72936.80435818616,6.028191948757148,917.5924406922077,21.796169097592525,0.0,0.0,1.0,0,0,0,0,0,0,500,1
307,20000,46020,26020,13010,1.301,72939.9742831876,6.028191948757148,917.5924406922077,21.796169097592525,0.0,0.0,1.0,0,0,0,0,0,0,500,1
308,20000,46022,26022,13011,1.3011,72943.14420818904,6.028191948757148,917.5924406922077,21.796169097592525,0.0,0.0,1.0,0,0,0,0,0,0,500,1
309,20000,46022,26022,13011,1.3011,72943.14420818904,6.028191948757148,917.5924406922077,21.796169097592525,0.0,0.0,1.0,0,0,0,0,0,0,500,0
310,20000,46022,26022,13011,1.3011,72943.14420818904,6.028191948757148,917.5924406922077,21.796169097592525,0.0,0.0,1.0,0,0,0,0,0,0,500,0
311,20000,46026,26026,13013,1.3013,72949.48405819193,6.028191948757148,917.5924406922077,21.796169097592525,0.0,0.0,1.0,0,0,0,0,0,0,500,2
312,20000,46026,26026,13013,1.3013,72949.48405819193,6.028191948757148,917.5924406922077,21.796169097592525,0.0,0.0,1.0,0,0,0,0,0,0,500,0
313,20000,46030,26030,13015,1.3015,72955.82390819481,6.028191948757148,917.5924406922077,21.796169097592525,0.0,0.0,1.0,0,0,0,0,0,0,500,2
314,20000,46030,26030,13015,1.3015,72955.82390819481,6.028191948757148,917.5924406922077,21.796169097592525,0.0,0.0,1.0,0,0,0,0,0,0,500,0
315,20000,46030,26030,13015,1.3015,72955.82390819481,6.028191948757148,917.5924406922077,21.796169097592525,0.0,0.0,1.0,0,0,0,0,0,0,500,0
316,20000,46030,26030,13015,1.3015,72955.82390819481,6.028191948757148,917.5924406922077,21.796169097592525,0.0,0.0,1.0,0,0,0,0,0,0,500,0
317,20000,46032,26032,13016,1.3016,72958.99383319625,6.028191948757148,917.5924406922077,21.796169097592525,0.0,0.0,1.0,0,0,0,0,0,0,500,1
318,20000,46036,26036,13018,1.3018,72965.33368319913,6.028191948757148,917.5924406922077,21.796169097592525,0.0,0.0,1.0,0,0,0,0,0,0,500,2
319,20000,46038,26038,13019,1.3019,72968.50360820058,6.028191948757148,917.5924406922077,21.796169097592525,0.0,0.0,1.0,0,0,0,0,0,0,500,1
320,20000,46040,26040,13020,1.302,72971.67353320202,6.028191948757148,917.5924406922077,21.796169097592525,0.0,0.0,1.0,0,0,0,0,0,0,500,1
321,20000,46042,26042,13021,1.3021,72974.84345820347,6.028191948757148,917.5924406922077,21.796169097592525,0.0,0.0,1.0,0,0,0,0,0,0,500,1
322,20000,46042,26042,13021,1.3021,72974.84345820347,6.028191948757148,917.5924406922077,21.796169097592525,0.0,0.0,1.0,0,0,0,0,0,0,500,0
323,20000,46042,26042,13021,1.3021,72974.84345820347,6.028191948757148,917.5924406922077,21.796169097592525,0.0,0.0,1.0,0,0,0,0,0,0,500,0
324,20000,46044,26044,13022,1.3022,72978.0133832049,6.028191948757148,917.5924406922077,21.796169097592525,0.0,0.0,1.0,0,0,0,0,0,0,500,1
325,20000,46046,26046,13023,1.3023,72981.18330820635,6.028191948757148,917.5924406922077,21.796169097592525,0.0,0.0,1.0,0,0,0,0,0,0,500,1
326,20000,46046,26046,13023,1.3023,72981.18330820635,6.028191948757148,917.5924406922077,21.796169097592525,0.0,0.0,1.0,0,0,0,0,0,0,500,0
327,20000,46046,26046,13023,1.3023,72981.18330820635,6.028191948757148,917.5924406922077,21.796169097592525,0.0,0.0,1.0,0,0,0,0,0,0,500,0
328,20000,46048,26048,13024,1.3024,72984.35323320779,6.028191948757148,917.5924406922077,21.796169097592525,0.0,0.0,1.0,0,0,0,0,0,0,500,1
329,20000,46048,26048,13024,1.3024,72984.35323320779,6.028191948757148,917.5924406922077,21.796169097592525,0.0,0.0,1.0,0,0,0,0,0,0,500,0
330,20000,46050,26050,13025,1.3025,72987.52315820924,6.028191948757148,917.5924406922077,21.796169097592525,0.0,0.0,1.0,0,0,0,0,0,0,500,1
331,20000,46052,26052,13026,1.3026,72990.69308321067,6.028191948757148,917.5924406922077,21.796169097592525,0.0,0.0,1.0,0,0,0,0,0,0,500,1
332,20000,46052,26052,13026,1.3026,72990.69308321067,6.028191948757148,917.5924406922077,21.796169097592525,0.0,0.0,1.0,0,0,0,0,0,0,500,0
333,20000,46052,26052,13026,1.3026,72990.69308321067,6.028191948757148,917.5924406922077,21.796169097592525,0.0,0.0,1.0,0,0,0,0,0,0,500,0
334,20000,46052,26052,13026,1.3026,72990.69308321067,6.028191948757148,917.5924406922077,21.796169097592525,0.0,0.0,1.0,0,0,0,0,0,0,500,0
335,20000,46056,26056,13028,1.3028,72997.03293321356,6.028191948757148,917.5924406922077,21.796169097592525,0.0,0.0,1.0,0,0,0,0,0,0,500,2
336,20000,46056,26056,13028,1.3028,72997.03293321356,6.028191948757148,917.5924406922077,21.796169097592525,0.0,0.0,1.0,0,0,0,0,0,0,500,0
337,20000,46060,26060,13030,1.303,73003.37278321644,6.028191948757148,917.5924406922077,21.796169097592525,0.0,0.0,1.0,0,0,0,0,0,0,500,2
338,20000,46064,26064,13032,1.3032,73009.71263321933,6.028191948757148,917.5924406922077,21.796169097592525,0.0,0.0,1.0,0,0,0,0,0,0,500,2
339,20000,46064,26064,13032,1.3032,73009.71263321933,6.028191948757148,917.5924406922077,21.796169097592525,0.0,0.0,1.0,0,0,0,0,0,0,500,0
340,20000,46064,26064,13032,1.3032,73009.71263321933,6.028191948757148,917.5924406922077,21.796169097592525,0.0,0.0,1.0,0,0,0,0,0,0,500,0
341,20000,46066,26066,13033,1.3033,73012.88255822078,6.028191948757148,917.5924406922077,21.796169097592525,0.0,0.0,1.0,0,0,0,0,0,0,500,1
342,20000,46068,26068,13034,1.3034,73016.05248322221,6.028191948757148,917.5924406922077,21.796169097592525,0.0,0.0,1.0,0,0,0,0,0,0,500,1
343,20000,46068,26068,13034,1.3034,73016.05248322221,6.028191948757148,917.5924406922077,21.796169097592525,0.0,0.0,1.0,0,0,0,0,0,0,500,0
344,20000,46070,26070,13035,1.3035,73019.22240822366,6.028191948757148,917.5924406922077,21.796169097592525,0.0,0.0,1.0,0,0,0,0,0,0,500,1
345,20000,46076,26076,13038,1.3038,73028.73218322798,6.028191948757148,917.5924406922077,21.796169097592525,0.0,0.0,1.0,0,0,0,0,0,0,500,3
346,20000,46078,26078,13039,1.3039,73031.90210822943,6.028191948757148,917.5924406922077,21.796169097592525,0.0,0.0,1.0,0,0,0,0,0,0,500,1
347,20000,46078,26078,13039,1.3039,73031.90210822943,6.028191948757148,917.5924406922077,21.796169097592525,0.0,0.0,1.0,0,0,0,0,0,0,500,0
348,20000,46080,26080,13040,1.304,73035.07203323087,6.028191948757148,917.5924406922077,21.796169097592525,0.0,0.0,1.0,0,0,0,0,0,0,500,1
349,20000,46080,26080,13040,1.304,73035.07203323087,6.028191948757148,917.5924406922077,21.796169097592525,0.0,0.0,1.0,0,0,0,0,0,0,500,0
350,20000,46080,26080,13040,1.304,73035.07203323087,6.028191948757148,917.5924406922077,21.796169097592525,0.0,0.0,1.0,0,0,0,0,0,0,500,0
351,20000,46082,26082,13041,1.3041,73038.2419582323,6.028191948757148,917.5924406922077,21.796169097592525,0.0,0.0,1.0,0,0,0,0,0,0,500,1
352,20000,46082,26082,13041,1.3041,73038.2419582323,6.028191948757148,917.5924406922077,21.796169097592525,0.0,0.0,1.0,0,0,0,0,0,0,500,0
353,20000,46084,26084,13042,1.3042,73041.41188323376,6.028191948757148,917.5924406922077,21.796169097592525,0.0,0.0,1.0,0,0,0,0,0,0,500,1
354,20000,46084,26084,13042,1.3042,73041.41188323376,6.028191948757148,917.5924406922077,21.796169097592525,0.0,0.0,1.0,0,0,0,0,0,0,500,0
355,20000,46086,26086,13043,1.3043,73044.58180823519,6.028191948757148,917.5924406922077,21.796169097592525,0.0,0.0,1.0,0,0,0,0,0,0,500,1
356,20000,46086,26086,13043,1.3043,73044.58180823519,6.028191948757148,917.5924406922077,21.796169097592525,0.0,0.0,1.0,0,0,0,0,0,0,500,0
357,20000,46086,26086,13043,1.3043,73044.58180823519,6.028191948757148,917.5924406922077,21.796169097592525,0.0,0.0,1.0,0,0,0,0,0,0,500,0
358,20000,46086,26086,13043,1.3043,73044.58180823519,6.028191948757148,917.5924406922077,21.796169097592525,0.0,0.0,1.0,0,0,0,0,0,0,500,0
359,20000,46088,26088,13044,1.3044,73047.75173323664,6.028191948757148,917.5924406922077,21.796169097592525,0.0,0.0,1.0,0,0,0,0,0,0,500,1
360,20000,46088,26088,13044,1.3044,73047.75173323664,6.028191948757148,917.5924406922077,21.796169097592525,0.0,0.0,1.0,0,0,0,0,0,0,500,0
361,20000,46090,26090,13045,1.3045,73050.92165823808,6.028191948757148,917.5924406922077,21.796169097592525,0.0,0.0,1.0,0,0,0,0,0,0,500,1
362,20000,46090,26090,13045,1.3045,73050.92165823808,6.028191948757148,917.5924406922077,21.796169097592525,0.0,0.0,1.0,0,0,0,0,0,0,500,0
363,20000,46094,26094,13047,1.3047,73057.26150824096,6.028191948757148,917.5924406922077,21.796169097592525,0.0,0.0,1.0,0,0,0,0,0,0,500,2
364,20000,46094,26094,13047,1.3047,73057.26150824096,6.028191948757148,917.5924406922077,21.796169097592525,0.0,0.0,1.0,0,0,0,0,0,0,500,0
365,20000,46094,26094,13047,1.3047,73057.26150824096,6.028191948757148,917.5924406922077,21.796169097592525,0.0,0.0,1.0,0,0,0,0,0,0,500,0
366,20000,46098,26098,13049,1.3049,73063.60135824385,6.028191948757148,917.5924406922077,21.796169097592525,0.0,0.0,1.0,0,0,0,0,0,0,500,2
367,20000,46098,26098,13049,1.3049,73063.60135824385,6.028191948757148,917.5924406922077,21.796169097592525,0.0,0.0,1.0,0,0,0,0,0,0,500,0
368,20000,46100,26100,13050,1.305,73066.7712832453,6.028191948757148,917.5924406922077,21.796169097592525,0.0,0.0,1.0,0,0,0,0,0,0,500,1
369,20000,46102,26102,13051,1.3051,73069.94120824673,6.028191948757148,917.5924406922077,21.796169097592525,0.0,0.0,1.0,0,0,0,0,0,0,500,1
370,20000,46102,26102,13051,1.3051,73069.94120824673,6.028191948757148,917.5924406922077,21.796169097592525,0.0,0.0,1.0,0,0,0,0,0,0,500,0
371,20000,46102,26102,13051,1.3051,73069.94120824673,6.028191948757148,917.5924406922077,21.796169097592525,0.0,0.0,1.0,0,0,0,0,0,0,500,0
372,20000,46102,26102,13051,1.3051,73069.94120824673,6.028191948757148,917.5924406922077,21.796169097592525,0.0,0.0,1.0,0,0,0,0,0,0,500,0
373,20000,46104,26104,13052,1.3052,73073.11113324818,6.028191948757148,917.5924406922077,21.796169097592525,0.0,0.0,1.0,0,0,0,0,0,0,500,1
374,20000,46104,26104,13052,1.3052,73073.11113324818,6.028191948757148,917.5924406922077,21.796169097592525,0.0,0.0,1.0,0,0,0,0,0,0,500,0
375,20000,46104,26104,13052,1.3052,73073.11113324818,6.028191948757148,917.5924406922077,21.796169097592525,0.0,0.0,1.0,0,0,0,0,0,0,500,0
376,20000,46106,26106,13053,1.3053,73076.28105824962,6.028191948757148,917.5924406922077,21.796169097592525,0.0,0.0,1.0,0,0,0,0,0,0,500,1
377,20000,46106,26106,13053,1.3053,73076.28105824962,6.028191948757148,917.5924406922077,21.796169097592525,0.0,0.0,1.0,0,0,0,0,0,0,500,0
378,20000,46108,26108,13054,1.3054,73079.45098325107,6.028191948757148,917.5924406922077,21.796169097592525,0.0,0.0,1.0,0,0,0,0,0,0,500,1
379,20000,46108,26108,13054,1.3054,73079.45098325107,6.028191948757148,917.5924406922077,21.796169097592525,0.0,0.0,1.0,0,0,0,0,0,0,500,0
380,20000,46110,26110,13055,1.3055,73082.6209082525,6.028191948757148,917.5924406922077,21.796169097592525,0.0,0.0,1.0,0,0,0,0,0,0,500,1
381,20000,46110,26110,13055,1.3055,73082.6209082525,6.028191948757148,917.5924406922077,21.796169097592525,0.0,0.0,1.0,0,0,0,0,0,0,500,0
382,20000,46110,26110,13055,1.3055,73082.6209082525,6.028191948757148,917.5924406922077,21.796169097592525,0.0,0.0,1.0,0,0,0,0,0,0,500,0
383,20000,46112,26112,13056,1.3056,73085.79083325395,6.028191948757148,917.5924406922077,21.796169097592525,0.0,0.0,1.0,0,0,0,0,0,0,500,1
384,20000,46112,26112,13056,1.3056,73085.79083325395,6.028191948757148,917.5924406922077,21.796169097592525,0.0,0.0,1.0,0,0,0,0,0,0,500,0
385,20000,46114,26114,13057,1.3057,73088.96075825539,6.028191948757148,917.5924406922077,21.796169097592525,0.0,0.0,1.0,0,0,0,0,0,0,500,1
386,20000,46116,26116,13058,1.3058,73092.13068325684,6.028191948757148,917.5924406922077,21.796169097592525,0.0,0.0,1.0,0,0,0,0,0,0,500,1
387,20000,46116,26116,13058,1.3058,73092.13068325684,6.028191948757148,917.5924406922077,21.796169097592525,0.0,0.0,1.0,0,0,0,0,0,0,500,0
388,20000,46116,26116,13058,1.3058,73092.13068325684,6.028191948757148,917.5924406922077,21.796169097592525,0.0,0.0,1.0,0,0,0,0,0,0,500,0
389,20000,46118,26118,13059,1.3059,73095.30060825827,6.028191948757148,917.5924406922077,21.796169097592525,0.0,0.0,1.0,0,0,0,0,0,0,500,1
390,20000,46118,26118,13059,1.3059,73095.30060825827,6.028191948757148,917.5924406922077,21.796169097592525,0.0,0.0,1.0,0,0,0,0,0,0,500,0
391,20000,46118,26118,13059,1.3059,73095.30060825827,6.028191948757148,917.5924406922077,21.796169097592525,0.0,0.0,1.0,0,0,0,0,0,0,500,0
392,20000,46118,26118,13059,1.3059,73095.30060825827,6.028191948757148,917.5924406922077,21.796169097592525,0.0,0.0,1.0,0,0,0,0,0,0,500,0
393,20000,46118,26118,13059,1.3059,73095.30060825827,6.028191948757148,917.5924406922077,21.796169097592525,0.0,0.0,1.0,0,0,0,0,0,0,500,0
394,20000,46120,26120,13060,1.306,73098.47053325972,6.028191948757148,917.5924406922077,21.796169097592525,0.0,0.0,1.0,0,0,0,0,0,0,500,1
395,20000,46122,26122,13061,1.3061,73101.64045826116,6.028191948757148,917.5924406922077,21.796169097592525,0.0,0.0,1.0,0,0,0,0,0,0,500,1
396,20000,46122,26122,13061,1.3061,73101.64045826116,6.028191948757148,917.5924406922077,21.796169097592525,0.0,0.0,1.0,0,0,0,0,0,0,500,0
397,20000,46124,26124,13062,1.3062,73104.81038326261,6.028191948757148,917.5924406922077,21.796169097592525,0.0,0.0,1.0,0,0,0,0,0,0,500,1
398,20000,46124,26124,13062,1.3062,73104.81038326261,6.028191948757148,917.5924406922077,21.796169097592525,0.0,0.0,1.0,0,0,0,0,0,0,500,0
399,20000,46124,26124,13062,1.3062,73104.81038326261,6.028191948757148,917.5924406922077,21.796169097592525,0.0,0.0,1.0,0,0,0,0,0,0,500,0
400,20000,46124,26124,13062,1.3062,73104.81038326261,6.028191948757148,917.5924406922077,21.796169097592525,0.0,0.0,1.0,0,0,0,0,0,0,500,0
401,20000,46124,26124,13062,1.3062,73104.81038326261,6.028191948757148,917.5924406922077,21.796169097592525,0.0,0.0,1.0,0,0,0,0,0,0,500,0
402,20000,46124,26124,13062,1.3062,73104.81038326261,6.028191948757148,917.5924406922077,21.796169097592525,0.0,0.0,1.0,0,0,0,0,0,0,500,0
403,20000,46124,26124,13062,1.3062,73104.81038326261,6.028191948757148,917.5924406922077,21.796169097592525,0.0,0.0,1.0,0,0,0,0,0,0,500,0
404,20000,46126,26126,13063,1.3063,73107.98030826404,6.028191948757148,917.5924406922077,21.796169097592525,0.0,0.0,1.0,0,0,0,0,0,0,500,1
405,20000,46126,26126,13063,1.3063,73107.98030826404,6.028191948757148,917.5924406922077,21.796169097592525,0.0,0.0,1.0,0,0,0,0,0,0,500,0
406,20000,46130,26130,13065,1.3065,73114.32015826693,6.028191948757148,917.5924406922077,21.796169097592525,0.0,0.0,1.0,0,0,0,0,0,0,500,2
407,20000,46130,26130,13065,1.3065,73114.32015826693,6.028191948757148,917.5924406922077,21.796169097592525,0.0,0.0,1.0,0,0,0,0,0,0,500,0
408,20000,46130,26130,13065,1.3065,73114.32015826693,6.028191948757148,917.5924406922077,21.796169097592525,0.0,0.0,1.0,0,0,0,0,0,0,500,0
409,20000,46130,26130,13065,1.3065,73114.32015826693,6.028191948757148,917.5924406922077,21.796169097592525,0.0,0.0,1.0,0,0,0,0,0,0,500,0
410,20000,46132,26132,13066,1.3066,73117.49008326836,6.028191948757148,917.5924406922077,21.796169097592525,0.0,0.0,1.0,0,0,0,0,0,0,500,1
411,20000,46134,26134,13067,1.3067,73120.66000826981,6.028191948757148,917.5924406922077,21.796169097592525,0.0,0.0,1.0,0,0,0,0,0,0,500,1
412,20000,46136,26136,13068,1.3068,73123.82993327125,6.028191948757148,917.5924406922077,21.796169097592525,0.0,0.0,1.0,0,0,0,0,0,0,500,1
413,20000,46136,26136,13068,1.3068,73123.82993327125,6.028191948757148,917.5924406922077,21.796169097592525,0.0,0.0,1.0,0,0,0,0,0,0,500,0
414,20000,46136,26136,13068,1.3068,73123.82993327125,6.028191948757148,917.5924406922077,21.796169097592525,0.0,0.0,1.0,0,0,0,0,0,0,500,0
415,20000,46140,26140,13070,1.307,73130.16978327413,6.028191948757148,917.5924406922077,21.796169097592525,0.0,0.0,1.0,0,0,0,0,0,0,500,2
416,20000,46140,26140,13070,1.307,73130.16978327413,6.028191948757148,917.5924406922077,21.796169097592525,0.0,0.0,1.0,0,0,0,0,0,0,500,0
417,20000,46140,26140,13070,1.307,73130.16978327413,6.028191948757148,917.5924406922077,21.796169097592525,0.0,0.0,1.0,0,0,0,0,0,0,500,0
418,20000,46140,26140,13070,1.307,73130.16978327413,6.028191948757148,917.5924406922077,21.796169097592525,0.0,0.0,1.0,0,0,0,0,0,0,500,0
419,20000,46142,26142,13071,1.3071,73133.33970827558,6.028191948757148,917.5924406922077,21.796169097592525,0.0,0.0,1.0,0,0,0,0,0,0,500,1
420,20000,46144,26144,13072,1.3072,73136.50963327702,6.028191948757148,917.5924406922077,21.796169097592525,0.0,0.0,1.0,0,0,0,0,0,0,500,1
421,20000,46144,26144,13072,1.3072,73136.50963327702,6.028191948757148,917.5924406922077,21.796169097592525,0.0,0.0,1.0,0,0,0,0,0,0,500,0
422,20000,46144,26144,13072,1.3072,73136.50963327702,6.028191948757148,917.5924406922077,21.796169097592525,0.0,0.0,1.0,0,0,0,0,0,0,500,0
423,20000,46146,26146,13073,1.3073,73139.67955827847,6.028191948757148,917.5924406922077,21.796169097592525,0.0,0.0,1.0,0,0,0,0,0,0,500,1
424,20000,46146,26146,13073,1.3073,73139.67955827847,6.028191948757148,917.5924406922077,21.796169097592525,0.0,0.0,1.0,0,0,0,0,0,0,500,0
425,20000,46148,26148,13074,1.3074,73142.8494832799,6.028191948757148,917.5924406922077,21.796169097592525,0.0,0.0,1.0,0,0,0,0,0,0,500,1
426,20000,46148,26148,13074,1.3074,73142.8494832799,6.028191948757148,917.5924406922077,21.796169097592525,0.0,0.0,1.0,0,0,0,0,0,0,500,0
427,20000,46148,26148,13074,1.3074,73142.8494832799,6.028191948757148,917.5924406922077,21.796169097592525,0.0,0.0,1.0,0,0,0,0,0,0,500,0
428,20000,46154,26154,13077,1.3077,73152.35925828424,6.028191948757148,917.5924406922077,21.796169097592525,0.0,0.0,1.0,0,0,0,0,0,0,500,3
429,20000,46156,26156,13078,1.3078,73155.52918328567,6.028191948757148,917.5924406922077,21.796169097592525,0.0,0.0,1.0,0,0,0,0,0,0,500,1
430,20000,46156,26156,13078,1.3078,73155.52918328567,6.028191948757148,917.5924406922077,21.796169097592525,0.0,0.0,1.0,0,0,0,0,0,0,500,0
431,20000,46156,26156,13078,1.3078,73155.52918328567,6.028191948757148,917.5924406922077,21.796169097592525,0.0,0.0,1.0,0,0,0,0,0,0,500,0
432,20000,46158,26158,13079,1.3079,73158.69910828712,6.028191948757148,917.5924406922077,21.796169097592525,0.0,0.0,1.0,0,0,0,0,0,0,500,1
433,20000,46158,26158,13079,1.3079,73158.69910828712,6.028191948757148,917.5924406922077,21.796169097592525,0.0,0.0,1.0,0,0,0,0,0,0,500,0
434,20000,46162,26162,13081,1.3081,73165.03895829001,6.028191948757148,917.5924406922077,21.796169097592525,0.0,0.0,1.0,0,0,0,0,0,0,500,2
435,20000,46162,26162,13081,1.3081,73165.03895829001,6.028191948757148,917.5924406922077,21.796169097592525,0.0,0.0,1.0,0,0,0,0,0,0,500,0
436,20000,46166,26166,13083,1.3083,73171.3788082929,6.028191948757148,917.5924406922077,21.796169097592525,0.0,0.0,1.0,0,0,0,0,0,0,500,2
437,20000,46166,26166,13083,1.3083,73171.3788082929,6.028191948757148,917.5924406922077,21.796169097592525,0.0,0.0,1.0,0,0,0,0,0,0,500,0
438,20000,46166,26166,13083,1.3083,73171.3788082929,6.028191948757148,917.5924406922077,21.796169097592525,0.0,0.0,1.0,0,0,0,0,0,0,500,0
439,20000,46166,26166,13083,1.3083,73171.3788082929,6.028191948757148,917.5924406922077,21.796169097592525,0.0,0.0,1.0,0,0,0,0,0,0,500,0
440,20000,46166,26166,13083,1.3083,73171.3788082929,6.028191948757148,917.5924406922077,21.796169097592525,0.0,0.0,1.0,0,0,0,0,0,0,500,0
441,20000,46168,26168,13084,1.3084,73174.54873329433,6.028191948757148,917.5924406922077,21.796169097592525,0.0,0.0,1.0,0,0,0,0,0,0,500,1
442,20000,46170,26170,13085,1.3085,73177.71865829578,6.028191948757148,917.5924406922077,21.796169097592525,0.0,0.0,1.0,0,0,0,0,0,0,500,1
443,20000,46174,26174,13087,1.3087,73184.05850829867,6.028191948757148,917.5924406922077,21.796169097592525,0.0,0.0,1.0,0,0,0,0,0,0,500,2
444,20000,46176,26176,13088,1.3088,73187.2284333001,6.028191948757148,917.5924406922077,21.796169097592525,0.0,0.0,1.0,0,0,0,0,0,0,500,1
445,20000,46176,26176,13088,1.3088,73187.2284333001,6.028191948757148,917.5924406922077,21.796169097592525,0.0,0.0,1.0,0,0,0,0,0,0,500,0
446,20000,46178,26178,13089,1.3089,73190.39835830155,6.028191948757148,917.5924406922077,21.796169097592525,0.0,0.0,1.0,0,0,0,0,0,0,500,1
447,20000,46182,26182,13091,1.3091,73196.73820830442,6.028191948757148,917.5924406922077,21.796169097592525,0.0,0.0,1.0,0,0,0,0,0,0,500,2
448,20000,46182,26182,13091,1.3091,73196.73820830442,6.028191948757148,917.5924406922077,21.796169097592525,0.0,0.0,1.0,0,0,0,0,0,0,500,0
449,20000,46186,26186,13093,1.3093,73203.0780583073,6.028191948757148,917.5924406922077,21.796169097592525,0.0,0.0,1.0,0,0,0,0,0,0,500,2
450,20000,46188,26188,13094,1.3094,73206.24798330876,6.028191948757148,917.5924406922077,21.796169097592525,0.0,0.0,1.0,0,0,0,0,0,0,500,1
451,20000,46190,26190,13095,1.3095,73209.41790831019,6.028191948757148,917.5924406922077,21.796169097592525,0.0,0.0,1.0,0,0,0,0,0,0,500,1
452,20000,46190,26190,13095,1.3095,73209.41790831019,6.028191948757148,917.5924406922077,21.796169097592525,0.0,0.0,1.0,0,0,0,0,0,0,500,0
453,20000,46190,26190,13095,1.3095,73209.41790831019,6.028191948757148,917.5924406922077,21.796169097592525,0.0,0.0,1.0,0,0,0,0,0,0,500,0
454,20000,46194,26194,13097,1.3097,73215.75775831308,6.028191948757148,917.5924406922077,21.796169097592525,0.0,0.0,1.0,0,0,0,0,0,0,500,2
455,20000,46194,26194,13097,1.3097,73215.75775831308,6.028191948757148,917.5924406922077,21.796169097592525,0.0,0.0,1.0,0,0,0,0,0,0,500,0
456,20000,46196,26196,13098,1.3098,73218.92768331453,6.028191948757148,917.5924406922077,21.796169097592525,0.0,0.0,1.0,0,0,0,0,0,0,500,1
457,20000,46200,26200,13100,1.31,73225.26753331741,6.028191948757148,917.5924406922077,21.796169097592525,0.0,0.0,1.0,0,0,0,0,0,0,500,2
458,20000,46200,26200,13100,1.31,73225.26753331741,6.028191948757148,917.5924406922077,21.796169097592525,0.0,0.0,1.0,0,0,0,0,0,0,500,0
459,20000,46200,26200,13100,1.31,73225.26753331741,6.028191948757148,917.5924406922077,21.796169097592525,0.0,0.0,1.0,0,0,0,0,0,0,500,0
460,20000,46200,26200,13100,1.31,73225.26753331741,6.028191948757148,917.5924406922077,21.796169097592525,0.0,0.0,1.0,0,0,0,0,0,0,500,0
461,20000,46200,26200,13100,1.31,73225.26753331741,6.028191948757148,917.5924406922077,21.796169097592525,0.0,0.0,1.0,0,0,0,0,0,0,500,0
462,20000,46200,26200,13100,1.31,73225.26753331741,6.028191948757148,917.5924406922077,21.796169097592525,0.0,0.0,1.0,0,0,0,0,0,0,500,0
463,20000,46200,26200,13100,1.31,73225.26753331741,6.028191948757148,917.5924406922077,21.796169097592525,0.0,0.0,1.0,0,0,0,0,0,0,500,0
464,20000,46202,26202,13101,1.3101,73228.43745831885,6.028191948757148,917.5924406922077,21.796169097592525,0.0,0.0,1.0,0,0,0,0,0,0,500,1
465,20000,46202,26202,13101,1.3101,73228.43745831885,6.028191948757148,917.5924406922077,21.796169097592525,0.0,0.0,1.0,0,0,0,0,0,0,500,0
466,20000,46202,26202,13101,1.3101,73228.43745831885,6.028191948757148,917.5924406922077,21.796169097592525,0.0,0.0,1.0,0,0,0,0,0,0,500,0
467,20000,46204,26204,13102,1.3102,73231.6073833203,6.028191948757148,917.5924406922077,21.796169097592525,0.0,0.0,1.0,0,0,0,0,0,0,500,1
468,20000,46204,26204,13102,1.3102,73231.6073833203,6.028191948757148,917.5924406922077,21.796169097592525,0.0,0.0,1.0,0,0,0,0,0,0,500,0
469,20000,46204,26204,13102,1.3102,73231.6073833203,6.028191948757148,917.5924406922077,21.796169097592525,0.0,0.0,1.0,0,0,0,0,0,0,500,0
470,20000,46206,26206,13103,1.3103,73234.77730832173,6.028191948757148,917.5924406922077,21.796169097592525,0.0,0.0,1.0,0,0,0,0,0,0,500,1
471,20000,46206,26206,13103,1.3103,73234.77730832173,6.028191948757148,917.5924406922077,21.796169097592525,0.0,0.0,1.0,0,0,0,0,0,0,500,0
472,20000,46210,26210,13105,1.3105,73241.11715832462,6.028191948757148,917.5924406922077,21.796169097592525,0.0,0.0,1.0,0,0,0,0,0,0,500,2
473,20000,46212,26212,13106,1.3106,73244.28708332607,6.028191948757148,917.5924406922077,21.796169097592525,0.0,0.0,1.0,0,0,0,0,0,0,500,1
474,20000,46212,26212,13106,1.3106,73244.28708332607,6.028191948757148,917.5924406922077,21.796169097592525,0.0,0.0,1.0,0,0,0,0,0,0,500,0
475,20000,46212,26212,13106,1.3106,73244.28708332607,6.028191948757148,917.5924406922077,21.796169097592525,0.0,0.0,1.0,0,0,0,0,0,0,500,0
476,20000,46212,26212,13106,1.3106,73244.28708332607,6.028191948757148,917.5924406922077,21.796169097592525,0.0,0.0,1.0,0,0,0,0,0,0,500,0
477,20000,46218,26218,13109,1.3109,73253.79685833039,6.028191948757148,917.5924406922077,21.796169097592525,0.0,0.0,1.0,0,0,0,0,0,0,500,3
478,20000,46222,26222,13111,1.3111,73260.13670833327,6.028191948757148,917.5924406922077,21.796169097592525,0.0,0.0,1.0,0,0,0,0,0,0,500,2
479,20000,46222,26222,13111,1.3111,73260.13670833327,6.028191948757148,917.5924406922077,21.796169097592525,0.0,0.0,1.0,0,0,0,0,0,0,500,0
480,20000,46224,26224,13112,1.3112,73263.30663333472,6.028191948757148,917.5924406922077,21.796169097592525,0.0,0.0,1.0,0,0,0,0,0,0,500,1
481,20000,46224,26224,13112,1.3112,73263.30663333472,6.028191948757148,917.5924406922077,21.796169097592525,0.0,0.0,1.0,0,0,0,0,0,0,500,0
482,20000,46226,26226,13113,1.3113,73266.47655833616,6.028191948757148,917.5924406922077,21.796169097592525,0.0,0.0,1.0,0,0,0,0,0,0,500,1
483,20000,46228,26228,13114,1.3114,73269.64648333761,6.028191948757148,917.5924406922077,21.796169097592525,0.0,0.0,1.0,0,0,0,0,0,0,500,1
484,20000,46228,26228,13114,1.3114,73269.64648333761,6.028191948757148,917.5924406922077,21.796169097592525,0.0,0.0,1.0,0,0,0,0,0,0,500,0
485,20000,46232,26232,13116,1.3116,73275.98633334048,6.028191948757148,917.5924406922077,21.796169097592525,0.0,0.0,1.0,0,0,0,0,0,0,500,2
486,20000,46232,26232,13116,1.3116,73275.98633334048,6.028191948757148,917.5924406922077,21.796169097592525,0.0,0.0,1.0,0,0,0,0,0,0,500,0
487,20000,46234,26234,13117,1.3117,73279.15625834193,6.028191948757148,917.5924406922077,21.796169097592525,0.0,0.0,1.0,0,0,0,0,0,0,500,1
488,20000,46236,26236,13118,1.3118,73282.32618334336,6.028191948757148,917.5924406922077,21.796169097592525,0.0,0.0,1.0,0,0,0,0,0,0,500,1
489,20000,46238,26238,13119,1.3119,73285.49610834481,6.028191948757148,917.5924406922077,21.796169097592525,0.0,0.0,1.0,0,0,0,0,0,0,500,1
490,20000,46240,26240,13120,1.312,73288.66603334625,6.028191948757148,917.5924406922077,21.796169097592525,0.0,0.0,1.0,0,0,0,0,0,0,500,1
491,20000,46240,26240,13120,1.312,73288.66603334625,6.028191948757148,917.5924406922077,21.796169097592525,0.0,0.0,1.0,0,0,0,0,0,0,500,0
492,20000,46240,26240,13120,1.312,73288.66603334625,6.028191948757148,917.5924406922077,21.796169097592525,0.0,0.0,1.0,0,0,0,0,0,0,500,0
493,20000,46242,26242,13121,1.3121,73291.8359583477,6.028191948757148,917.5924406922077,21.796169097592525,0.0,0.0,1.0,0,0,0,0,0,0,500,1
494,20000,46244,26244,13122,1.3122,73295.00588334913,6.028191948757148,917.5924406922077,21.796169097592525,0.0,0.0,1.0,0,0,0,0,0,0,500,1
495,20000,46244,26244,13122,1.3122,73295.00588334913,6.028191948757148,917.5924406922077,21.796169097592525,0.0,0.0,1.0,0,0,0,0,0,0,500,0
496,20000,46244,26244,13122,1.3122,73295.00588334913,6.028191948757148,917.5924406922077,21.796169097592525,0.0,0.0,1.0,0,0,0,0,0,0,500,0
497,20000,46244,26244,13122,1.3122,73295.00588334913,6.028191948757148,917.5924406922077,21.796169097592525,0.0,0.0,1.0,0,0,0,0,0,0,500,0
498,20000,46244,26244,13122,1.3122,73295.00588334913,6.028191948757148,917.5924406922077,21.796169097592525,0.0,0.0,1.0,0,0,0,0,0,0,500,0
499,20000,46246,26246,13123,1.3123,73298.17580835058,6.028191948757148,917.5924406922077,21.796169097592525,0.0,0.0,1.0,0,0,0,0,0,0,500,1
500,20000,46248,26248,13124,1.3124,73301.34573335202,6.028191948757148,917.5924406922077,21.796169097592525,0.0,0.0,1.0,0,0,0,0,0,0,500,1
