t,S,L_flow,P,gini_flow,top10_flow,gini_mem,top10_mem,norm
0,6,0.4600000000000001,0.07666666666666667,0.9853316326530612,0.43478260869565205,0.9853316326530612,0.43478260869565205,0.9999999999999999
1,5,0.549941884267243,0.1099883768534486,0.9755098565919424,0.3439074162316983,0.9799774351196877,0.3852533810782868,0.9999999999999996
2,3,0.43295310621353283,0.1443177020711776,0.9649399699104751,0.31699612256383425,0.9753202702581096,0.3613909989322587,0.9999999999999999
3,2,0.3729579125351388,0.1864789562675694,0.9581844468241655,0.31989468834595447,0.9714703369066451,0.3478147425731091,1.0000000000000002
4,2,0.35089757579514746,0.17544878789757373,0.953643663238204,0.3359830011062967,0.9680072018914947,0.3385884001931834,1.0
5,3,0.34927945959679363,0.11642648653226455,0.9493149168498007,0.3392913121851264,0.9647107914910925,0.3315019487997941,1.0000000000000002
6,4,0.359456222348974,0.0898640555872435,0.9442339442641535,0.3325780045875205,0.9614975852064224,0.3253363687109605,0.9999999999999999
7,5,0.37378642551849117,0.07475728510369824,0.9393639534306936,0.32212095710787536,0.9583138064524155,0.3192983910875601,1.0
8,6,0.3903068579525239,0.06505114299208732,0.9346208100710064,0.3102715840434986,0.9551430875694634,0.31330416184219834,1.0000000000000002
9,8,0.40833819918372816,0.05104227489796602,0.9298240361350106,0.2982924455710516,0.9519899038278873,0.3079756464359961,1.0000000000000004
10,10,0.42601327988791715,0.042601327988791717,0.9248385650485688,0.2846639305684529,0.9488338618156029,0.30267625894234607,1.0
11,12,0.4289334941138895,0.03574445784282412,0.917151517257326,0.24638674178074016,0.9455187313499693,0.29577584423861264,1.0000000000000002
12,13,0.4289220083875601,0.03299400064519693,0.9096691477499513,0.21711592087087395,0.9421134526224841,0.288388353743162,0.9999999999999998
13,15,0.4278054170136475,0.028520361134243166,0.9024248202064461,0.19518707061520715,0.9386582775284482,0.2806732075646818,1.0000000000000007
14,17,0.4262847219181428,0.02507557187753781,0.8953732259699082,0.1777481158079387,0.9351822982748178,0.2728765236583224,0.9999999999999993
15,18,0.42464503205646886,0.023591390669803827,0.8884697928033997,0.1634370972568141,0.9317011923089107,0.2652190744056636,1.0000000000000004
16,20,0.42301244971219254,0.021150622485609626,0.8816743565438646,0.15145116766748992,0.9282246305101732,0.25793984898439265,1.0
17,21,0.42145519007361887,0.020069294765410424,0.8749526599451695,0.14150553620308406,0.9247586745883949,0.2509247196101439,0.9999999999999997
18,22,0.42000206313641514,0.019091002869837052,0.8682623424309782,0.13288854409947884,0.9213102825551407,0.2442066145219655,1.0000000000000007
19,24,0.41863275755257273,0.01744303156469053,0.8616357331640372,0.1253469785966977,0.9178776978729439,0.23779725935974133,1.0000000000000002
20,25,0.41734298237935696,0.01669371929517428,0.8550715705096547,0.1186883559153828,0.9144608878324822,0.2316955390378544,1.0
21,26,0.41613203066763527,0.016005078102601357,0.8485678001059546,0.11276281209883086,0.911059723057138,0.22589284811319835,1.0
22,27,0.4149985495860551,0.015370316651335373,0.8421175438496074,0.10745273465414097,0.9076747113606638,0.22037645632026223,0.9999999999999994
23,29,0.41394478074069485,0.014273957956575685,0.8357050021494593,0.10266352391588005,0.9043029453209486,0.2151314830523286,1.0
24,30,0.41297058487096094,0.013765686162365365,0.8293195213050689,0.0983194163113255,0.9009435054507211,0.21014223233473484,1.0000000000000004
25,31,0.41206181804508824,0.01329231671113188,0.8229769871390286,0.0943618292085724,0.8975984853859864,0.20543496076742104,0.9999999999999997
26,32,0.411212278496605,0.012850383703018907,0.8166827252681816,0.09074941892628977,0.894266613094001,0.20096483370572665,1.0000000000000004
27,33,0.4104175440836808,0.012436895275263055,0.8104364349236144,0.08745196747351922,0.8909468443227241,0.1966999757595063,0.9999999999999996
28,34,0.4096734954012268,0.012049220452977258,0.8042339590298297,0.08440953494208092,0.8876385100916009,0.19262757322378443,0.9999999999999997
29,36,0.4089762390705885,0.011360451085294125,0.7980803219606712,0.08159327730832658,0.8843425278457233,0.18873556566437477,1.0000000000000007
30,37,0.40832217135052373,0.011035734360824966,0.7919749030294919,0.07897860010352832,0.8810592854736035,0.18501266978023095,1.0
31,38,0.40770922286683775,0.0107291900754431,0.7859138417848521,0.0765441605488373,0.8777882331050549,0.18144835383873167,1.0000000000000002
32,39,0.40713599390188615,0.010439384459022722,0.7798899866329174,0.0742714531463985,0.8745285380513129,0.17803280958664675,1.0000000000000002
33,41,0.4065959581460725,0.009916974588928599,0.7739157211682895,0.07214535994769064,0.871280953872911,0.17475698822056981,0.9999999999999998
34,42,0.40608521251609747,0.009668695536097558,0.7679933861591733,0.07015229081311622,0.8680456755011099,0.17161251586758225,0.999999999999999
35,43,0.40560083233772337,0.009432577496226125,0.7621255437155018,0.06828020676690924,0.8648226518534377,0.1686051186775312,1.0
36,44,0.4051401587523267,0.009207730880734698,0.7563151009052449,0.0665231847824048,0.8616124382644487,0.16574662974680626,0.9999999999999998
37,45,0.40470076473868194,0.008993350327526265,0.750564388800324,0.0648704707761341,0.8584150805270465,0.16299503394975884,1.0
38,46,0.40428044169556093,0.008788705254251324,0.7448721384048099,0.06330958327435175,0.8552307819742331,0.16034437078630512,1.0
39,47,0.40387723680407916,0.008593132697959131,0.7392392195487776,0.06183316106659191,0.8520601147690802,0.15778910549942116,0.9999999999999994
40,49,0.4034892309800078,0.008234474101632812,0.7336663103238856,0.06043463813883431,0.848903188573885,0.15532409589989304,0.9999999999999996
41,50,0.4031142986475636,0.008062285972951272,0.7281545426485615,0.059108174020817146,0.8457603488045142,0.15294456362661465,1.0000000000000004
42,51,0.40275035227652334,0.007897065730912223,0.7227059544911342,0.057848526364915186,0.8426327233722276,0.15064606499885816,1.0000000000000002
43,52,0.40239554072590566,0.007738375783190494,0.7173225244172695,0.056650948073746855,0.8395194902988994,0.1484244624574525,0.9999999999999998
44,53,0.4020482328552941,0.007585815714250832,0.7120060873319151,0.055511128308549366,0.8364215164278862,0.1462758986833868,1.0000000000000002
45,54,0.40170696485499774,0.007439017867685143,0.7067559150667848,0.05442514694498204,0.8333397714444915,0.14419677345231224,1.0
46,56,0.4013704076682072,0.007167328708360843,0.701572234344539,0.0533930630964123,0.8302738474398039,0.14218372277957284,0.9999999999999992
47,57,0.40103734127646234,0.00703574282941162,0.6964556272830936,0.052409214716870565,0.8272243414405439,0.14023360007781555,1.0
48,58,0.40070662482821834,0.006908734910831351,0.6914063473642418,0.051468882348823755,0.8241915586954947,0.13834345916118584,1.0
49,59,0.4003771743376273,0.006786053802332667,0.6864268506888992,0.05056939493341105,0.8211755740702694,0.1365105388570404,1.0
50,60,0.4000479668272555,0.006667466113787592,0.6815178394949954,0.04970830102126943,0.8181766155151753,0.13473224888902863,1.0000000000000004
51,61,0.3997180592580077,0.006552755069803405,0.6766785296951838,0.04888334364351,0.8151953770352075,0.13300615683021036,1.0000000000000002
52,63,0.3993865984055115,0.0063394698159605,0.6719091273575677,0.04809243926088996,0.8122324015291913,0.1313299761063507,1.0000000000000004
53,64,0.3990528180437459,0.00623520028193353,0.6672095577288661,0.047333660690964695,0.8092878682844223,0.12970155504118186,1.0
54,65,0.39871603022337704,0.006134092772667339,0.6625792793221223,0.04660522272738128,0.8063623289013971,0.12811886688228366,1.0
55,66,0.39837561505166463,0.006035994167449464,0.658017589399673,0.04590546960635753,0.803455768625918,0.12658000072130357,0.9999999999999999
56,67,0.39803101128292573,0.005940761362431727,0.6535251586213533,0.045232863821319504,0.8005681596869625,0.12508315321669658,0.9999999999999999
57,68,0.39768170997357233,0.005848260440787828,0.6491012075363214,0.04458597585633128,0.7976995332493904,0.12362662102466936,0.9999999999999998
58,70,0.39732725211383846,0.005676103601626264,0.6447455612825174,0.04396347460955201,0.7948504588549244,0.12220879385066372,1.0
59,71,0.3969672284113964,0.005591087724104175,0.6404590695781819,0.04336411860513096,0.792021228916845,0.12082814805435645,0.9999999999999997
60,72,0.39660127852655336,0.005508351090646574,0.636241331234194,0.04278674818023839,0.7892123061338482,0.11948324076250946,1.0000000000000002
61,73,0.3962290885744538,0.0054277957338966275,0.6320905601105736,0.042230278658307134,0.7864238287350499,0.11817270445373065,0.9999999999999997
62,74,0.3958503872972167,0.005349329558070496,0.6280061880864091,0.041693694356110894,0.7836557003255977,0.11689524197962842,0.9999999999999989
63,75,0.3954649418685504,0.005272865891580672,0.6239872419664936,0.04117604323280972,0.7809080163606894,0.11564962198500436,0.9999999999999998
64,77,0.39507255414941295,0.005130812391550817,0.6200329831572611,0.04067643202507216,0.7781812219961229,0.1144346746894044,0.9999999999999999
65,78,0.39467305773546185,0.005059910996608485,0.6161424416108515,0.04019402177767113,0.7754752735169087,0.113249287994673,0.9999999999999999
66,79,0.39426631562824377,0.004990712856053719,0.6123153566986217,0.039729274743691895,0.7727903138113531,0.11209240388762122,1.0000000000000009
67,80,0.3938522181606092,0.004923152727007616,0.6085509671064567,0.03928123299463939,0.7701262764140382,0.11096301511166799,1.0000000000000002
68,82,0.39343068096439343,0.004797935133712115,0.6048488412541017,0.03884801212153212,0.7674831827216569,0.10986016208472693,1.0000000000000004
69,83,0.39300164300659873,0.0047349595542963705,0.6012087547301367,0.03842896315920601,0.7648612938598256,0.10878293004259948,0.9999999999999991
70,84,0.3925650647996437,0.004673393628567187,0.5976293741155415,0.038023473465469464,0.7622607915635209,0.1077304463886283,1.0000000000000004
71,85,0.3921209268179464,0.004613187374328781,0.5941096712395332,0.03763096419240968,0.759681512221689,0.10670187823203621,0.9999999999999997
72,87,0.3916692280604016,0.0045019451501195585,0.5906490179354817,0.03725088796386368,0.7571233543406336,0.10569643009924984,0.9999999999999998
73,88,0.3912099846717044,0.004445568007633005,0.5872464370217733,0.036882726746509026,0.7545861002794206,0.10471334180426813,1.0
74,89,0.39074322856757693,0.004390373354691875,0.5839012429282634,0.036525989900768746,0.7520699433468456,0.10375188646557709,0.9999999999999996
75,90,0.3902690060547088,0.004336322289496764,0.5806125210988459,0.03618021239522562,0.7495749641000625,0.10281136865822949,0.9999999999999993
76,91,0.3897873764658945,0.004283377763361478,0.5773797359811382,0.03584495316732395,0.7471010682300223,0.10189112269061591,0.9999999999999998
77,93,0.3892984108399432,0.004186004417633798,0.5742020826589203,0.0355197936140735,0.744648380519067,0.10099051099625202,0.9999999999999993
78,94,0.38880219067193145,0.0041361935177865045,0.5710787636490656,0.03520433619843483,0.7422167138508673,0.10010892263165112,1.0000000000000004
79,95,0.3882988067502806,0.004087355860529269,0.5680087459954145,0.03489820315926683,0.739806012724759,0.09924577187206726,1.0000000000000002
80,97,0.3877883580877907,0.003997818124616399,0.5649912492730597,0.0346010353147241,0.737416165342546,0.09840150104763402,1.0
81,98,0.3872709509462271,0.0039517443974104805,0.562025361988181,0.03431249095064624,0.7350471027057822,0.09757600811462844,0.9999999999999999
82,99,0.38674669794894945,0.003906532302514641,0.5591100188066845,0.03403224478676754,0.732698929743986,0.09676725274186687,0.9999999999999996
83,101,0.3862157172733209,0.003823917992805157,0.556244473004772,0.03375998701453559,0.7303715253915147,0.09597474122976789,1.0000000000000004
84,102,0.3856781319138185,0.0037811581560178286,0.5534278946110374,0.03349542240102751,0.7280647098933258,0.09519799911873991,0.9999999999999997
85,103,0.38513406900728697,0.0037391657185173494,0.5506597064707469,0.03323826945396422,0.7257783095788726,0.0944365702463518,1.0000000000000007
86,105,0.3845836592130373,0.0036627015163146408,0.5479395412521314,0.03298825964321826,0.7235125104784692,0.0936900158606693,1.0000000000000004
87,106,0.38402703614196254,0.003622896567377005,0.5452662233514318,0.0327451366745387,0.7212670574177504,0.09295791378581209,0.9999999999999993
88,107,0.3834643358301882,0.003583778839534469,0.542639225107597,0.03250865581151844,0.7190416318704205,0.09223985763610502,0.9999999999999999
89,109,0.3828956962538199,0.0035128045527873385,0.5400574430792042,0.03227858324211706,0.7168359360007288,0.09153545607548878,1.0
90,110,0.38232125688207574,0.003475647789837052,0.5375201730301122,0.032054695486335716,0.7146501454600666,0.09084433211911577,0.9999999999999999
91,111,0.3817411582665397,0.00343910953393279,0.5350265537234263,0.03183677884191421,0.7124841049039863,0.09016612247429652,0.9999999999999994
92,113,0.3811555416645136,0.0033730578908364034,0.5325759904538677,0.03162462886518317,0.71033768622528,0.08950047691817913,1.0
93,114,0.3805645486945716,0.0033382855148646634,0.5301677825681431,0.03141804988444863,0.7082108540771106,0.08884705770974312,1.0000000000000004
94,115,0.3799683210224748,0.003304072356717172,0.5278011894286757,0.031216854543513514,0.7061034127885555,0.08820553903387172,0.999999999999999
95,117,0.37936700007563695,0.003242452992099461,0.5254754883493392,0.031020863373147016,0.7040151773567316,0.08757560647543314,1.0000000000000004
96,118,0.378760726784357,0.0032098366676640423,0.5231900101332138,0.030829904388500147,0.7019461033068681,0.08696116629149425,0.9999999999999996
97,120,0.37814964134806717,0.003151247011233893,0.5209439715001083,0.030643812710634905,0.699896125247676,0.08636050566177077,1.0000000000000004
98,121,0.3775338830248997,0.003120114735742973,0.518736740349549,0.030462430210486984,0.6978649659758395,0.08577037052211954,0.9999999999999997
99,123,0.37691358994292545,0.0030643381296172802,0.5165676375071608,0.030285605173718904,0.6958524621706681,0.08519049363261857,1.0
100,124,0.3762888989314915,0.0030345878946088025,0.5144361339035869,0.03011319198504488,0.6938584027277478,0.08462061664139851,1.0000000000000004
101,126,0.3756599453711581,0.002981428137866334,0.5123415628481947,0.029945050830720556,0.6918829754277857,0.08406048971689829,1.0000000000000002
102,127,0.37502686306081584,0.002952967425675715,0.5102833248322927,0.029781047417992392,0.689925905822131,0.08350987119848223,1.0000000000000009
103,129,0.374389784100643,0.0029022463883770777,0.5082607385834529,0.029621052710393773,0.6879869707945208,0.0829685272643349,0.9999999999999999
104,130,0.37374883878964693,0.002874991067612669,0.5062733254160713,0.029464942677858996,0.6860659222145469,0.08243623161562437,1.0
105,132,0.3731041555366118,0.00282654663285312,0.5043203879213347,0.029312598060702605,0.6841625700165708,0.08191276517599146,0.9999999999999999
106,133,0.372455860783351,0.0028004200058898573,0.5024013410245682,0.02916390414658192,0.6822767968115045,0.08139791580548753,0.9999999999999994
107,135,0.3718040789392427,0.002754104288438835,0.5005156022012757,0.02901875055962442,0.6804087432757171,0.08089147802814071,1.0
108,136,0.3711489323260915,0.0027290362671036138,0.4986625321507288,0.028877031060960356,0.6785579073463831,0.08039325277238436,0.9999999999999999
109,138,0.37049054113242896,0.0026847140661770213,0.4968415875880033,0.028738643359955147,0.6767240577446088,0.07990304712363237,1.0000000000000002
110,140,0.3698290233764354,0.002641635881260253,0.49505232355843015,0.028603488935485297,0.6749072383346478,0.07942067408833109,1.0
111,141,0.36916449487671443,0.0026181879069270527,0.49329396703806744,0.028471676528007587,0.6731071990828704,0.0789459523688609,1.0000000000000002
112,143,0.36849706923021863,0.002576902582029501,0.49156604288803074,0.02834351007010203,0.6713238815792356,0.07847870614870063,1.0000000000000009
113,145,0.3678268577966718,0.0025367369503218745,0.4898680362186632,0.02821829962602367,0.6695572364866569,0.07801876488730422,0.9999999999999996
114,146,0.3671539696888826,0.002514753217047141,0.488199502460674,0.02809596004954883,0.6678070435010429,0.07756596312417308,0.9999999999999994
115,148,0.3664785117683968,0.002476206160597276,0.4865597533880613,0.02797640921119648,0.6660731657440947,0.07712014029164029,1.0
116,150,0.36580058864596804,0.0024386705909731203,0.4849483493148795,0.02785956786751369,0.664355408489457,0.07668114053591174,0.9999999999999997
117,151,0.3651203026863764,0.0024180152495786515,0.48336478245268755,0.027745359536969993,0.6626535641952307,0.07624881254593621,0.9999999999999996
118,153,0.3644377540171583,0.002381946104687309,0.48180861138270903,0.02763371038207978,0.660967482777611,0.07582300938970357,1.0000000000000002
119,155,0.36375304054084256,0.0023467938099409197,0.48027930270993485,0.027524549097396645,0.6592971337456016,0.07540358835759227,1.0
120,156,0.363066257950326,0.0023273478073738843,0.47877648825213304,0.027417806803046754,0.6576422996625706,0.07499041081241115,1.0000000000000002
121,158,0.3623774997470457,0.0022935284794116818,0.477299620804749,0.0273134169434887,0.6560027793053507,0.07458334204580017,0.9999999999999996
122,160,0.3616868572616386,0.002260542857885241,0.4758481951930202,0.027211315191208334,0.6543784185806791,0.07418225114067459,0.9999999999999998
123,162,0.3609944196767986,0.00222836061528888,0.4744218009302817,0.02711143935507416,0.6527690149437853,0.07378701083941533,1.0000000000000007
124,164,0.3603002740520721,0.0021969528905614153,0.47301999422622504,0.027013729293096915,0.6511745007434934,0.07339749741752429,1.0000000000000002
125,166,0.3596045053503479,0.0021662922009057103,0.4716424170771378,0.026918126829352147,0.6495947310442485,0.0730135905624806,1.0000000000000007
126,168,0.3589071964658241,0.0021363523599156197,0.47028859390172684,0.026824575674839802,0.6480295752517999,0.07263517325754727,1.0
127,170,0.35820842825324917,0.002107108401489701,0.46895827171185905,0.026733021352068457,0.6464789249501496,0.07226213167029218,1.0000000000000004
128,171,0.3575082795582548,0.0020906916933231276,0.46765096224480235,0.026643411123164557,0.6449426680520081,0.07189435504560017,0.9999999999999999
129,173,0.3568068272486104,0.00206246720952954,0.46636621291695535,0.026555693921319293,0.6434205342366862,0.07153173560296565,0.9999999999999996
130,175,0.3561041462462497,0.0020348808356928554,0.4651036566355609,0.026469820285396576,0.6419123326847451,0.07117416843786539,1.0
131,177,0.355400309559928,0.002007911353445921,0.46386294524129096,0.02638574229753625,0.6404179583470355,0.0708215514270231,1.0000000000000002
132,179,0.3546953883183844,0.001981538482225611,0.46264369866280275,0.026303413523596306,0.6389372807505123,0.07047378513738678,0.9999999999999999
133,181,0.3539894518038956,0.0019557428276458324,0.461445579230337,0.026222788956287144,0.6374701082839701,0.07013077273864948,0.9999999999999993
134,183,0.3532825674861151,0.0019305058332574595,0.46026826345355026,0.026143824960859114,0.6360163488125611,0.06979241991915275,1.0
135,185,0.3525748010561055,0.0019058097354384082,0.4591113748161482,0.02606647922321292,0.6345758212322701,0.06945863480502093,1.0000000000000002
136,188,0.35186621646047805,0.0018716288109599897,0.4579744479240534,0.02599071070030978,0.6331483910578721,0.0691293278823815,0.9999999999999997
137,190,0.3511568759355641,0.0018481940838713901,0.456857166259414,0.025916479572765036,0.6317339749398765,0.06880441192253497,0.9999999999999994
138,192,0.3504468400415481,0.0018252439585497297,0.4557592110899154,0.02584374719951592,0.6303324288652852,0.06848380190994412,1.0000000000000002
139,194,0.34973616769650095,0.0018027637510128916,0.45468031845826834,0.02577247607445986,0.6289436047130987,0.06816741497291907,1.0000000000000004
140,196,0.34902491621025866,0.001780739368419687,0.4536201482750565,0.02570262978496563,0.6275673880097007,0.06785517031688126,1.0000000000000004
141,198,0.34831314131809665,0.0017591572793843266,0.45257833808146114,0.0256341729721654,0.6262036798232569,0.0675469891600946,0.9999999999999999
142,200,0.3476008972141562,0.001738004486070781,0.45155455692653396,0.025567071292940103,0.6248523391555104,0.06724279467175824,1.0000000000000002
143,202,0.346888236584583,0.0017172684979434802,0.4505484668416692,0.025501291383515978,0.6235132533214734,0.06694251191235989,1.0
144,205,0.34617521064034396,0.0016886595640992388,0.44955971741891615,0.025436800824594357,0.6221863228005226,0.06664606777619429,1.0000000000000002
145,207,0.34546186914969246,0.0016688979185975482,0.4485880288067477,0.025373568107940815,0.6208714021160355,0.06635339093595541,0.9999999999999997
146,209,0.3447482604702554,0.0016495132079916528,0.44763313936902066,0.025311562604364155,0.6195683923884245,0.06606441178931562,1.0
147,212,0.344034431580718,0.0016228039225505567,0.4466947559224699,0.025250754533019004,0.6182770899678667,0.0657790624074095,1.0000000000000004
148,214,0.34332042811208796,0.0016043010659443362,0.4457725780457155,0.025191114931969568,0.6169973814199811,0.06549727648514327,0.9999999999999997
149,216,0.34260629437852047,0.0015861402517524095,0.4448664881089447,0.02513261562995542,0.6157291310060851,0.06521898929325484,0.9999999999999998
150,219,0.3418920734076927,0.0015611510201264506,0.4439761831719801,0.025075229219303025,0.6144722937497679,0.06494413763205349,0.9999999999999998
151,221,0.3411778069707102,0.0015437909817679195,0.44310138428024415,0.025018929029929946,0.6132267431203795,0.06467265978677028,0.9999999999999999
152,224,0.34046353561154247,0.0015199264982658147,0.44224175142033034,0.02496368910439126,0.6119922828493863,0.06440449548445483,0.9999999999999994
153,226,0.33974929867597353,0.0015033154808671396,0.44139702977890377,0.024909484173920377,0.6107688045536639,0.06413958585235624,1.0
154,229,0.33903513434006544,0.0014805027700439538,0.4405670258941141,0.024856289635418843,0.6095562652381064,0.06387787337772881,1.0
155,231,0.33832107963812813,0.001464593418346875,0.43975142494332375,0.02480408152935217,0.608354587528668,0.06361930186900638,1.0000000000000002
156,234,0.33760717049019384,0.0014427656858555292,0.4389499565223903,0.024752836518510676,0.6071636112071231,0.06336381641829118,0.9999999999999994
157,236,0.3368934417289928,0.0014275145835974273,0.4381624580998483,0.02470253186759663,0.6059831688550743,0.06311136336510562,0.9999999999999998
158,239,0.336179927126432,0.0014066105737507615,0.43738867049747204,0.02465314542360086,0.6048131728206931,0.06286189026135791,1.0000000000000002
159,241,0.33546665941957365,0.0013919778399152434,0.436628405850815,0.024604655596933717,0.60365349140475,0.06261534583747458,1.0000000000000002
160,244,0.33475367033611875,0.0013719412718693391,0.4358814207911568,0.024557041343277165,0.60250405253752,0.06237167996965458,1.0
161,247,0.3340409906193962,0.001352392674572454,0.435147443612001,0.02451028214612631,0.6013647484531146,0.06213084364820239,1.0000000000000002
162,249,0.33332865005285905,0.0013386692773207191,0.43442632722254726,0.024464357999990426,0.6002354560292176,0.06189278894689864,1.0000000000000004
163,252,0.33261667748409385,0.0013199074503337058,0.4337178281643214,0.024419249394224605,0.5991161361644547,0.061657468993369303,0.9999999999999998
164,255,0.33190510084834557,0.0013015886307778258,0.43302172952439055,0.024374937297465146,0.5980067379929422,0.06142483794041545,1.0
165,257,0.33119394719156414,0.001288692401523596,0.4323378085385346,0.024331403142642417,0.5969071724595212,0.061194850938267674,0.9999999999999998
166,260,0.33048324269297596,0.0012710893949729844,0.4316658755160543,0.024288628812546825,0.5958172343236888,0.060967464107730886,0.9999999999999999
167,263,0.3297730126871877,0.0012538897820805618,0.43100574025439825,0.024246596625924252,0.5947368308530364,0.060742634514186065,0.9999999999999999
168,266,0.3290632816858269,0.0012370800063376951,0.4303571997357217,0.024205289324078682,0.5936658303849796,0.06052032014241767,0.9999999999999999
169,269,0.32835407339872613,0.0012206471130064168,0.42972009552480395,0.024164690057960608,0.5926042169110457,0.060300479872236315,1.0000000000000002
170,271,0.32764541075465736,0.0012090236559212449,0.4290941641173255,0.024124782375721035,0.5915518607159623,0.06008307345486738,1.0000000000000004
171,274,0.3269373159216221,0.001193201882925628,0.4284792272291215,0.024085550210711668,0.5905086094061962,0.05986806149007823,1.0
172,277,0.32622981032670473,0.001177724947027815,0.42787509040828836,0.02404697786991292,0.5894743854003992,0.05965540540401689,1.0000000000000004
173,280,0.3255229146754963,0.0011625818381267726,0.427281597497203,0.024009050022772004,0.5884491231075942,0.059445067427736795,0.9999999999999998
174,283,0.3248166489710945,0.0011477620104985672,0.42669857147846435,0.023971751690434483,0.5874327644068439,0.05923701057638301,1.0000000000000007
175,286,0.324111032532689,0.0011332553585059056,0.4261258389207548,0.023935068235353213,0.5864251750223932,0.05903119862901649,1.0000000000000002
176,289,0.32340608401373516,0.0011190521938191527,0.4255632328843855,0.02389898535125943,0.5854261718969187,0.05882759610905343,0.9999999999999999
177,292,0.3227018214197298,0.0011051432240401706,0.4250105941736935,0.023863489053481315,0.5844357010936845,0.058626168265298484,1.0000000000000002
178,295,0.32199826212558935,0.0010915195326291164,0.42446778567576804,0.023828565669596288,0.5834537516521554,0.05842688105355064,0.9999999999999998
179,298,0.32129542289264146,0.001078172560042421,0.42393462243674823,0.02379420183040362,0.5824802577730851,0.058229701118762,0.9999999999999994
180,301,0.32059331988523726,0.001065094085997466,0.42341096494021735,0.023760384461204653,0.5815151093540704,0.05803459577773004,0.9999999999999998
181,304,0.3198919686869892,0.0010522762127861487,0.4228966118619929,0.023727100773378626,0.5805582002626948,0.05784153300230516,1.0000000000000002
182,307,0.3191913843166435,0.001039711349565614,0.4223914109267594,0.02369433825624239,0.5796093709205132,0.05765048140309553,0.9999999999999997
183,310,0.31849158124359317,0.001027392197559978,0.4218952394885965,0.023662084669183042,0.5786686065254228,0.05746141021365245,1.0000000000000002
184,313,0.3177925734030397,0.001015311736111948,0.42140796403957775,0.023630328034052805,0.5777358610401198,0.057274289275119725,0.9999999999999997
185,316,0.31709437421080794,0.0010034632095278731,0.42092943705731256,0.02359905662781606,0.5768110089619404,0.057089089021331266,1.0000000000000004
186,319,0.3163969965778253,0.000991840114664029,0.4204595020806278,0.023568258975438898,0.5758939507025693,0.056905780464341846,1.0
187,322,0.3157004529242657,0.0009804361892057942,0.4199980379838259,0.02353792384301186,0.5749846672840901,0.05672433518037656,0.9999999999999996
188,325,0.315004755193372,0.0009692454005949908,0.4195448412390883,0.02350804023109706,0.5740830602830601,0.05654472529618482,1.0000000000000002
189,328,0.3143099148649575,0.0009582619355638949,0.4190998011655248,0.02347859736829113,0.5731890580977043,0.05636692347578552,1.0
190,331,0.3136159429685966,0.0009474801902374519,0.41866282619870193,0.023449584704995998,0.572302552178572,0.056190902907590365,1.0000000000000002
191,335,0.3129228500965097,0.0009340980599895813,0.4182338209602632,0.023420991907389548,0.571423441994592,0.056016637291892914,1.0000000000000002
192,338,0.3122306464161483,0.0009237593089235156,0.4178126112326766,0.023392808851588932,0.5705516863311253,0.055844100828711385,0.9999999999999997
193,341,0.3115393416824871,0.000913605107573276,0.4173990793592146,0.023365025617999247,0.5696872075197429,0.05567326820597352,1.0000000000000004
194,344,0.3108489452500293,0.0009036306547965968,0.4169930917675718,0.02333763248584075,0.5688299325879776,0.055504114588032595,0.9999999999999998
195,347,0.3101594660845295,0.0008938313143646383,0.41659450743673426,0.023310619927848185,0.567979818930849,0.05533661560450358,0.9999999999999999
196,350,0.30947091277444294,0.0008842026079269799,0.4162032041064244,0.02328397860513582,0.5671367686450801,0.055170747339409444,1.0000000000000002
197,353,0.30878329354210293,0.0008747402083345693,0.41581910932289834,0.023257699362222335,0.5663007022710531,0.055006486320627344,1.0000000000000002
198,356,0.3080966162546357,0.0008654399332995384,0.4154420943488804,0.023231773222209567,0.5654715535623946,0.05484380950962537,0.9999999999999998
199,360,0.3074108884346167,0.000853919134540602,0.41507204643540446,0.02320619138210981,0.5646492437160668,0.05468269429148048,1.0
200,363,0.3067261172704727,0.0008449755296707237,0.41470885353113285,0.023180945208316317,0.5638337053922192,0.05452311846516872,1.0
201,366,0.30604230962663687,0.0008361811738432702,0.414352377389349,0.023156026232211756,0.5630248904154559,0.05436506023411909,0.9999999999999998
202,369,0.3053594720534607,0.0008275324445893244,0.41400252861553183,0.02313142614590999,0.5622226771238377,0.05420849819702307,0.9999999999999994
203,372,0.30467761079688893,0.0008190258354755079,0.4136591932707483,0.023107136798126333,0.561427064007334,0.054053411338891376,0.9999999999999999
204,375,0.303996731807901,0.0008106579514877359,0.41332227434450675,0.0230831501901718,0.5606379955365008,0.053899779022350595,1.0000000000000002
205,378,0.3033168407517256,0.0008024255046341947,0.41299169478413533,0.023059458472067144,0.5598553863366503,0.05374758097917219,1.0
206,381,0.3026379430168318,0.000794325309755464,0.41266729651625805,0.02303605393877236,0.5590791617627966,0.05359679730202659,1.0000000000000004
207,384,0.301960043723702,0.0007863542805304739,0.4123490103594982,0.023012929026527913,0.5583092568637827,0.0534474084364556,1.0
208,388,0.3012831477333914,0.000776502958075751,0.4120367425302383,0.02299007630930363,0.5575455915269012,0.053299395173056305,0.9999999999999999
209,391,0.30060725965587803,0.0007688165208590231,0.41173039233838027,0.022967488495351678,0.5567881312123178,0.05315273863987021,0.9999999999999998
210,394,0.2999323838582081,0.0007612497052238784,0.41142985440161983,0.022945158423860273,0.5560368387342134,0.0530074202949713,1.0000000000000002
211,397,0.29925852447244095,0.0007537998097542593,0.4111350382188273,0.02292307906170438,0.5552916202504123,0.05286342191924686,0.9999999999999999
212,400,0.29858568540339725,0.0007464642135084931,0.4108458769084829,0.022901243500290467,0.5545523863305477,0.05272072560936566,1.0000000000000002
213,403,0.2979138703362161,0.0007392403730427198,0.41056227340227763,0.022879644952491958,0.5538190992668385,0.05257931377092736,1.0
214,406,0.2972430827437223,0.0007321258195658185,0.41028413623933846,0.022858276749672644,0.553091735801647,0.05243916911178826,0.9999999999999997
215,409,0.2965733258936112,0.0007251181562190983,0.4100113674620173,0.022837132338794707,0.5523702002987537,0.052300274635557815,1.0000000000000004
216,411,0.2959046028554527,0.0007199625373611988,0.4097438690898731,0.022816205279609113,0.5516544559513422,0.052162613635260875,1.0000000000000002
217,414,0.29523691650751727,0.0007131326485688823,0.40948156502849753,0.022795489241925298,0.5509444525848406,0.05202616968716109,0.9999999999999996
218,417,0.2945702695434315,0.0007064035240849677,0.4092243718573311,0.022774978002957674,0.5502401603268524,0.05189092664474028,0.9999999999999998
219,420,0.2939046644786629,0.0006997730106634831,0.4089722197366928,0.02275466544474661,0.5495414847402734,0.051756868632829654,1.0000000000000002
220,423,0.2932401036568393,0.0006932390157372087,0.40872502691224116,0.02273454555165128,0.5488484087001196,0.051623980041888166,1.0000000000000002
221,426,0.29257658925590574,0.0006867995052955534,0.4084827107816958,0.02271461240791226,0.5481608259496179,0.05149224552242386,1.0
222,429,0.2919141232941239,0.0006804525018511047,0.40824517954039646,0.022694860195281594,0.5474786673423646,0.05136164997955406,0.9999999999999998
223,432,0.29125270763591427,0.0006741960824905422,0.40801235275048886,0.022675283190718144,0.5468019389796185,0.0512321785677005,0.9999999999999997
224,434,0.29059234399754735,0.0006695676128975745,0.4077841610009934,0.022655875764146287,0.5461305682391681,0.05110381668541542,1.0
225,437,0.28993303395268516,0.0006634623202578608,0.4075605341161038,0.02263663237627591,0.5454644858947287,0.05097654997033483,1.0
226,440,0.2892747789377769,0.0006574426794040385,0.4073414094012472,0.022617547576481798,0.544803633218847,0.050850364294255525,0.9999999999999996
227,442,0.288617580257312,0.0006529809508083982,0.40712671281197804,0.022598616000740614,0.5441479722786581,0.05072524575833234,1.0000000000000002
228,445,0.28796143908893346,0.0006471043575032213,0.40691636104962514,0.02257983236962368,0.5434974525612453,0.050601180688391985,1.0
229,448,0.287306356488413,0.0006413088314473505,0.406710300907609,0.022561191486343907,0.5428520167844086,0.05047815563036058,1.0000000000000004
230,450,0.28665233339449403,0.0006370051853210978,0.4065084761825915,0.022542688234855095,0.5422116328166013,0.050356157345801345,1.0
231,453,0.2859993706336015,0.0006313451890366478,0.4063108000759094,0.02252431757800225,0.5415762633767177,0.05023517280755968,0.9999999999999997
232,456,0.28534746892442436,0.0006257619932553166,0.4061172004010835,0.022506074555721175,0.5409458524209543,0.05011518919551246,1.0000000000000004
233,458,0.2846966288823721,0.0006216083600051794,0.405927611512213,0.022487954283285958,0.540320331234296,0.049996193892418765,0.9999999999999998
234,461,0.2840468510239069,0.0006161536898566311,0.4057419703230809,0.022469951949603002,0.5396996590523055,0.049878174479869225,1.0
235,463,0.28339813577075723,0.0006120910059843568,0.4055602271368923,0.02245206281555003,0.5390837760253354,0.049761118734331256,0.9999999999999999
236,466,0.2827504834540109,0.0006067606941073195,0.4053823139289897,0.02243428221235908,0.5384726391307881,0.0496450146232876,1.0
237,468,0.2821038943180947,0.0006027860989702878,0.40520815684186745,0.02241660554004182,0.5378662378687532,0.049529850301465686,0.9999999999999999
238,471,0.28145836852463946,0.0005975761539801262,0.4050376936834625,0.022399028265856238,0.5372645108502537,0.04941561410715515,1.0
239,473,0.280813906156235,0.0005936869051928859,0.4048708673202833,0.022381545922813485,0.536667388721645,0.04930229455861148,1.0000000000000002
240,475,0.28017050722007586,0.000589832646779107,0.4047076133855984,0.0223644477419983,0.5360748643311938,0.04918988035054305,0.9999999999999997
241,478,0.27952817165150173,0.0005847869699822212,0.40454789484520876,0.022347554443438285,0.5354868933403742,0.04907836035067972,1.0
242,480,0.2788868993174334,0.0005810143735779862,0.40439164492325497,0.022330740810266154,0.5349034153277992,0.04896772359642048,0.9999999999999996
243,482,0.2782466900197068,0.000577275290497317,0.4042388075848158,0.02231400263394934,0.5343243951287805,0.048857959291558326,1.0
244,485,0.2776075434983084,0.0005723866876253781,0.4040893360219577,0.02229733576454025,0.5337498122718488,0.04874905680308004,1.0
245,487,0.2769694594345117,0.0005687257893932478,0.4039431760082015,0.022280736109405046,0.533179614285751,0.04864100565803925,0.9999999999999997
246,489,0.2763324374539192,0.0005650970091082193,0.4038002711353165,0.022264199631985226,0.5326137502033713,0.048533795540500406,1.0
247,492,0.2756964771294114,0.0005603586933524622,0.40366057034819763,0.022247722350591182,0.532052184940254,0.048427416288552336,1.0
248,494,0.2750615779840031,0.0005568048137327998,0.4035240149286158,0.02223130033722673,0.5314948759641025,0.04832185789138893,1.0
249,496,0.27442773949361166,0.0005532817328500235,0.40339055142594044,0.02221492971644396,0.5309418107544339,0.048217110486455904,1.0000000000000002
250,498,0.2737949610897367,0.0005497890784934473,0.4032601334295866,0.022198606664227526,0.5303929174234789,0.04811316435666142,1.0
251,500,0.2731632421620547,0.0005463264843241093,0.4031327207155873,0.022182327406907558,0.5298481507631448,0.04801000992764909,0.9999999999999998
252,502,0.2725325820609298,0.0005428935897628084,0.4030082597865889,0.022166088220100424,0.5293074700685753,0.0479076377651318,1.0000000000000002
253,505,0.2719029800998426,0.0005384217427719655,0.40288669399507937,0.022149885427676853,0.5287708594515487,0.047806038572284736,1.0000000000000002
254,507,0.27127443555773856,0.0005350580582992871,0.40276798298989763,0.022133715400756333,0.5282382826622052,0.04770520318719618,1.0000000000000002
255,509,0.27064694768129793,0.0005317228834603103,0.40265208042346406,0.022117574556727485,0.5277096986018043,0.04760512258037443,0.9999999999999998
256,511,0.2700205156871295,0.0005284158819708992,0.402538931236506,0.022101459358293433,0.5271850388761369,0.04750578785230966,1.0000000000000002
257,513,0.26939513876388893,0.0005251367227366256,0.4024284938399079,0.022085366312541828,0.5266642839935229,0.04740719023108918,1.0000000000000002
258,515,0.268770816074323,0.0005218850797559671,0.4023207149713879,0.022069291970038724,0.526147386867174,0.04730932107006475,1.0000000000000002
259,517,0.26814754675724367,0.0005186606320256164,0.4022155482007579,0.02205323292394575,0.5256343315460171,0.04721217184557078,1.0000000000000002
260,519,0.26752532992943023,0.0005154630634478424,0.4021129624740313,0.022037185809160035,0.5251250641863972,0.04711573415469195,0.9999999999999998
261,521,0.2669041646874641,0.0005122920627398542,0.4020129127589882,0.022021147301476373,0.5246195760743877,0.04701999971307924,0.9999999999999998
262,523,0.26628405010949585,0.0005091473233451164,0.4019153611958878,0.022005114116770957,0.5241178503813724,0.0469249603528129,0.9999999999999996
263,525,0.265664985256947,0.0005060285433465657,0.4018202632412115,0.021989083010206325,0.5236198289739462,0.046830608020311505,0.9999999999999999
264,527,0.26504696917614723,0.0005029354253816836,0.40172757664928765,0.021973050775456946,0.5231254785454035,0.046736934774285775,1.0000000000000004
265,528,0.26443000089990965,0.0005008143956437682,0.40163727017535794,0.021957014243954884,0.5226347457667848,0.046643932783736006,1.0000000000000002
266,530,0.26381407944904384,0.0004977624140547997,0.40154929850119947,0.02194097028415529,0.5221476010560182,0.046551594325992346,1.0000000000000002
267,532,0.2631992038338108,0.000494735345552276,0.40146361013294674,0.02192491580082093,0.5216640273894602,0.04645991178479642,0.9999999999999999
268,534,0.26258537305531693,0.0004917329083432902,0.4013801705728808,0.021908847734325745,0.5211839863531487,0.04636887764842376,0.9999999999999998
269,536,0.2619725861068536,0.0004887548248262194,0.4012989536304357,0.021892763059976575,0.5207074404105614,0.04627848450784574,1.0000000000000002
270,538,0.261360841975179,0.0004858008215152026,0.4012199128361705,0.021876658787353002,0.5202343715022014,0.04618872505493023,1.0000000000000004
271,539,0.2607501396417463,0.0004837664928418299,0.4011430075085964,0.02186053195966469,0.5197647401472507,0.046099592080679895,0.9999999999999997
272,541,0.26014047808387863,0.0004808511609683524,0.4010681982478343,0.0218443796531259,0.519298489878097,0.04601107847350745,1.0000000000000002
273,543,0.2595318562758924,0.0004779592196609437,0.4009954460234638,0.02182819897634686,0.5188356139457777,0.04592317721754678,0.9999999999999998
274,545,0.25892427319016953,0.00047509040952324686,0.4009247169075515,0.02181198706974157,0.5183760946546414,0.04583588139099913,0.9999999999999999
275,546,0.2583177277981801,0.0004731093915717584,0.4008559850295028,0.02179574110495171,0.5179198903398736,0.04574918416451378,1.0
276,548,0.25771221907145736,0.00047027777202820684,0.40078921470158446,0.021779458284286343,0.5174669822648089,0.04566307879960183,0.9999999999999998
277,550,0.2571077459825253,0.0004674686290591369,0.40072436171849507,0.021763135840177018,0.5170173327120072,0.04557755864708303,1.0
278,551,0.2565043075057805,0.000465525058994157,0.40066139482629504,0.02174677103464805,0.5165709057397551,0.04549261714556423,0.9999999999999997
279,553,0.255901902618329,0.0004627520843007758,0.4006002776132353,0.02173036115880158,0.5161276731764248,0.04540824781994921,1.0000000000000002
280,555,0.2553005303007796,0.00046000095549690015,0.40054097984358566,0.02171390353231724,0.5156876129658954,0.04532444427997886,1.0000000000000004
281,556,0.25470018953799456,0.0004580938660755298,0.4004834665803381,0.021697395502965962,0.5152506905400124,0.04524120021880105,1.0
282,558,0.2541008793197991,0.00045537791992795535,0.4004277030717659,0.02168083444613782,0.5148168849509206,0.04515850941156969,1.0000000000000002
283,559,0.2535025986416506,0.00045349302082585077,0.4003736645460635,0.021664217764383566,0.5143861663709481,0.0450763657140721,1.0000000000000002
284,561,0.2529053465052674,0.0004508116693498528,0.40032131237854873,0.02164754288696956,0.5139585178709462,0.044994763061384044,0.9999999999999998
285,562,0.25230912191922084,0.00044894861551462783,0.4002706202883421,0.021630807269445974,0.5135339113533944,0.04491369546655209,1.0000000000000002
286,564,0.2517139238994889,0.00044630128350973204,0.40022156096111106,0.02161400839322785,0.5131122983180542,0.04483315701930215,0.9999999999999999
287,565,0.25111975146997345,0.00044445973711499726,0.4001740970226294,0.021597143765188898,0.5126936627576895,0.044753141884774174,1.0000000000000002
288,567,0.2505266036629833,0.0004418458618394767,0.4001282052756703,0.02158021091726781,0.5122779708096422,0.044673644302282024,1.0
289,568,0.24993447951968145,0.00044002549211211525,0.4000838571143947,0.021563207406086818,0.5118651882221965,0.04459465858409811,1.0
290,570,0.24934337809049978,0.0004374445229657891,0.4000410229684508,0.021546130812582245,0.5114552921948321,0.044516179114262124,1.0
291,571,0.24875329843552105,0.0004356450060166743,0.3999996693603373,0.021528978741646984,0.5110482693220839,0.04443820034741356,0.9999999999999998
292,573,0.24816423962482909,0.0004330964042318134,0.3999597664801222,0.02151174882178453,0.5106441038399778,0.04436071680764724,1.0
293,574,0.2475762007388287,0.00043131742288994546,0.3999212857389764,0.021494438704774545,0.5102427674339064,0.04428372308739147,0.9999999999999999
294,576,0.24698918086853514,0.0004288006612300957,0.39988420061584967,0.021477046065349576,0.5098442350254071,0.04420721384630824,0.9999999999999997
295,577,0.24640317911583529,0.0004270419048801305,0.3998484844628117,0.021459568600882953,0.5094484732989857,0.04413118381021518,0.9999999999999999
296,579,0.24581819459372045,0.0004245564673466674,0.3998141087240112,0.0214420040310875,0.5090554513352649,0.04405562777002842,1.0000000000000002
297,580,0.24523422642649162,0.00042281763176981314,0.3997810515816323,0.021424350097725028,0.5086651517218229,0.04398054058072642,0.9999999999999998
298,581,0.24465127374993864,0.0004210865296900837,0.3997492845497498,0.02140660456432635,0.508277556275742,0.04390591716033371,1.0
299,583,0.2440693357114941,0.0004186438005342952,0.39971878441434644,0.021388765215921708,0.507892632266838,0.04383175248892467,1.0
300,584,0.24348841147036127,0.0004169322114218515,0.3996895151174612,0.02137082985878147,0.5075103674217885,0.04375804160764652,0.9999999999999999
301,585,0.24290850019761917,0.0004152282054660157,0.39966145293863353,0.02135279632016689,0.5071307486859498,0.043684779617761293,1.0000000000000002
302,587,0.24232960107630389,0.00041282725907377155,0.3996345794514097,0.02133466244809077,0.5067537525249597,0.04361196167970632,1.0
303,588,0.24175171330146694,0.0004111423695603179,0.39960887144092555,0.02131642611108809,0.5063793338455251,0.0435395830121729,1.0000000000000002
304,589,0.2411748360802129,0.00040946491694433427,0.3995843039870116,0.021298085197996065,0.5060074693596349,0.043467638891202615,1.0
305,591,0.24059896863171476,0.00040710485386076945,0.39956085245162837,0.021279637617743957,0.5056381449861922,0.043396124649301156,1.0000000000000002
306,592,0.24002411018721007,0.00040544613207299,0.3995384923722405,0.021261081299152156,0.5052713377384075,0.04332503567456898,1.0
307,593,0.2394502599899765,0.0004037947048734848,0.39951719357935545,0.021242414190740584,0.50490702653291,0.04325436740984878,1.0000000000000002
308,594,0.2388774172952891,0.00040215053416715337,0.39949693187422963,0.02122363426054629,0.5045451880372087,0.043184115351889055,0.9999999999999998
309,596,0.23830558137035937,0.0003998415794804687,0.39947768643555104,0.02120473949594998,0.5041857930923176,0.04311427505052387,1.0000000000000002
310,597,0.23773475149425594,0.0003982156641444823,0.39945943534595335,0.021185727903511625,0.5038288222030812,0.04304484210786795,1.0000000000000002
311,598,0.23716492695780927,0.00039659686782242355,0.3994421548081782,0.021166597508814746,0.503474256606227,0.04297581217752732,0.9999999999999998
312,599,0.23659610706349937,0.0003949851536953245,0.39942582496825396,0.021147346356319475,0.503122076754458,0.042907180963824745,1.0000000000000002
313,600,0.23602829112532858,0.00039338048520888097,0.3994104256221261,0.021127972509224175,0.5027722528333778,0.04283894422103989,1.0000000000000002
314,602,0.23546147846867838,0.00039113202403434947,0.39939593134251306,0.02110847404933563,0.5024247755819826,0.04277109775266391,0.9999999999999996
315,603,0.23489566843015236,0.00038954505543972197,0.39938232334977214,0.02108884907694757,0.502079613774453,0.042703637410667905,1.0
316,604,0.2343308603574059,0.0003879650005917316,0.39936958397023753,0.021069095710727473,0.5017367591332474,0.042636559094785434,1.0000000000000002
317,605,0.2337670536089611,0.0003863918241470431,0.3993576888593139,0.021049212087611693,0.5013961898350742,0.042569858751808236,1.0
318,606,0.2332042475540105,0.0003848254910132187,0.39934661757192447,0.021029196362708606,0.5010578905149278,0.042503532374895445,0.9999999999999999
319,607,0.23264244157220815,0.00038326596634630667,0.3993363505815626,0.021009705032426607,0.5007218446055791,0.042437576002895515,0.9999999999999998
320,608,0.23208163505344886,0.00038171321554843565,0.39932686555606745,0.020990130178224143,0.500388032123282,0.042371985719680975,1.0000000000000002
321,610,0.23152182739763713,0.0003795439793403887,0.3993181434330583,0.02097042247286893,0.500056420331681,0.04230675765349566,1.0
322,611,0.23096301801444483,0.00037800821278959876,0.3993101651119718,0.020950580167571536,0.4997269968513767,0.042241887976313966,1.0
323,612,0.23040520632305975,0.0003764790952991172,0.3993029160524579,0.02093060153119441,0.499399738775224,0.04217737290321221,1.0
324,613,0.22984839175192398,0.0003749565933962871,0.3992963751969772,0.020910484850199484,0.4990746281089992,0.042113208691751586,1.0
325,614,0.22929257373846407,0.0003734406738411467,0.39929052032211987,0.020890228428603237,0.49875165236385277,0.04204939164137273,1.0000000000000004
326,615,0.22873775172881228,0.000371931303624085,0.39928533005859346,0.020869830587939033,0.49843079340039487,0.04198591809280136,1.0
327,616,0.22818392517751968,0.000370428449963506,0.3992807887723647,0.020849289667226895,0.49811203904360685,0.04192278442746506,0.9999999999999999
328,617,0.22763109354726302,0.0003689320803035057,0.3992768762805759,0.020828604022950323,0.49779535562588706,0.041859987066920845,1.0
329,618,0.227079256308543,0.00036744216231155823,0.39927357214346154,0.02080782385884583,0.4974807299546737,0.041797522472293326,0.9999999999999999
330,619,0.22652841293937687,0.00036595866387621463,0.3992708597735694,0.02078761310068788,0.49716815172940637,0.041735387143723275,1.0
331,620,0.22597856292498514,0.00036448155310481477,0.39926872466353885,0.02076726038250858,0.49685762687143714,0.041673577619826346,1.0000000000000002
332,621,0.2254297057574718,0.0003630107983212106,0.39926715039489713,0.020746764161356495,0.4965491332192623,0.04161209047716187,0.9999999999999997
333,622,0.22488184093550012,0.000361546368063505,0.3992661212284252,0.020726122911494203,0.49624263600908497,0.04155092232971134,1.0
334,623,0.22433496796396357,0.0003600882310818035,0.39926562647195135,0.020705335124409998,0.49593810354287765,0.041490069828366574,1.0000000000000004
335,624,0.22378908635365152,0.00035863635633598,0.3992656396570974,0.020684399308836143,0.4956355290507268,0.04142952966042732,0.9999999999999998
336,625,0.22324419562091163,0.0003571907129934586,0.3992661420359857,0.020663313990773695,0.49533489870288444,0.04136929854910813,1.0
337,626,0.22270029528730917,0.0003557512704270115,0.3992671198217814,0.02064207771352372,0.495036189477008,0.0413093732530542,0.9999999999999999
338,627,0.22215738487928147,0.0003543179982125701,0.39926855714570825,0.02062068903772492,0.49473937903836684,0.04124975056586617,1.0000000000000002
339,628,0.2216154639277914,0.0003528908661270564,0.39927044701555414,0.02059914654139761,0.494444455338037,0.04119042731563378,1.0000000000000002
340,629,0.22107453196797677,0.00035146984414622696,0.39927276630494907,0.020577448819993925,0.49415140073873043,0.041131400364477835,1.0000000000000004
341,629,0.22053458853879898,0.00035061142851955325,0.3992755012174162,0.020555594486454217,0.4938602109881994,0.041072666608100855,1.0000000000000002
342,630,0.2199956331826885,0.0003491994177502992,0.3992786268124291,0.020533582171269688,0.49357086708861647,0.04101422297534581,1.0
343,631,0.21945766544519024,0.0003477934476151985,0.3992821287179876,0.02051141052255101,0.4932833383191162,0.04095606642776294,1.0
344,632,0.21892068487460703,0.000346393488725644,0.39928598941433985,0.020489078206103007,0.49299760383739055,0.040898193959184675,0.9999999999999999
345,633,0.21838469102164237,0.0003449995118825314,0.39929019159645124,0.020466583905505327,0.4927136595190773,0.04084060259530816,1.0
346,634,0.21784968343904298,0.00034361148807420026,0.39929472923886,0.020443926322199022,0.49243149665093067,0.04078328939328564,0.9999999999999997
347,635,0.21731566168124106,0.0003422293884743954,0.3992995864750017,0.020421104175578925,0.4921511018755425,0.040726251441322164,0.9999999999999999
348,636,0.21678262530399692,0.0003408531844402467,0.399304748894595,0.0203989643936144,0.4918724541518657,0.04066948585828088,0.9999999999999997
349,636,0.21625057386404128,0.00034001662557239196,0.39931019868710727,0.02037684907062349,0.49159555878936867,0.040612989793295314,1.0000000000000002
