step,mean_local_activity,max_local_activity,mean_bond_entropy,max_bond_entropy,mean_bond_rank,max_bond_rank,largest_cluster,n_clusters,mean_active_path,step_truncation_loss,total_truncation_loss,mean_bond_persistence,max_bond_persistence
0,0.5143001094215398,0.97450715280015,0.0,0.0,0.0,0,48,1,47.0,0.0,0.0,0.0,0.0
10,0.9815231997035809,1.0,4.246401134541044,4.888545115900829,26.4468085106383,37,4,8,1.5,0.00019476809377997196,0.00033056011663231533,0.06704064845235871,0.2625758731050717
20,0.9844641478453954,1.0,4.393267285684569,5.052907970170029,31.78723404255319,48,5,5,2.4,0.006992120983481244,0.030944123287515616,0.11647804010380917,0.45620565707325267
30,0.9853036097371709,1.0,4.508032808678859,5.1868609118132625,36.61702127659574,48,4,5,2.4,0.020314865604539323,0.1719828165297992,0.15293436547834263,0.598992931456842
40,0.984328395316814,1.0,4.587778344098146,5.264650349888804,38.87234042553192,48,4,4,3.0,0.032522033525520126,0.4428731106461424,0.1798181393874554,0.7042877126008669
50,0.9889933245079986,0.9999999999999999,4.643490772613351,5.310490550048268,39.91489361702128,48,4,5,2.4,0.04372620033878466,0.8316846827929154,0.19964288289002358,0.7819346246525922
60,0.9883460206261844,1.0,4.680995923216598,5.323693687711923,40.255319148936174,48,4,5,2.4,0.052569286435804684,1.319781212616173,0.21426212705832073,0.8391933309784231
70,0.9890575006067621,1.0,4.709682961010353,5.3372543835183635,40.40425531914894,48,4,5,2.4,0.060097916041253314,1.8855233628256203,0.2250427104249911,0.881417282497882
80,0.9903506350994498,1.0,4.731525017695867,5.358916728815009,40.42553191489362,48,4,5,2.4,0.06563061015589346,2.517350766148945,0.23299257270157597,0.9125542430811727
90,0.9890672369430638,1.0,4.748057021030194,5.367890945866306,40.42553191489362,48,5,4,3.0,0.07038103722865362,3.1976204917978355,0.23885499294982152,0.9355153890534678
100,0.9894919808402977,1.0,4.7613037212712745,5.387752741466814,40.42553191489362,48,4,5,2.4,0.0743960061715298,3.924930536829002,0.24317808308287506,0.9524474920745943
110,0.9894311840350424,1.0,4.772433478595421,5.390509162282277,40.42553191489362,48,4,5,2.4,0.07878765367859446,4.698508698900506,0.24636603404973023,0.9626629161732079
120,0.9882163028368378,0.9999999999999999,4.780850179514066,5.3919527135240575,40.42553191489362,48,4,5,2.4,0.08150132791653972,5.497603317202298,0.24871690600804722,0.9724667335582251
130,0.9904033927417745,1.0,4.787920071157167,5.404477771233328,40.42553191489362,48,4,5,2.4,0.08294195871708385,6.322545097134871,0.2504504957093509,0.9796963050336087
140,0.9899697739568323,0.9999999999999999,4.794807971789221,5.399594066686367,40.42553191489362,48,5,5,2.4,0.08535054768868655,7.16385768568301,0.2517288865812288,0.9850275654666679
150,0.9909017609941522,1.0,4.800915769020511,5.410969574205799,40.42553191489362,48,5,5,2.4,0.08757402131742119,8.032853541680609,0.25267160285375384,0.9889589655367662
160,0.9883809583973822,1.0,4.804418687157791,5.415478628673496,40.42553191489362,48,5,5,2.4,0.08886989427827832,8.91521309536256,0.25336678457793016,0.9918580748009329
170,0.9908462839446837,1.0,4.807404293097974,5.41540773583802,40.42553191489362,48,5,5,2.4,0.0895245543560707,9.808756485019874,0.25387942835391425,0.9939959479188342
180,0.9899063631283429,1.0,4.809638968278816,5.414644578973945,40.42553191489362,48,5,5,2.4,0.0904578760003975,10.710551339843343,0.25425746424282747,0.9955724671362146
190,0.9882514297747148,0.9999999999999999,4.81137969332766,5.420137986035297,40.42553191489362,48,5,5,2.4,0.0911087794478991,11.614525174426555,0.25453623702814426,0.9967350304436243
200,0.9875220915307219,1.0,4.812966233190223,5.423272825008383,40.42553191489362,48,5,5,2.4,0.09171679131523848,12.528740541940703,0.25474181080595854,0.997592332675551
210,0.9890430063212724,1.0,4.814479959626178,5.420560243816021,40.42553191489362,48,5,5,2.4,0.09246486027243173,13.448753339323023,0.25489340586957576,0.9982245280254147
220,0.9897589167778756,1.0,4.81594320450358,5.4233385574360105,40.42553191489362,48,4,6,2.0,0.09274241590835354,14.369332420663405,0.25500519572700514,0.9986526937148029
230,0.9889018705707118,1.0,4.816144073452799,5.416353197466023,40.42553191489362,48,5,5,2.4,0.0926626276724269,15.293650099126006,0.25508763226501585,0.9990064638389785
240,0.990466016743088,1.0,4.817341115648417,5.42083674867,40.42553191489362,48,6,5,2.4,0.09211274933585598,16.21832805062223,0.25514842295708257,0.9992673424639202
250,0.9874659769174249,1.0,4.81777753037468,5.415960339798014,40.42553191489362,48,6,5,2.4,0.09213521504204236,17.140062987810417,0.2551932514801032,0.9994597206561433
260,0.9878244428467132,1.0,4.817814071124041,5.42101130376571,40.42553191489362,48,6,5,2.4,0.09262592420849476,18.062374064745836,0.25522630911455174,0.999601584976577
270,0.9862509589890482,1.0,4.817970342034071,5.42020035676355,40.42553191489362,48,6,5,2.4,0.09255477455277697,18.988469637629393,0.2552506866117721,0.9997061991492106
280,0.983361350751387,1.0,4.8187106299912,5.430291377615454,40.42553191489362,48,6,5,2.4,0.09196159542870104,19.908642212012865,0.25526866316637575,0.9997833441641254
290,0.9850986446143507,1.0,4.818881624798357,5.428721759045519,40.42553191489362,48,6,5,2.4,0.09202847509858274,20.832588145192904,0.2552819195114589,0.9998402327593935
300,0.9862400016750108,1.0,4.819240106206999,5.427499006975242,40.42553191489362,48,6,5,2.4,0.09254214438608295,21.756387430530307,0.25529169506015764,0.9998821837820893
310,0.9856756616941956,1.0,4.819859098090243,5.432015653832074,40.42553191489362,48,6,5,2.4,0.09203471263551513,22.67376746582103,0.25529890378562176,0.9999131194783731
320,0.9866864065631565,1.0,4.820816909133574,5.436117714295114,40.42553191489362,48,6,5,2.4,0.09098365512561642,23.589194366265687,0.2553042196737032,0.9999359322071953
330,0.9864213728121406,1.0,4.819188342090656,5.43789769523721,40.42553191489362,48,6,5,2.4,0.09166428605271194,24.501450168369054,0.2553081397378303,0.9999527548638291
340,0.9854246415255291,1.0,4.820437050449132,5.432508493908797,40.42553191489362,48,4,6,2.0,0.0920536535098212,25.414955802950594,0.2553110304876966,0.999965160296709
350,0.9865632931751795,1.0,4.821369565187337,5.430942038199193,40.42553191489362,48,6,5,2.4,0.0924160172244646,26.340629373503337,0.2553131621963927,0.9999743083622195
360,0.9855839327977257,1.0,4.820654447257788,5.433256184165296,40.42553191489362,48,6,5,2.4,0.09065707752741764,27.255453134166764,0.25531473416981687,0.9999810543664412
370,0.9854342459010633,1.0,4.819577302056303,5.43163976881848,40.42553191489362,48,5,5,2.4,0.09202761180213259,28.171207556290963,0.2553158933809466,0.9999860290327144
380,0.9849318950153342,1.0,4.820776699759914,5.434450481826737,40.42553191489362,48,5,5,2.4,0.09142333498759657,29.087547501121232,0.2553167482112019,0.9999896974716477
390,0.9853372198996709,0.9999999999999999,4.8197007193689885,5.428231680996786,40.42553191489362,48,6,5,2.4,0.09102265469980807,29.999114830993943,0.25531737858365655,0.9999924026670249
400,0.9864601122533951,1.0,4.818325496824087,5.424491754923203,40.42553191489362,48,5,5,2.4,0.09108335991872643,30.910239217571895,0.2553178434355136,0.9999943975433642
410,0.9849203819847362,1.0,4.81800027416777,5.435865199675121,40.42553191489362,48,6,5,2.4,0.09110191046595009,31.82139644344847,0.2553181862284883,0.9999958686133068
420,0.9829691630083581,1.0,4.817281246051887,5.435205645715856,40.42553191489362,48,4,6,2.0,0.0904082439590592,32.73219036477045,0.25531843901229845,0.999996953415775
430,0.9856333611159652,1.0,4.81786388608079,5.438111579004848,40.42553191489362,48,4,6,2.0,0.08977131215861182,33.63179579357977,0.2553186254211789,0.999997753375288
440,0.9841236000317727,1.0,4.818269386005423,5.428221342567818,40.42553191489362,48,6,5,2.4,0.08904106546589448,34.525463673400694,0.2553187628835848,0.9999983432847332
450,0.9843461242192726,1.0,4.818283541457483,5.428340115603941,40.42553191489362,48,4,6,2.0,0.0892766349741462,35.417658948242426,0.2553188642516795,0.9999987782981908
460,0.9872706548299489,1.0,4.817009747698813,5.430461015789764,40.42553191489362,48,6,5,2.4,0.08909920973120286,36.3106407085603,0.25531893900295827,0.99999909908761
470,0.9845419365707065,1.0,4.816296120622865,5.428200476421064,40.42553191489362,48,6,5,2.4,0.08896353395002657,37.19953711601723,0.25531899412635467,0.9999993356454674
480,0.9864822699914381,1.0,4.814138499082016,5.431011792895594,40.42553191489362,48,6,5,2.4,0.08894150843972698,38.08463648021626,0.25531903477567713,0.9999995100889388
490,0.9871237047943172,0.9999999999999999,4.8147877912997155,5.430365419196989,40.42553191489362,48,6,5,2.4,0.08849561794244197,38.97490560287636,0.25531906475146826,0.9999996387277633
500,0.9839604769097722,1.0,4.814904761547083,5.43416338700969,40.42553191489362,48,6,5,2.4,0.08819159679522799,39.86094695221347,0.2553190868563399,0.9999997335891363
510,0.9845186367009013,1.0,4.8150244672939015,5.4343818444093355,40.42553191489362,48,6,5,2.4,0.08831125499923927,40.74524036636882,0.25531910315700557,0.9999998035422014
520,0.9860907297630187,1.0,4.815665044144274,5.4323602804290605,40.42553191489362,48,6,5,2.4,0.08850265208238288,41.62681451202976,0.2553191151775097,0.9999998551272793
530,0.9836348536731429,1.0,4.815946019845645,5.437284471163419,40.42553191489362,48,6,5,2.4,0.0890895024387136,42.514690916378,0.2553191240417194,0.9999998931673605
540,0.9850160255387791,1.0,4.817147117678113,5.435805592035368,40.42553191489362,48,6,5,2.4,0.08798257283978662,43.402105820703106,0.25531913057840155,0.9999999212190341
550,0.9849026571656094,1.0,4.816347252357858,5.436711001184364,40.42553191489362,48,6,5,2.4,0.08842377084738597,44.28631659461243,0.2553191353987087,0.9999999419050148
560,0.9834415318556852,1.0,4.816647275663314,5.432341913050907,40.42553191489362,48,6,5,2.4,0.08776701917002223,45.166928107881596,0.2553191389533195,0.9999999571593563
570,0.9832466617019048,1.0,4.814034181113374,5.429442119530346,40.42553191489362,48,6,5,2.4,0.08879620179549934,46.05040106950985,0.25531914157457525,0.9999999684082758
580,0.9843507564929368,1.0,4.81592011843947,5.432578456625754,40.42553191489362,48,6,5,2.4,0.08882717073285451,46.93459769037841,0.25531914350755247,0.9999999767035004
590,0.9807686466088672,0.9999999999999999,4.8171482975848585,5.4340407198481575,40.42553191489362,48,6,5,2.4,0.08906226701435471,47.82843648858968,0.2553191449329765,0.9999999828205991
600,0.9821431976314994,1.0,4.81709530615535,5.433641224698746,40.42553191489362,48,6,5,2.4,0.08822568583028573,48.71754785367871,0.25531914598411853,0.9999999873314954
