sweep_k,sweep_v,seed,mode,final_frac_good,final_frac_bad,first_good_t,first_bad_t,mean_good_domain,mean_bad_domain,n_good_domains,n_bad_domains,out_dir
neg_mem_gain,neg_mem_gain=0p0,0,v9,0.00000000,0.80671875,38,0,,5130.000,0,1,
neg_mem_gain,neg_mem_gain=0p0,1,v9,0.00000000,0.82421875,0,0,,5144.000,0,1,
neg_mem_gain,neg_mem_gain=0p0,2,v9,0.00000000,0.80593750,8,0,,5139.000,0,1,
neg_mem_gain,neg_mem_gain=0p0,3,v9,0.00000000,0.81828125,12,0,,5135.000,0,1,
neg_mem_gain,neg_mem_gain=0p0,4,v9,0.00000000,0.81093750,5,0,,5131.000,0,1,
neg_mem_gain,neg_mem_gain=0p0,5,v9,0.00000000,0.81656250,0,0,,5128.000,0,1,
neg_mem_gain,neg_mem_gain=0p0,6,v9,0.00000000,0.82703125,3,0,,5162.000,0,1,
neg_mem_gain,neg_mem_gain=0p0,7,v9,0.00000000,0.80937500,3,0,,5129.000,0,1,
neg_mem_gain,neg_mem_gain=0p0,8,v9,0.00000000,0.80812500,14,0,,2568.500,0,2,
neg_mem_gain,neg_mem_gain=0p0,9,v9,0.00000000,0.81718750,16,0,,1723.333,0,3,
neg_mem_gain,neg_mem_gain=0p0,10,v9,0.00000000,0.81328125,1,0,,5127.000,0,1,
neg_mem_gain,neg_mem_gain=0p0,11,v9,0.00000000,0.81125000,-1,1,,5118.000,0,1,
neg_mem_gain,neg_mem_gain=0p0,12,v9,0.00000000,0.81546875,1,0,,5121.000,0,1,
neg_mem_gain,neg_mem_gain=0p0,13,v9,0.00000000,0.80718750,7,0,,5135.000,0,1,
neg_mem_gain,neg_mem_gain=0p0,14,v9,0.00000000,0.81218750,-1,0,,5130.000,0,1,
neg_mem_gain,neg_mem_gain=0p0,15,v9,0.00000000,0.81109375,14,1,,5130.000,0,1,
neg_mem_gain,neg_mem_gain=0p0,16,v9,0.00000000,0.80671875,6,0,,5130.000,0,1,
neg_mem_gain,neg_mem_gain=0p0,17,v9,0.00000000,0.81375000,1043,0,,5130.000,0,1,
neg_mem_gain,neg_mem_gain=0p0,18,v9,0.00000000,0.82515625,8,0,,2578.500,0,2,
neg_mem_gain,neg_mem_gain=0p0,19,v9,0.00000000,0.82312500,18,0,,2574.000,0,2,
neg_mem_gain,neg_mem_gain=0p0,0,baseline,0.00000000,0.80750000,38,0,,5135.000,0,1,
neg_mem_gain,neg_mem_gain=0p0,1,baseline,0.00000000,0.82406250,0,0,,5143.000,0,1,
neg_mem_gain,neg_mem_gain=0p0,2,baseline,0.00000000,0.80625000,8,0,,5141.000,0,1,
neg_mem_gain,neg_mem_gain=0p0,3,baseline,0.00000000,0.81843750,12,0,,5136.000,0,1,
neg_mem_gain,neg_mem_gain=0p0,4,baseline,0.00000000,0.81109375,5,0,,5132.000,0,1,
neg_mem_gain,neg_mem_gain=0p0,5,baseline,0.00000000,0.81656250,0,0,,5128.000,0,1,
neg_mem_gain,neg_mem_gain=0p0,6,baseline,0.00000000,0.82718750,3,0,,5163.000,0,1,
neg_mem_gain,neg_mem_gain=0p0,7,baseline,0.00000000,0.80953125,3,0,,5130.000,0,1,
neg_mem_gain,neg_mem_gain=0p0,8,baseline,0.00000000,0.80859375,14,0,,2570.000,0,2,
neg_mem_gain,neg_mem_gain=0p0,9,baseline,0.00000000,0.81734375,16,0,,1723.667,0,3,
neg_mem_gain,neg_mem_gain=0p0,10,baseline,0.00000000,0.81343750,1,0,,5128.000,0,1,
neg_mem_gain,neg_mem_gain=0p0,11,baseline,0.00000000,0.81156250,-1,1,,5120.000,0,1,
neg_mem_gain,neg_mem_gain=0p0,12,baseline,0.00000000,0.81578125,1,0,,5123.000,0,1,
neg_mem_gain,neg_mem_gain=0p0,13,baseline,0.00000000,0.80765625,7,0,,5138.000,0,1,
neg_mem_gain,neg_mem_gain=0p0,14,baseline,0.00000000,0.81250000,-1,0,,5132.000,0,1,
neg_mem_gain,neg_mem_gain=0p0,15,baseline,0.00000000,0.81125000,14,1,,5131.000,0,1,
neg_mem_gain,neg_mem_gain=0p0,16,baseline,0.00000000,0.80703125,6,0,,5132.000,0,1,
neg_mem_gain,neg_mem_gain=0p0,17,baseline,0.00000000,0.81453125,1043,0,,5135.000,0,1,
neg_mem_gain,neg_mem_gain=0p0,18,baseline,0.00000000,0.82546875,8,0,,2579.500,0,2,
neg_mem_gain,neg_mem_gain=0p0,19,baseline,0.00000000,0.82328125,18,0,,2574.500,0,2,
neg_mem_gain,neg_mem_gain=0p02,0,v9,0.00000000,0.80671875,38,0,,5130.000,0,1,
neg_mem_gain,neg_mem_gain=0p02,1,v9,0.00000000,0.82421875,0,0,,5144.000,0,1,
neg_mem_gain,neg_mem_gain=0p02,2,v9,0.00000000,0.80562500,8,0,,5138.000,0,1,
neg_mem_gain,neg_mem_gain=0p02,3,v9,0.00000000,0.81812500,12,0,,5135.000,0,1,
neg_mem_gain,neg_mem_gain=0p02,4,v9,0.00000000,0.81093750,5,0,,5131.000,0,1,
neg_mem_gain,neg_mem_gain=0p02,5,v9,0.00000000,0.81640625,0,0,,5128.000,0,1,
neg_mem_gain,neg_mem_gain=0p02,6,v9,0.00000000,0.82703125,3,0,,5162.000,0,1,
neg_mem_gain,neg_mem_gain=0p02,7,v9,0.00000000,0.80937500,3,0,,5129.000,0,1,
neg_mem_gain,neg_mem_gain=0p02,8,v9,0.00000000,0.80812500,14,0,,2568.500,0,2,
neg_mem_gain,neg_mem_gain=0p02,9,v9,0.00000000,0.81718750,16,0,,1723.333,0,3,
neg_mem_gain,neg_mem_gain=0p02,10,v9,0.00000000,0.81312500,1,0,,5127.000,0,1,
neg_mem_gain,neg_mem_gain=0p02,11,v9,0.00000000,0.81125000,-1,1,,5118.000,0,1,
neg_mem_gain,neg_mem_gain=0p02,12,v9,0.00000000,0.81531250,1,0,,5116.000,0,1,
neg_mem_gain,neg_mem_gain=0p02,13,v9,0.00000000,0.80718750,7,0,,5135.000,0,1,
neg_mem_gain,neg_mem_gain=0p02,14,v9,0.00000000,0.81218750,-1,0,,5130.000,0,1,
neg_mem_gain,neg_mem_gain=0p02,15,v9,0.00000000,0.81093750,14,1,,5130.000,0,1,
neg_mem_gain,neg_mem_gain=0p02,16,v9,0.00000000,0.80671875,6,0,,5130.000,0,1,
neg_mem_gain,neg_mem_gain=0p02,17,v9,0.00000000,0.81359375,1043,0,,5129.000,0,1,
neg_mem_gain,neg_mem_gain=0p02,18,v9,0.00000000,0.82468750,8,0,,2577.500,0,2,
neg_mem_gain,neg_mem_gain=0p02,19,v9,0.00000000,0.82296875,18,0,,2573.500,0,2,
neg_mem_gain,neg_mem_gain=0p02,0,baseline,0.00000000,0.80750000,38,0,,5135.000,0,1,
neg_mem_gain,neg_mem_gain=0p02,1,baseline,0.00000000,0.82406250,0,0,,5143.000,0,1,
neg_mem_gain,neg_mem_gain=0p02,2,baseline,0.00000000,0.80625000,8,0,,5141.000,0,1,
neg_mem_gain,neg_mem_gain=0p02,3,baseline,0.00000000,0.81843750,12,0,,5136.000,0,1,
neg_mem_gain,neg_mem_gain=0p02,4,baseline,0.00000000,0.81109375,5,0,,5132.000,0,1,
neg_mem_gain,neg_mem_gain=0p02,5,baseline,0.00000000,0.81656250,0,0,,5128.000,0,1,
neg_mem_gain,neg_mem_gain=0p02,6,baseline,0.00000000,0.82718750,3,0,,5163.000,0,1,
neg_mem_gain,neg_mem_gain=0p02,7,baseline,0.00000000,0.80953125,3,0,,5130.000,0,1,
neg_mem_gain,neg_mem_gain=0p02,8,baseline,0.00000000,0.80859375,14,0,,2570.000,0,2,
neg_mem_gain,neg_mem_gain=0p02,9,baseline,0.00000000,0.81734375,16,0,,1723.667,0,3,
neg_mem_gain,neg_mem_gain=0p02,10,baseline,0.00000000,0.81343750,1,0,,5128.000,0,1,
neg_mem_gain,neg_mem_gain=0p02,11,baseline,0.00000000,0.81156250,-1,1,,5120.000,0,1,
neg_mem_gain,neg_mem_gain=0p02,12,baseline,0.00000000,0.81578125,1,0,,5123.000,0,1,
neg_mem_gain,neg_mem_gain=0p02,13,baseline,0.00000000,0.80765625,7,0,,5138.000,0,1,
neg_mem_gain,neg_mem_gain=0p02,14,baseline,0.00000000,0.81250000,-1,0,,5132.000,0,1,
neg_mem_gain,neg_mem_gain=0p02,15,baseline,0.00000000,0.81125000,14,1,,5131.000,0,1,
neg_mem_gain,neg_mem_gain=0p02,16,baseline,0.00000000,0.80703125,6,0,,5132.000,0,1,
neg_mem_gain,neg_mem_gain=0p02,17,baseline,0.00000000,0.81453125,1043,0,,5135.000,0,1,
neg_mem_gain,neg_mem_gain=0p02,18,baseline,0.00000000,0.82546875,8,0,,2579.500,0,2,
neg_mem_gain,neg_mem_gain=0p02,19,baseline,0.00000000,0.82328125,18,0,,2574.500,0,2,
neg_mem_gain,neg_mem_gain=0p05,0,v9,0.00000000,0.80656250,38,0,,5129.000,0,1,
neg_mem_gain,neg_mem_gain=0p05,1,v9,0.00000000,0.82421875,0,0,,5144.000,0,1,
neg_mem_gain,neg_mem_gain=0p05,2,v9,0.00000000,0.80562500,8,0,,5138.000,0,1,
neg_mem_gain,neg_mem_gain=0p05,3,v9,0.00000000,0.81812500,12,0,,5135.000,0,1,
neg_mem_gain,neg_mem_gain=0p05,4,v9,0.00000000,0.81062500,5,0,,5129.000,0,1,
neg_mem_gain,neg_mem_gain=0p05,5,v9,0.00000000,0.81640625,0,0,,5128.000,0,1,
neg_mem_gain,neg_mem_gain=0p05,6,v9,0.00000000,0.82703125,3,0,,5162.000,0,1,
neg_mem_gain,neg_mem_gain=0p05,7,v9,0.00000000,0.80937500,3,0,,5129.000,0,1,
neg_mem_gain,neg_mem_gain=0p05,8,v9,0.00000000,0.80796875,14,0,,2568.000,0,2,
neg_mem_gain,neg_mem_gain=0p05,9,v9,0.00000000,0.81703125,16,0,,1723.000,0,3,
neg_mem_gain,neg_mem_gain=0p05,10,v9,0.00000000,0.81312500,1,0,,5127.000,0,1,
neg_mem_gain,neg_mem_gain=0p05,11,v9,0.00000000,0.81125000,-1,1,,5118.000,0,1,
neg_mem_gain,neg_mem_gain=0p05,12,v9,0.00000000,0.81531250,1,0,,5116.000,0,1,
neg_mem_gain,neg_mem_gain=0p05,13,v9,0.00000000,0.80703125,7,0,,5133.000,0,1,
neg_mem_gain,neg_mem_gain=0p05,14,v9,0.00000000,0.81218750,-1,0,,5130.000,0,1,
neg_mem_gain,neg_mem_gain=0p05,15,v9,0.00000000,0.81093750,14,1,,5130.000,0,1,
neg_mem_gain,neg_mem_gain=0p05,16,v9,0.00000000,0.80640625,6,0,,5130.000,0,1,
neg_mem_gain,neg_mem_gain=0p05,17,v9,0.00000000,0.81343750,1043,0,,5128.000,0,1,
neg_mem_gain,neg_mem_gain=0p05,18,v9,0.00000000,0.82468750,8,0,,2577.500,0,2,
neg_mem_gain,neg_mem_gain=0p05,19,v9,0.00000000,0.82296875,18,0,,2573.500,0,2,
neg_mem_gain,neg_mem_gain=0p05,0,baseline,0.00000000,0.80750000,38,0,,5135.000,0,1,
neg_mem_gain,neg_mem_gain=0p05,1,baseline,0.00000000,0.82406250,0,0,,5143.000,0,1,
neg_mem_gain,neg_mem_gain=0p05,2,baseline,0.00000000,0.80625000,8,0,,5141.000,0,1,
neg_mem_gain,neg_mem_gain=0p05,3,baseline,0.00000000,0.81843750,12,0,,5136.000,0,1,
neg_mem_gain,neg_mem_gain=0p05,4,baseline,0.00000000,0.81109375,5,0,,5132.000,0,1,
neg_mem_gain,neg_mem_gain=0p05,5,baseline,0.00000000,0.81656250,0,0,,5128.000,0,1,
neg_mem_gain,neg_mem_gain=0p05,6,baseline,0.00000000,0.82718750,3,0,,5163.000,0,1,
neg_mem_gain,neg_mem_gain=0p05,7,baseline,0.00000000,0.80953125,3,0,,5130.000,0,1,
neg_mem_gain,neg_mem_gain=0p05,8,baseline,0.00000000,0.80859375,14,0,,2570.000,0,2,
neg_mem_gain,neg_mem_gain=0p05,9,baseline,0.00000000,0.81734375,16,0,,1723.667,0,3,
neg_mem_gain,neg_mem_gain=0p05,10,baseline,0.00000000,0.81343750,1,0,,5128.000,0,1,
neg_mem_gain,neg_mem_gain=0p05,11,baseline,0.00000000,0.81156250,-1,1,,5120.000,0,1,
neg_mem_gain,neg_mem_gain=0p05,12,baseline,0.00000000,0.81578125,1,0,,5123.000,0,1,
neg_mem_gain,neg_mem_gain=0p05,13,baseline,0.00000000,0.80765625,7,0,,5138.000,0,1,
neg_mem_gain,neg_mem_gain=0p05,14,baseline,0.00000000,0.81250000,-1,0,,5132.000,0,1,
neg_mem_gain,neg_mem_gain=0p05,15,baseline,0.00000000,0.81125000,14,1,,5131.000,0,1,
neg_mem_gain,neg_mem_gain=0p05,16,baseline,0.00000000,0.80703125,6,0,,5132.000,0,1,
neg_mem_gain,neg_mem_gain=0p05,17,baseline,0.00000000,0.81453125,1043,0,,5135.000,0,1,
neg_mem_gain,neg_mem_gain=0p05,18,baseline,0.00000000,0.82546875,8,0,,2579.500,0,2,
neg_mem_gain,neg_mem_gain=0p05,19,baseline,0.00000000,0.82328125,18,0,,2574.500,0,2,
neg_mem_gain,neg_mem_gain=0p1,0,v9,0.00000000,0.80656250,38,0,,5129.000,0,1,
neg_mem_gain,neg_mem_gain=0p1,1,v9,0.00000000,0.82421875,0,0,,5144.000,0,1,
neg_mem_gain,neg_mem_gain=0p1,2,v9,0.00000000,0.80562500,8,0,,5138.000,0,1,
neg_mem_gain,neg_mem_gain=0p1,3,v9,0.00000000,0.81812500,12,0,,5135.000,0,1,
neg_mem_gain,neg_mem_gain=0p1,4,v9,0.00000000,0.81062500,5,0,,5129.000,0,1,
neg_mem_gain,neg_mem_gain=0p1,5,v9,0.00000000,0.81640625,0,0,,5128.000,0,1,
neg_mem_gain,neg_mem_gain=0p1,6,v9,0.00000000,0.82687500,3,0,,5161.000,0,1,
neg_mem_gain,neg_mem_gain=0p1,7,v9,0.00000000,0.80937500,3,0,,5129.000,0,1,
neg_mem_gain,neg_mem_gain=0p1,8,v9,0.00000000,0.80796875,14,0,,2568.000,0,2,
neg_mem_gain,neg_mem_gain=0p1,9,v9,0.00000000,0.81703125,16,0,,1723.000,0,3,
neg_mem_gain,neg_mem_gain=0p1,10,v9,0.00000000,0.81312500,1,0,,5127.000,0,1,
neg_mem_gain,neg_mem_gain=0p1,11,v9,0.00000000,0.81109375,-1,1,,5118.000,0,1,
neg_mem_gain,neg_mem_gain=0p1,12,v9,0.00000000,0.81531250,1,0,,5116.000,0,1,
neg_mem_gain,neg_mem_gain=0p1,13,v9,0.00000000,0.80703125,7,0,,5133.000,0,1,
neg_mem_gain,neg_mem_gain=0p1,14,v9,0.00000000,0.81203125,-1,0,,5129.000,0,1,
neg_mem_gain,neg_mem_gain=0p1,15,v9,0.00000000,0.81093750,14,1,,5130.000,0,1,
neg_mem_gain,neg_mem_gain=0p1,16,v9,0.00000000,0.80640625,6,0,,5130.000,0,1,
neg_mem_gain,neg_mem_gain=0p1,17,v9,0.00000000,0.81328125,1043,0,,5128.000,0,1,
neg_mem_gain,neg_mem_gain=0p1,18,v9,0.00000000,0.82453125,8,0,,2577.500,0,2,
neg_mem_gain,neg_mem_gain=0p1,19,v9,0.00000000,0.82296875,18,0,,2573.500,0,2,
neg_mem_gain,neg_mem_gain=0p1,0,baseline,0.00000000,0.80750000,38,0,,5135.000,0,1,
neg_mem_gain,neg_mem_gain=0p1,1,baseline,0.00000000,0.82406250,0,0,,5143.000,0,1,
neg_mem_gain,neg_mem_gain=0p1,2,baseline,0.00000000,0.80625000,8,0,,5141.000,0,1,
neg_mem_gain,neg_mem_gain=0p1,3,baseline,0.00000000,0.81843750,12,0,,5136.000,0,1,
neg_mem_gain,neg_mem_gain=0p1,4,baseline,0.00000000,0.81109375,5,0,,5132.000,0,1,
neg_mem_gain,neg_mem_gain=0p1,5,baseline,0.00000000,0.81656250,0,0,,5128.000,0,1,
neg_mem_gain,neg_mem_gain=0p1,6,baseline,0.00000000,0.82718750,3,0,,5163.000,0,1,
neg_mem_gain,neg_mem_gain=0p1,7,baseline,0.00000000,0.80953125,3,0,,5130.000,0,1,
neg_mem_gain,neg_mem_gain=0p1,8,baseline,0.00000000,0.80859375,14,0,,2570.000,0,2,
neg_mem_gain,neg_mem_gain=0p1,9,baseline,0.00000000,0.81734375,16,0,,1723.667,0,3,
neg_mem_gain,neg_mem_gain=0p1,10,baseline,0.00000000,0.81343750,1,0,,5128.000,0,1,
neg_mem_gain,neg_mem_gain=0p1,11,baseline,0.00000000,0.81156250,-1,1,,5120.000,0,1,
neg_mem_gain,neg_mem_gain=0p1,12,baseline,0.00000000,0.81578125,1,0,,5123.000,0,1,
neg_mem_gain,neg_mem_gain=0p1,13,baseline,0.00000000,0.80765625,7,0,,5138.000,0,1,
neg_mem_gain,neg_mem_gain=0p1,14,baseline,0.00000000,0.81250000,-1,0,,5132.000,0,1,
neg_mem_gain,neg_mem_gain=0p1,15,baseline,0.00000000,0.81125000,14,1,,5131.000,0,1,
neg_mem_gain,neg_mem_gain=0p1,16,baseline,0.00000000,0.80703125,6,0,,5132.000,0,1,
neg_mem_gain,neg_mem_gain=0p1,17,baseline,0.00000000,0.81453125,1043,0,,5135.000,0,1,
neg_mem_gain,neg_mem_gain=0p1,18,baseline,0.00000000,0.82546875,8,0,,2579.500,0,2,
neg_mem_gain,neg_mem_gain=0p1,19,baseline,0.00000000,0.82328125,18,0,,2574.500,0,2,
neg_mem_gain,neg_mem_gain=0p2,0,v9,0.00000000,0.80656250,38,0,,5129.000,0,1,
neg_mem_gain,neg_mem_gain=0p2,1,v9,0.00000000,0.82421875,0,0,,5144.000,0,1,
neg_mem_gain,neg_mem_gain=0p2,2,v9,0.00000000,0.80562500,8,0,,5138.000,0,1,
neg_mem_gain,neg_mem_gain=0p2,3,v9,0.00000000,0.81812500,12,0,,5135.000,0,1,
neg_mem_gain,neg_mem_gain=0p2,4,v9,0.00000000,0.81031250,5,0,,5126.000,0,1,
neg_mem_gain,neg_mem_gain=0p2,5,v9,0.00000000,0.81640625,0,0,,5128.000,0,1,
neg_mem_gain,neg_mem_gain=0p2,6,v9,0.00000000,0.82687500,3,0,,5161.000,0,1,
neg_mem_gain,neg_mem_gain=0p2,7,v9,0.00000000,0.80937500,3,0,,5129.000,0,1,
neg_mem_gain,neg_mem_gain=0p2,8,v9,0.00000000,0.80796875,14,0,,2568.000,0,2,
neg_mem_gain,neg_mem_gain=0p2,9,v9,0.00000000,0.81703125,16,0,,1723.000,0,3,
neg_mem_gain,neg_mem_gain=0p2,10,v9,0.00000000,0.81296875,1,0,,5127.000,0,1,
neg_mem_gain,neg_mem_gain=0p2,11,v9,0.00000000,0.81078125,-1,1,,5118.000,0,1,
neg_mem_gain,neg_mem_gain=0p2,12,v9,0.00000000,0.81531250,1,0,,5116.000,0,1,
neg_mem_gain,neg_mem_gain=0p2,13,v9,0.00000000,0.80703125,7,0,,5133.000,0,1,
neg_mem_gain,neg_mem_gain=0p2,14,v9,0.00000000,0.81203125,-1,0,,5129.000,0,1,
neg_mem_gain,neg_mem_gain=0p2,15,v9,0.00000000,0.81093750,14,1,,5130.000,0,1,
neg_mem_gain,neg_mem_gain=0p2,16,v9,0.00000000,0.80625000,6,0,,5130.000,0,1,
neg_mem_gain,neg_mem_gain=0p2,17,v9,0.00000000,0.81312500,1043,0,,5127.000,0,1,
neg_mem_gain,neg_mem_gain=0p2,18,v9,0.00000000,0.82453125,8,0,,2577.500,0,2,
neg_mem_gain,neg_mem_gain=0p2,19,v9,0.00000000,0.82296875,18,0,,2573.500,0,2,
neg_mem_gain,neg_mem_gain=0p2,0,baseline,0.00000000,0.80750000,38,0,,5135.000,0,1,
neg_mem_gain,neg_mem_gain=0p2,1,baseline,0.00000000,0.82406250,0,0,,5143.000,0,1,
neg_mem_gain,neg_mem_gain=0p2,2,baseline,0.00000000,0.80625000,8,0,,5141.000,0,1,
neg_mem_gain,neg_mem_gain=0p2,3,baseline,0.00000000,0.81843750,12,0,,5136.000,0,1,
neg_mem_gain,neg_mem_gain=0p2,4,baseline,0.00000000,0.81109375,5,0,,5132.000,0,1,
neg_mem_gain,neg_mem_gain=0p2,5,baseline,0.00000000,0.81656250,0,0,,5128.000,0,1,
neg_mem_gain,neg_mem_gain=0p2,6,baseline,0.00000000,0.82718750,3,0,,5163.000,0,1,
neg_mem_gain,neg_mem_gain=0p2,7,baseline,0.00000000,0.80953125,3,0,,5130.000,0,1,
neg_mem_gain,neg_mem_gain=0p2,8,baseline,0.00000000,0.80859375,14,0,,2570.000,0,2,
neg_mem_gain,neg_mem_gain=0p2,9,baseline,0.00000000,0.81734375,16,0,,1723.667,0,3,
neg_mem_gain,neg_mem_gain=0p2,10,baseline,0.00000000,0.81343750,1,0,,5128.000,0,1,
neg_mem_gain,neg_mem_gain=0p2,11,baseline,0.00000000,0.81156250,-1,1,,5120.000,0,1,
neg_mem_gain,neg_mem_gain=0p2,12,baseline,0.00000000,0.81578125,1,0,,5123.000,0,1,
neg_mem_gain,neg_mem_gain=0p2,13,baseline,0.00000000,0.80765625,7,0,,5138.000,0,1,
neg_mem_gain,neg_mem_gain=0p2,14,baseline,0.00000000,0.81250000,-1,0,,5132.000,0,1,
neg_mem_gain,neg_mem_gain=0p2,15,baseline,0.00000000,0.81125000,14,1,,5131.000,0,1,
neg_mem_gain,neg_mem_gain=0p2,16,baseline,0.00000000,0.80703125,6,0,,5132.000,0,1,
neg_mem_gain,neg_mem_gain=0p2,17,baseline,0.00000000,0.81453125,1043,0,,5135.000,0,1,
neg_mem_gain,neg_mem_gain=0p2,18,baseline,0.00000000,0.82546875,8,0,,2579.500,0,2,
neg_mem_gain,neg_mem_gain=0p2,19,baseline,0.00000000,0.82328125,18,0,,2574.500,0,2,
