step,mean_node_activity,max_node_activity,mean_link_energy,max_link_energy,mean_link_rank,max_link_rank,largest_cluster,n_clusters,mean_active_shortest_path,hot_nodes,persistent_nodes,edge_energy_threshold
0,0.0,0.0,0.0,0.0,0.0,0,128,1,3.398550724637681,0,0,0.0
25,0.2264097258165417,0.43202382404994044,0.08345774118021601,0.2331537683184338,1.31640625,3,16,22,2.125,24,5,0.11307240085472559
50,0.3747804856165273,0.6051796930120431,0.16093211759697643,0.36178172504763,1.90234375,4,29,15,4.016666666666667,22,21,0.20307902810674922
75,0.48405782508283146,0.7364148156440464,0.23332271805707638,0.4641188828379219,2.20703125,4,26,15,1.8857142857142857,22,23,0.2865990225962417
100,0.5703163176847079,0.834376965794371,0.30073926648669996,0.5111652701984234,2.41796875,4,41,11,4.313253012048193,24,22,0.35788741605750996
125,0.6416011805291335,0.8938073638725565,0.36539592201079524,0.5809010667844069,2.5703125,4,28,16,3.32,26,27,0.4287341757215122
150,0.6942878067160723,0.9359164895348436,0.42233501670288465,0.655150032888288,2.58984375,4,40,13,3.6,26,26,0.48889160010223326
175,0.7364145707052114,0.9536165011977547,0.4708122286231935,0.6796656516410845,2.57421875,4,33,17,4.2926829268292686,25,25,0.5250354117374887
200,0.7684270900576952,0.9621013044403842,0.5122774009032183,0.7084931907467875,2.5078125,4,22,16,2.4545454545454546,26,26,0.5741079367903583
225,0.7971570493254837,0.9741821721686542,0.5523803102933835,0.7545582254424945,2.453125,4,29,16,4.282608695652174,26,25,0.6181952612306929
250,0.8201579529735625,0.98054260210852,0.5870587004165329,0.787389113740594,2.44140625,4,39,13,8.426829268292684,26,25,0.6527604852840048
275,0.8416678420129293,0.985629367099475,0.6205689197317416,0.7974037369639843,2.453125,4,23,17,3.7666666666666666,26,26,0.6864206318913924
300,0.8593239105165495,0.9889486615516585,0.6512943999704046,0.8247503467704199,2.3984375,4,26,17,5.5588235294117645,26,25,0.711360009163224
325,0.8749316259257007,0.992914205634532,0.679286596304175,0.8479245120314206,2.37890625,4,25,19,3.98,23,26,0.7346843881792886
350,0.8890628138347314,0.9947666512139665,0.7048974203393323,0.8618834431693385,2.328125,4,26,17,3.727272727272727,26,25,0.7539265313687629
375,0.8997775517955278,0.9962878717960513,0.7266728460622648,0.8806039457359054,2.30078125,4,24,16,4.314814814814815,26,25,0.772233601956466
400,0.9103099783652459,0.9975713185464894,0.749011562079861,0.8806039457359054,2.2734375,4,24,15,3.375,26,26,0.7924731100273683
425,0.9192507378334066,0.997933767625723,0.7681187368496003,0.8914687277864969,2.24609375,4,21,16,2.7872340425531914,26,26,0.8123213153677763
450,0.9270095279723467,0.9983785929007825,0.7861320655668477,0.8934693034419696,2.23828125,4,23,15,2.760869565217391,25,25,0.8258445988583084
475,0.9340281562534215,0.9986481554595255,0.802157133541106,0.9035556468943157,2.20703125,4,22,15,2.8085106382978724,26,25,0.8417287196941409
500,0.9395645507727814,0.9990215380030091,0.8154924320936197,0.9226311047820075,2.16015625,4,42,11,6.304347826086956,26,25,0.8521870968113782
525,0.9453547943164449,0.9992475408172738,0.8295157613094337,0.9263911441364101,2.15234375,4,29,12,4.154761904761905,24,25,0.8638072799535228
550,0.9503177430831553,0.9994769390370595,0.8421488816223863,0.9332202903816162,2.15625,4,28,13,3.5737704918032787,26,26,0.8750394715530635
575,0.9547373426846971,0.999613683333972,0.8541526345884631,0.9353401590373193,2.171875,4,23,15,3.5901639344262297,25,25,0.8849367788987688
600,0.9594583894820254,0.9997203848777021,0.8660606163134158,0.9394891776368401,2.19921875,4,33,15,4.08641975308642,25,25,0.8959315364133439
625,0.9631636525194822,0.9997849697105774,0.87651281669339,0.9479217191414075,2.19140625,4,27,17,4.185714285714286,26,26,0.9045004339781606
650,0.9662457744416149,0.9998278185058986,0.8852949962519064,0.9504805491350998,2.17578125,4,21,17,3.627906976744186,26,26,0.9109883756056452
675,0.9690903454564305,0.9998675885760201,0.8934582996886864,0.9504805491350998,2.171875,4,15,18,1.6470588235294117,26,25,0.9179937457265885
700,0.9719942963412724,0.9999041609131429,0.9015944385052583,0.9565767465283402,2.07421875,4,19,18,3.9655172413793105,25,26,0.9236326954289549
725,0.9743983230860209,0.9999320192496414,0.9090940585370089,0.9642226381756517,2.08984375,4,18,16,3.6206896551724137,26,25,0.9307420534670845
750,0.9766131053452674,0.9999497915182105,0.9154273222466118,0.967661798553049,2.08984375,4,16,17,2.590909090909091,26,26,0.9358803542082409
775,0.9786532051050535,0.9999621607823057,0.921700772014098,0.967661798553049,2.08203125,4,18,19,3.1153846153846154,26,26,0.9416512076071455
800,0.9804354942333545,0.9999671508089615,0.9272392100445734,0.9681356758507533,2.09375,3,15,21,1.84,26,26,0.9460201957977211
825,0.9819906668560286,0.999971482778513,0.9329199779757615,0.9712276270645894,2.078125,3,13,24,1.75,26,26,0.949856965847605
850,0.9833077569972364,0.9999789380613164,0.937927302790367,0.9753076889148105,2.09375,4,28,19,4.450980392156863,26,26,0.9552383858310074
875,0.9846959429957441,0.9999850603084538,0.9424315320683734,0.977699020341938,2.1171875,4,25,18,4.4772727272727275,26,26,0.9579455804107484
900,0.9857898412937423,0.9999877931842943,0.9464824951075974,0.9805340637578387,2.13671875,3,27,18,4.802816901408451,25,25,0.9620868407940922
925,0.9868668250918866,0.9999900261428282,0.9505047080514479,0.9814885199529899,2.09765625,3,17,18,3.608695652173913,26,26,0.9654555937370576
950,0.987773154605983,0.9999921733474773,0.9540104104796807,0.9820636159717175,2.12109375,3,18,20,3.4722222222222223,26,26,0.9681462110764641
975,0.9887346970041863,0.9999941015063977,0.9575112558264381,0.9837917608713368,2.125,3,15,18,2.9444444444444446,26,26,0.9706765161110343
1000,0.9895397363739005,0.9999953713534254,0.9604742886906245,0.9852953929599699,2.10546875,3,16,21,2.5625,26,26,0.9729483411388807
1025,0.9903078565044203,0.9999960621186498,0.9633092426318681,0.9873317085022935,2.15625,3,21,20,3.8,26,26,0.9752923084875075
1050,0.9911793255291396,0.9999972067750456,0.9662508238779568,0.9885086819614304,2.15234375,3,18,20,2.95,26,26,0.9770224684860017
1075,0.9918832578088295,0.9999980583306473,0.9689526599536585,0.9896056702846157,2.125,3,16,18,2.3333333333333335,26,26,0.9792992129786116
1100,0.992583344584683,0.9999985946241485,0.9713310454642821,0.9896056702846157,2.09375,3,19,17,4.811320754716981,26,26,0.9809184499756863
1125,0.9931896283460369,0.9999988971780661,0.9735748037087754,0.9901718289343668,2.08984375,3,20,19,4.243243243243243,26,26,0.9823395656231776
1150,0.9936298088111901,0.9999991519052415,0.9753231191684923,0.9913153968023617,2.05078125,3,21,22,3.1904761904761907,26,26,0.9837279318054721
1175,0.9941134045899629,0.9999994104593695,0.9771251511360312,0.9917475270159934,2.0625,3,14,18,1.9047619047619047,26,26,0.9850001920903448
1200,0.9946399808316351,0.9999995983856891,0.9789316678516649,0.9927511418658805,2.109375,3,14,19,1.894736842105263,26,26,0.9861852955053557
1225,0.9950042986118001,0.9999996848465338,0.9805056271185705,0.9934514862984506,2.09375,3,14,18,2.3703703703703702,26,26,0.9868821074695029
1250,0.9953591709331941,0.9999997526938046,0.9819526955396441,0.9936368575461492,2.10546875,3,21,18,2.864864864864865,26,26,0.988396922401679
1275,0.9957388014133435,0.9999997979328329,0.9832892161388105,0.9942498356947528,2.10546875,3,25,18,4.4375,26,26,0.9891363376500946
1300,0.9960300519627618,0.999999853744245,0.984522123246665,0.9948037323255815,2.08984375,3,23,16,3.142857142857143,26,26,0.9899712119308044
1325,0.9963350247630135,0.9999998983324576,0.985637459128786,0.9953666765602521,2.1171875,3,23,18,2.9583333333333335,26,26,0.9908516370135092
1350,0.9965862799612697,0.9999999218153836,0.9867577026448155,0.9961117398095191,2.109375,3,23,18,3.238095238095238,26,26,0.9915205967705221
1375,0.9968443470921304,0.999999943410153,0.9877808850459712,0.996534097175806,2.1015625,3,15,21,1.7857142857142858,26,26,0.9921202310477664
1400,0.9971027869269435,0.9999999582044875,0.9887626355257997,0.9970257044002864,2.09375,3,22,21,2.4,26,26,0.992804720868669
1425,0.9973067247107839,0.9999999709464626,0.9895505601319144,0.9974470721404124,2.07421875,3,17,21,1.8333333333333333,26,25,0.9936192487664299
1450,0.997525132307306,0.9999999776571795,0.9903090862693339,0.9975727712490149,2.0859375,3,18,18,2.8421052631578947,26,25,0.9941257813429094
1475,0.9977031468195994,0.9999999841517511,0.9910502793628845,0.9979867253691629,2.08984375,3,22,20,2.2,26,26,0.9945600098303191
1500,0.9978443311800531,0.9999999885290736,0.9917482925725405,0.9983561425825948,2.12890625,3,28,18,3.75,26,26,0.9950270621893651
1525,0.9980007175943478,0.9999999916973696,0.9924204730867189,0.9985881828346487,2.08984375,3,28,17,3.6451612903225805,25,26,0.9954144382292658
1550,0.9981559452917661,0.9999999937427895,0.9930058759619943,0.99865783731132,2.0625,3,25,18,2.88,26,25,0.9957848489126333
1575,0.9982805594826526,0.9999999950898624,0.9935414405847919,0.9988441800040496,2.0703125,3,36,18,7.2727272727272725,26,26,0.9961079516368359
1600,0.9983978328020984,0.999999996787514,0.9940519140420716,0.9988441800040496,2.08984375,3,24,19,2.4642857142857144,26,26,0.9964318295406679
1625,0.9985245089154144,0.9999999972669357,0.9944528779328103,0.9990544341105247,2.05859375,3,24,17,3.5588235294117645,26,26,0.9966279457700238
1650,0.9986301749230219,0.9999999979814429,0.9948405215089003,0.9991013333819134,2.0625,3,15,19,2.4482758620689653,26,26,0.9968819033836656
1675,0.9987309139246319,0.9999999985091562,0.9952440610042184,0.9991446899973198,2.08203125,3,23,18,2.423076923076923,26,26,0.9971975808145079
1700,0.9988252687621813,0.9999999987818721,0.9955934495042511,0.9992259361154436,2.0625,3,14,18,2.642857142857143,26,26,0.9973572946428811
1725,0.9989049862592544,0.9999999990246068,0.9959195457264367,0.9992641101247686,2.09375,3,23,20,2.4285714285714284,26,25,0.9975575781280908
1750,0.9989707189927017,0.9999999993355303,0.9962419722742859,0.9993345165126607,2.0703125,3,22,20,2.8620689655172415,26,26,0.9977492157232802
1775,0.9990352187263498,0.9999999995286775,0.996548743259302,0.9994265402922029,2.0625,3,27,20,4.5,26,26,0.9979603498128156
1800,0.9991121666545835,0.9999999996225973,0.9967984043466207,0.9994546630277314,2.08203125,3,13,22,1.4705882352941178,26,26,0.9980977385955272
1825,0.9991657536762917,0.999999999703846,0.9970112977389405,0.9994813564452235,2.0703125,3,14,21,1.9523809523809523,26,26,0.9982603574094757
1850,0.9992445336330913,0.9999999997722511,0.9972623621110192,0.9995766867062886,2.06640625,3,12,23,1.3333333333333333,26,26,0.9984391247658431
1875,0.9992929105392154,0.9999999998176345,0.9974582353747116,0.9996176432376863,2.08203125,3,16,22,1.3076923076923077,26,26,0.998578506728693
1900,0.9993472716635653,0.9999999998706444,0.9976542432460274,0.9996362542894379,2.109375,3,17,22,1.3076923076923077,26,26,0.9986840553538149
1925,0.9993857420911941,0.9999999998899491,0.9978205982140064,0.9996873251031323,2.109375,3,17,21,1.9090909090909092,26,26,0.9987835253633681
1950,0.9994233470643369,0.9999999999136413,0.9979787132029534,0.9997169407294672,2.06640625,3,14,21,1.5555555555555556,26,26,0.9988961068797333
1975,0.9994629150249165,0.9999999999335881,0.9981343071987663,0.9997439367472364,2.09765625,3,16,22,1.5555555555555556,26,26,0.9989767612693943
2000,0.9994993834079515,0.9999999999519311,0.9982624487305393,0.9997564765649269,2.125,3,11,25,1.5555555555555556,26,26,0.9990644607300387
