seed,perturb_eps,pair_scale,elapsed_sec,status,best_factorization,best_accessibility_score,runner_up_factorization,runner_up_accessibility_score,stderr_tail,fac_3x3x3x3_score,fac_3x3x3x3_mean_mi,fac_3x3x3x3_entropy,fac_3x3x3x3_anti_dom,fac_3x3x3x3_pair_count,fac_3x3x3x3_core_persist,fac_3x3x3x3_entropy_balance,fac_3x3x3x3_stability,fac_3x3x9_score,fac_3x3x9_mean_mi,fac_3x3x9_entropy,fac_3x3x9_anti_dom,fac_3x3x9_pair_count,fac_3x3x9_core_persist,fac_3x3x9_entropy_balance,fac_3x3x9_stability,fac_3x27_score,fac_3x27_mean_mi,fac_3x27_entropy,fac_3x27_anti_dom,fac_3x27_pair_count,fac_3x27_core_persist,fac_3x27_entropy_balance,fac_3x27_stability,fac_9x9_score,fac_9x9_mean_mi,fac_9x9_entropy,fac_9x9_anti_dom,fac_9x9_pair_count,fac_9x9_core_persist,fac_9x9_entropy_balance,fac_9x9_stability
1,0.01,0.08,10.174474700004794,ok,3x3x3x3,5.383006677186957,3x3x9,4.471665985560707,,5.383006677186957,0.0005657368324166705,0.9977448780773895,0.967995364385347,1.0,1.0,0.9490910380848462,0.9676096598069583,4.471665985560707,0.0029048294118368258,0.8644787309003946,0.7449571945395129,0.6131471927654585,1.0,0.8099346448505028,0.9362433930930014,1.917469255103056,0.004312654811387514,0.0,0.0,0.0,0.0,0.9999999999999272,0.9131566002917414,1.9169135003810571,0.0020198951502276383,0.0,0.0,0.0,0.0,0.9999999999998942,0.9148936052309352
1,0.01,0.12,10.201949599999352,ok,3x3x3x3,5.383869947959793,3x3x9,4.4488157076012875,,5.383869947959793,0.0005655998767858356,0.9977814590967479,0.9678769503625969,1.0,1.0,0.9501183140884993,0.9675276245351634,4.4488157076012875,0.004988169394477256,0.8491938117487193,0.7431752475371202,0.6131471927654585,1.0,0.8027038581808569,0.9356074279746562,1.9190110440504493,0.007718002273398129,0.0,0.0,0.0,0.0,0.9999999999999709,0.9112930417770805,1.916913421596517,0.0020198219894466195,0.0,0.0,0.0,0.0,0.9999999999999093,0.914893599607161
1,0.01,0.25,10.278749600001902,ok,3x3x3x3,5.389273200959333,3x3x9,4.436332079249576,,5.389273200959333,0.0005657445594972871,0.9978036416313781,0.9690912979476146,1.0,1.0,0.954932941573492,0.9668795752473515,4.436332079249576,0.012706747497542546,0.8321697456466233,0.7487009656799198,0.6131471927654585,1.0,0.7942250196943285,0.9353824079657034,1.9271124760500404,0.023531981884668672,0.0,0.0,0.0,0.0,0.9999999999999332,0.9035804941654386,1.9169131833047253,0.002019600694650554,0.0,0.0,0.0,0.0,0.9999999999999372,0.9148935826101378
1,0.01,0.5,9.939822000000277,ok,3x3x3x3,5.16025096969671,3x3x9,4.448061110705816,,5.16025096969671,0.0005655609664943467,0.9975401038183858,0.9685139021669289,1.0,0.5454545454545453,0.9549839299009958,0.9659202001166332,4.448061110705816,0.01787560083284714,0.8273996734355898,0.7627859321293965,0.6131471927654585,1.0,0.7910155374449451,0.9358371740975792,1.9467388640132173,0.052600172242197554,0.0,0.0,0.0,0.0,0.9999999999999809,0.8941386917710388,1.916912803761062,0.0020192481626125198,0.0,0.0,0.0,0.0,0.9999999999999446,0.914893555598505
1,0.02,0.08,9.974975299999642,ok,3x3x3x3,5.385048913186341,3x3x9,4.541218767148072,,5.385048913186341,0.0019868300390978194,0.9977472671765392,0.9677687602927488,1.0,1.0,0.9498532821632769,0.9676927735146784,4.541218767148072,0.00487931940412004,0.8980588040158477,0.759194963670572,0.6131471927654585,1.0,0.8256440317272639,0.9402944555648096,1.9207470404308138,0.007337661132744169,0.0,0.0,0.0,0.0,0.9999999999999819,0.9134093792980879,1.9221608004151796,0.007267231428506985,0.0,0.0,0.0,0.0,0.9999999999999774,0.9148935689866953
1,0.02,0.12,10.61282879999635,ok,3x3x3x3,5.38584743729873,3x3x9,4.501770383519806,,5.38584743729873,0.0019863855244319265,0.9977785928107608,0.9675891140597378,1.0,1.0,0.9508794500632706,0.9676138948405288,4.501770383519806,0.006865538250448839,0.879103470198687,0.7483899762180166,0.6131471927654585,1.0,0.8158447254287213,0.9384194806584739,1.922056953248624,0.010422721575509669,0.0,0.0,0.0,0.0,0.9999999999999861,0.9116342316731282,1.9221604778243926,0.007266931753519671,0.0,0.0,0.0,0.0,0.9999999999999695,0.9148935460709033
1,0.02,0.25,9.917751100001624,ok,3x3x3x3,5.390964959261448,3x3x9,4.46871509653882,,5.390964959261448,0.0019869356099063923,0.9977678857280772,0.9686693049315132,1.0,1.0,0.9555581706372486,0.9669826623547035,4.46871509653882,0.014357596969842158,0.8545095400474952,0.7453894955499437,0.6131471927654585,1.0,0.8036269499390688,0.9376843212670118,1.9295893212561057,0.02554242937719253,0.0,0.0,0.0,0.0,0.9999999999999872,0.9040468918789261,1.9221595018519455,0.00726602505931814,0.0,0.0,0.0,0.0,0.9999999999999833,0.9148934767926439
1,0.02,0.5,9.935110300000815,ok,3x3x3x3,5.162040944722072,3x3x9,4.480859144507335,,5.162040944722072,0.0019860040309816872,0.9975064398165077,0.9682082968711166,1.0,0.5454545454545453,0.9555825235520298,0.9660304077241633,4.480859144507335,0.019427062056558246,0.8469519583958941,0.7630609599832244,0.6131471927654585,1.0,0.7991929871685669,0.9390789841376329,1.9487213348426575,0.05416433504788654,0.0,0.0,0.0,0.0,0.9999999999999905,0.8945569997947805,1.9221579461691662,0.007264579558833894,0.0,0.0,0.0,0.0,0.9999999999999748,0.9148933666103576
1,0.05,0.08,10.108435400004964,ok,3x3x3x3,5.394883681073643,3x3x9,4.667349858070391,,5.394883681073643,0.010303595196523975,0.9977536100534028,0.9673836131529897,1.0,1.0,0.9513665056474814,0.9680763570232453,4.667349858070391,0.017629135347485593,0.9343659445569183,0.8028408083940977,0.6131471927654585,1.0,0.8478337154267099,0.9515330615797211,1.9423782654309387,0.02833900861442631,0.0,0.0,0.0,0.0,0.9999999999999943,0.914039256816518,1.9543770820224444,0.039483776643883244,0.0,0.0,0.0,0.0,0.9999999999999968,0.9148933053785645
1,0.05,0.12,10.032229800002824,ok,3x3x3x3,5.395548213478654,3x3x9,4.621770931197111,,5.395548213478654,0.010302521638706565,0.9977734110070984,0.9670705760666863,1.0,1.0,0.9524000948157568,0.9680016099504055,4.621770931197111,0.01928405163882699,0.920719176330275,0.7832574473897871,0.6131471927654585,1.0,0.8379321637443108,0.947430899328453,1.9430419398685754,0.03040582049102799,0.0,0.0,0.0,0.0,0.9999999999999933,0.912636119377554,1.9543749258933771,0.03948176926137867,0.0,0.0,0.0,0.0,0.9999999999999976,0.9148931566320008
1,0.05,0.25,9.973231999996642,ok,3x3x3x3,5.400005271517306,3x3x9,4.563765580952751,,5.400005271517306,0.010305609876557766,0.9976879903586099,0.967830961796817,1.0,1.0,0.9567713470442212,0.9674093624410999,4.563765580952751,0.025886441306615045,0.8946597642709421,0.762786307074136,0.6131471927654585,1.0,0.8224336234291446,0.9448522521064551,1.948685480839322,0.04293955740096945,0.0,0.0,0.0,0.0,0.9999999999999942,0.9057459234383581,1.9543683978477187,0.03947569124142352,0.0,0.0,0.0,0.0,0.999999999999996,0.9148927066062991
1,0.05,0.5,10.066240899999684,ok,3x3x3x3,5.171272887759043,3x3x9,4.59161565483094,,5.171272887759043,0.010296461431916036,0.997435557280845,0.96764287040505,1.0,0.5454545454545453,0.9567060786999005,0.9664646472140592,4.59161565483094,0.03043936139516278,0.8891981025818191,0.7895473140647173,0.6131471927654585,1.0,0.8193770482297584,0.949906635794024,1.9657345274751576,0.06943297809664704,0.0,0.0,0.0,0.0,0.9999999999999958,0.8963015493785148,1.9543579705194403,0.039465981169555735,0.0,0.0,0.0,0.0,0.9999999999999948,0.9148919893498898
2,0.01,0.08,10.038107299995318,ok,3x3x3x3,5.391743800445077,3x3x9,4.397072464690628,,5.391743800445077,0.000512689862875413,0.9963422708858858,0.9627815005664163,1.0,1.0,0.9646232960050174,0.9674840431248818,4.397072464690628,0.002991876959686246,0.8780992195229789,0.8191253317849442,0.6131471927654585,0.6363636363636365,0.8231414513323113,0.9423855741434302,1.9178578193359899,0.004825264706435433,0.0,0.0,0.0,0.0,0.9999999999999339,0.9130325546296205,1.9167873252315992,0.0018937991078054215,0.0,0.0,0.0,0.0,0.9999999999999217,0.914893526123872
2,0.01,0.12,9.911215100000845,ok,3x3x3x3,5.3467494964835875,3x3x9,4.408747676198104,,5.3467494964835875,0.0005123333670431843,0.9962832575700752,0.96618847701643,1.0,0.909090909090909,0.9623499239334883,0.9668700500510963,4.408747676198104,0.00511653984507783,0.8616549318597012,0.8094793150910239,0.6131471927654585,0.7272727272727273,0.814255217357812,0.9414581156426665,1.9195048109716726,0.008355333125098847,0.0,0.0,0.0,0.0,0.999999999999932,0.9111494778466416,1.916787475892217,0.0018939955881190891,0.0,0.0,0.0,0.0,0.9999999999999108,0.9148934803041869
2,0.01,0.25,10.168631599997752,ok,3x3x3x3,5.15180784356865,3x3x9,4.421774564245571,,5.15180784356865,0.0005105580226237179,0.9955892702988227,0.9665381006241202,1.0,0.5454545454545453,0.950711849811232,0.9657307920845789,4.421774564245571,0.012910246641597477,0.8422585760077581,0.8005053406963931,0.6131471927654585,0.8181818181818182,0.8031129216631658,0.9407493773802889,1.9277815932053577,0.02431772035281701,0.0,0.0,0.0,0.0,0.9999999999999669,0.9034638728525736,1.916787968051898,0.00189463750063467,0.0,0.0,0.0,0.0,0.999999999999901,0.9148933305513623
2,0.01,0.5,9.926265900001454,ok,3x3x3x3,5.214094192293982,3x3x9,4.277465829342637,,5.214094192293982,0.0005081170429406717,0.9945208848362026,0.9538604127176179,1.0,0.7272727272727273,0.9380039316540053,0.9635644824068514,4.277465829342637,0.018113684987524654,0.83460824622357,0.8012705320523843,0.6131471927654585,0.5454545454545453,0.7975806140190769,0.94001828656735,1.9473344602891436,0.053168420731936054,0.0,0.0,0.0,0.0,0.9999999999999631,0.8941660395572444,1.9167889187167308,0.0018958735311949448,0.0,0.0,0.0,0.0,0.9999999999999066,0.9148930451856292
2,0.02,0.08,9.993794299996807,ok,3x3x3x3,5.392801880434022,3x3x9,4.434721171374198,,5.392801880434022,0.0018072832547626255,0.9962894363900939,0.9624776612362903,1.0,1.0,0.9646763370569894,0.9675511624958851,4.434721171374198,0.004986359436169836,0.914775016783474,0.8392212300768144,0.6131471927654585,0.5454545454545453,0.8426042912417941,0.9472598083432149,1.921593587095264,0.00842225169332535,0.0,0.0,0.0,0.0,0.9999999999999744,0.9131713354019644,1.9217139792648397,0.0068207364898088116,0.0,0.0,0.0,0.0,0.9999999999999801,0.9148932427750507
2,0.02,0.12,10.003444999994827,ok,3x3x3x3,5.34787176346482,3x3x9,4.435503326252601,,5.34787176346482,0.0018058804489267527,0.9962297553737944,0.965888808655777,1.0,0.909090909090909,0.9624647505615617,0.9669371138793059,4.435503326252601,0.0070607753004942675,0.8958676164142972,0.8250447406731567,0.6131471927654585,0.6363636363636365,0.831554436100761,0.9446467468166144,1.9231221410699848,0.011771220014788182,0.0,0.0,0.0,0.0,0.99999999999998,0.9113509210552165,1.9217146036558945,0.006821549686271844,0.0,0.0,0.0,0.0,0.9999999999999653,0.9148930539696574
2,0.02,0.25,10.14877140000317,ok,3x3x3x3,5.153385855011343,3x3x9,4.430328053581844,,5.153385855011343,0.0017985909374839946,0.9955529828205361,0.9663826193978402,1.0,0.5454545454545453,0.951109602547863,0.9658147865803465,4.430328053581844,0.014718793771862764,0.8693771118260801,0.8098316833493707,0.6131471927654585,0.7272727272727273,0.8163698076480316,0.9432471005846769,1.9310404228832474,0.02722326582800052,0.0,0.0,0.0,0.0,0.9999999999999892,0.9038171570552577,1.9217166445876868,0.006824208402084412,0.0,0.0,0.0,0.0,0.999999999999964,0.9148924361856384
2,0.02,0.5,10.083890900001279,ok,3x3x3x3,5.215935289317499,3x3x9,4.323995014908503,,5.215935289317499,0.0017887269031020164,0.9944798767188466,0.9537412760945047,1.0,0.7272727272727273,0.9386469105975194,0.9636421353671629,4.323995014908503,0.01988214231803763,0.8573111840424158,0.8091546282331759,0.6131471927654585,0.5454545454545453,0.8084025459240081,0.9433700488981344,1.9500574907305142,0.055446904534025364,0.0,0.0,0.0,0.0,0.9999999999999795,0.8946105861965092,1.9217205921535392,0.0068293362604096635,0.0,0.0,0.0,0.0,0.9999999999999821,0.9148912558931475
2,0.05,0.08,10.128351299994392,ok,3x3x3x3,5.399530640221401,3x3x9,4.593838048141781,,5.399530640221401,0.009444305972514779,0.9961478368639267,0.9617414989432039,1.0,1.0,0.9643304142539519,0.9678665841878037,4.593838048141781,0.01745352730492338,0.9504066055559561,0.8697163662443743,0.6131471927654585,0.6363636363636365,0.8664515430467922,0.9584809950424582,1.9449649574150325,0.03139293888601337,0.0,0.0,0.0,0.0,0.9999999999999961,0.913572018529023,1.952019298559546,0.03712817555694787,0.0,0.0,0.0,0.0,0.9999999999999957,0.9148911230026024
2,0.05,0.12,9.98320270000113,ok,3x3x3x3,5.354822280939168,3x3x9,4.513840874705174,,5.354822280939168,0.009435746176010291,0.9960936496956172,0.9652045908148743,1.0,0.909090909090909,0.9622926917034192,0.9672501480037924,4.513840874705174,0.019342308895475658,0.9393922964494368,0.8565848504629134,0.6131471927654585,0.5454545454545453,0.8575497253788386,0.9550972280257792,1.9461637157059104,0.03415324177299151,0.0,0.0,0.0,0.0,0.9999999999999953,0.9120104739329234,1.9520236245311717,0.03713376216786167,0.0,0.0,0.0,0.0,0.9999999999999963,0.9148898623633138
2,0.05,0.25,10.153119200003857,ok,3x3x3x3,5.161528509411633,3x3x9,4.4997828431713005,,5.161528509411633,0.009386453915483128,0.9954761896142288,0.9660732190421992,1.0,0.5454545454545453,0.9516644885454631,0.9662008855669867,4.4997828431713005,0.026451277026448717,0.9151671799784321,0.8355741099831768,0.6131471927654585,0.6363636363636365,0.8409357205128875,0.9503255447230785,1.952918948203378,0.04774009057104255,0.0,0.0,0.0,0.0,0.9999999999999969,0.9051788576323385,1.9520377854457371,0.03715205906153805,0.0,0.0,0.0,0.0,0.9999999999999954,0.9148857263842037
2,0.05,0.5,10.053964900005667,ok,3x3x3x3,5.224634045291495,3x3x9,4.434750145294585,,5.224634045291495,0.009322560274593128,0.9943961607312723,0.9535182492260309,1.0,0.7272727272727273,0.939773944925856,0.963986766497379,4.434750145294585,0.03143452692155857,0.9021338038276823,0.8339613137437663,0.6131471927654585,0.5454545454545453,0.8316961921267257,0.9496498431821222,1.9699994952933286,0.07356469377314609,0.0,0.0,0.0,0.0,0.9999999999999966,0.896434801520186,1.9520652607100115,0.03718748386006239,0.0,0.0,0.0,0.0,0.9999999999999969,0.9148777768499523
3,0.01,0.08,10.032525199996599,ok,3x3x3x3,5.211084516877126,3x3x9,4.367442458592252,,5.211084516877126,0.000475547285765054,0.9938252511027147,0.966246466133241,1.0,0.7272727272727273,0.9204278052913097,0.9664730834277309,4.367442458592252,0.0027910216573673475,0.8880675125150771,0.8151165323788419,0.6131471927654585,0.5454545454545453,0.8306140843385861,0.9449788422096488,1.9176611663507226,0.004546280663677197,0.0,0.0,0.0,0.0,0.9999999999999392,0.9131148856871063,1.916602665055959,0.0017090715633542248,0.0,0.0,0.0,0.0,0.9999999999999158,0.914893593492689
3,0.01,0.12,9.983783899995615,ok,3x3x3x3,5.074604874859447,3x3x9,4.332283029617587,,5.074604874859447,0.00047511642674614047,0.9941135369352158,0.9643783556691353,1.0,0.4545454545454545,0.9220335502730737,0.966331588282549,4.332283029617587,0.0048860053583827025,0.869285915487194,0.8079537128743443,0.6131471927654585,0.5454545454545453,0.8200285377318878,0.9442543926730476,1.9192297586466052,0.00798120798727731,0.0,0.0,0.0,0.0,0.9999999999999601,0.9112485506593676,1.916602704235947,0.0017091228975481267,0.0,0.0,0.0,0.0,0.9999999999999228,0.914893581338476
3,0.01,0.25,10.087547899995116,ok,3x3x3x3,5.217177459470308,3x3x9,4.389464338106679,,5.217177459470308,0.00047392092185924645,0.9950793244231174,0.9614083338553222,1.0,0.7272727272727273,0.9316133397693555,0.9649661768642903,4.389464338106679,0.012681860195173568,0.846281759531579,0.8034412128335421,0.6131471927654585,0.7272727272727273,0.8064024532423754,0.9438734959021866,1.9273516080792965,0.023805658807945242,0.0,0.0,0.0,0.0,0.9999999999999489,0.9035459492714024,1.9166028346697432,0.00170929465826233,0.0,0.0,0.0,0.0,0.9999999999999131,0.914893540011568
3,0.01,0.5,9.998913900002663,ok,3x3x3x3,5.100045193420723,3x3x9,4.417413861574478,,5.100045193420723,0.000473316735394442,0.9951001358206754,0.9608263546992878,1.0,0.4545454545454545,0.9533226097267765,0.9630500491658616,4.417413861574478,0.017970225112629665,0.8360752048348767,0.7980551736416651,0.6131471927654585,0.8181818181818182,0.7990609942664235,0.9440141618625154,1.9469718896829233,0.05289496666364686,0.0,0.0,0.0,0.0,0.999999999999968,0.8940769230193083,1.9166030995950831,0.0017096470767595981,0.0,0.0,0.0,0.0,0.9999999999998497,0.9148934525184738
3,0.02,0.08,10.556912100000773,ok,3x3x3x3,5.213122041322369,3x3x9,4.541073144211787,,5.213122041322369,0.0016711457856007387,0.9937612054105119,0.9662870314227273,1.0,0.7272727272727273,0.9212365633527898,0.9665297317143745,4.541073144211787,0.004495797665588567,0.9260800895603191,0.8310270740171849,0.6131471927654585,0.7272727272727273,0.8516607067927345,0.9510259197741379,1.9212518618857928,0.00791555285167615,0.0,0.0,0.0,0.0,0.9999999999999606,0.9133363090341559,1.921035776160733,0.006142254094554736,0.0,0.0,0.0,0.0,0.9999999999999722,0.914893522066206
3,0.02,0.12,9.988254800002323,ok,3x3x3x3,5.076610710307998,3x3x9,4.40502634171427,,5.076610710307998,0.0016693669352895741,0.9940604876519245,0.964377329261876,1.0,0.4545454545454545,0.9228453951164092,0.9663854040697715,4.40502634171427,0.0065073050275925885,0.9044194060924808,0.8216509275438387,0.6131471927654585,0.5454545454545453,0.838428053514264,0.9481461840433624,1.9226155215934844,0.011061551493656013,0.0,0.0,0.0,0.0,0.9999999999999752,0.9115539700998532,1.921035935360246,0.00614246258373865,0.0,0.0,0.0,0.0,0.9999999999999761,0.9148934727765313
3,0.02,0.25,10.120299700000032,ok,3x3x3x3,5.219322942133634,3x3x9,4.352441358627009,,5.219322942133634,0.0016645988806019577,0.9950532317780507,0.9614802904951593,1.0,0.7272727272727273,0.9324507628991473,0.9650376944443119,4.352441358627009,0.01416736705341468,0.8725007746497287,0.8128193183621376,0.6131471927654585,0.5454545454545453,0.8195741424931089,0.9475052905758882,1.930200266652819,0.02621199531557916,0.0,0.0,0.0,0.0,0.9999999999999822,0.9039882713372578,1.921036467277447,0.006143163185822398,0.0,0.0,0.0,0.0,0.9999999999999661,0.9148933040916584
3,0.02,0.5,9.482268400002795,ok,3x3x3x3,5.146765026476728,3x3x9,4.498098495873462,,5.146765026476728,0.0016622455379399837,0.9949666546564937,0.9603276958744721,1.0,0.5454545454545453,0.9539042321418374,0.9631769255387121,4.498098495873462,0.019498721647529346,0.8558656455122778,0.8005852728583978,0.6131471927654585,0.909090909090909,0.8085455614591798,0.945910647085165,1.9493282910052836,0.054896280658244076,0.0,0.0,0.0,0.0,0.9999999999999892,0.8944320103470502,1.9210375558557187,0.006144613113004744,0.0,0.0,0.0,0.0,0.9999999999999769,0.914892942742737
3,0.05,0.08,9.541377499997907,ok,3x3x3x3,5.221552354099979,3x3x9,4.7613505242487735,,5.221552354099979,0.008655999754415776,0.9935992874004387,0.9662630957467606,1.0,0.7272727272727273,0.922565387121847,0.966832220440153,4.7613505242487735,0.015578687122554348,0.9596042992331366,0.8386556873009517,0.6131471927654585,1.0,0.8746578836781335,0.9597067741485389,1.9443072588621015,0.030380900070829445,0.0,0.0,0.0,0.0,0.9999999999999946,0.9139263587912776,1.9481075087804083,0.03321449319049713,0.0,0.0,0.0,0.0,0.9999999999999937,0.9148930155899175
3,0.05,0.12,9.79083510000055,ok,3x3x3x3,5.0850004392773505,3x3x9,4.69006315085817,,5.0850004392773505,0.008643897224253974,0.9939224222383427,0.9642922153129075,1.0,0.4545454545454545,0.9241893702176168,0.9666798070115019,4.69006315085817,0.017288565339017996,0.9468096459988874,0.8371061795844188,0.6131471927654585,0.909090909090909,0.8638030253785036,0.957363087246429,1.9450805567597147,0.032591145188721866,0.0,0.0,0.0,0.0,0.9999999999999937,0.9124894115709993,1.9481085554292084,0.03321585585355544,0.0,0.0,0.0,0.0,0.9999999999999932,0.9148926995756598
3,0.05,0.25,9.961570600004052,ok,3x3x3x3,5.228099745204522,3x3x9,4.628469585505365,,5.228099745204522,0.008614034971061137,0.9949868555508157,0.9616209555468432,1.0,0.7272727272727273,0.9339343325894162,0.9653072029100225,4.628469585505365,0.02437659246389384,0.9137549668795973,0.8275852366457349,0.6131471927654585,0.909090909090909,0.8411292334342438,0.9539309087709822,1.9508792401436408,0.04524777713988218,0.0,0.0,0.0,0.0,0.9999999999999951,0.9056314630037634,1.948112085144376,0.033220484562672674,0.0,0.0,0.0,0.0,0.9999999999999947,0.9148916005817088
3,0.05,0.5,10.192208000000392,ok,3x3x3x3,5.15383840446258,3x3x9,4.61684906008579,,5.15383840446258,0.008600187449709385,0.9946826726280886,0.9592980878519984,1.0,0.5454545454545453,0.9549289793205046,0.9636012044850064,4.61684906008579,0.02977404188048541,0.8910879067747117,0.8065586584952112,0.6131471927654585,1.0,0.8255541618425041,0.9507270983274185,1.9680459320577315,0.0720458507734191,0.0,0.0,0.0,0.0,0.9999999999999961,0.8960000812843164,1.9481194471374057,0.03323026702387539,0.0,0.0,0.0,0.0,0.9999999999999969,0.9148891801135335
4,0.01,0.08,10.008745900006033,ok,3x3x3x3,5.319719030542215,3x3x9,4.551401336584364,,5.319719030542215,0.0004818811847674711,0.9965363960324299,0.9727689072075243,1.0,0.8181818181818182,0.9735025361117919,0.9673384009147917,4.551401336584364,0.0031956099671668556,0.8579498396681525,0.8229845879930232,0.6131471927654585,1.0,0.8080137617525533,0.9461103444380101,1.9180909953720846,0.0052311593090269195,0.0,0.0,0.0,0.0,0.9999999999999342,0.9128598360631235,1.916846162052126,0.0019525531912070488,0.0,0.0,0.0,0.0,0.9999999999999012,0.9148936088610179
4,0.01,0.12,10.825906900005066,ok,3x3x3x3,5.179634359684838,3x3x9,4.525563386066877,,5.179634359684838,0.00048212075754138325,0.996570094353337,0.9740961875022318,1.0,0.5454545454545453,0.9688246394830187,0.9669340448614379,4.525563386066877,0.005423868356221765,0.8446691318003251,0.81520481955991,0.6131471927654585,1.0,0.8015883610998965,0.9455300124850655,1.9199050852960489,0.009011551306886535,0.0,0.0,0.0,0.0,0.9999999999999332,0.9108935339892293,1.9168461750312416,0.0019525694778244945,0.0,0.0,0.0,0.0,0.9999999999998928,0.9148936055535244
4,0.01,0.25,9.867278500001703,ok,3x3x3x3,5.2193642795806054,3x3x9,4.500401165494792,,5.2193642795806054,0.0004846026452746191,0.9968350089863257,0.9743397615934609,1.0,0.6363636363636365,0.9631426532059065,0.9663804349678193,4.500401165494792,0.013561990815125746,0.8301314235709178,0.8049518946304826,0.6131471927654585,1.0,0.7939160623521159,0.9446926013606916,1.9287831611556567,0.025835797293223425,0.0,0.0,0.0,0.0,0.9999999999999377,0.9029473638624956,1.91684621104704,0.0019526126654138118,0.0,0.0,0.0,0.0,0.9999999999998755,0.9148935983817504
4,0.01,0.5,9.616530799998145,ok,3x3x3x3,5.130014412965121,3x3x9,4.494552772179572,,5.130014412965121,0.0004849912496951908,0.996739971326177,0.9754343661216168,1.0,0.4545454545454545,0.966928355813413,0.9631540011814915,4.494552772179572,0.019022533508394553,0.826495890669894,0.8008735547066828,0.6131471927654585,1.0,0.7908896665349796,0.9441239339941628,1.9495451051227848,0.05617097110546072,0.0,0.0,0.0,0.0,0.9999999999999879,0.8933741340173362,1.9168462515148983,0.001952653811786449,0.0,0.0,0.0,0.0,0.9999999999999176,0.9148935977031943
4,0.02,0.08,9.552467800000159,ok,3x3x3x3,5.320485009778312,3x3x9,4.616837946477739,,5.320485009778312,0.001693046551674115,0.9963756430751046,0.971990283379006,1.0,0.8181818181818182,0.9739936235726151,0.9673415041090025,4.616837946477739,0.00537389179328859,0.8886537275931676,0.8372385653338377,0.6131471927654585,1.0,0.8220209635383061,0.9504036054536802,1.9218873288627587,0.009048949130413571,0.0,0.0,0.0,0.0,0.999999999999983,0.9128383797323619,1.9219401548520827,0.00704657551931703,0.0,0.0,0.0,0.0,0.9999999999999769,0.9148935793327888
4,0.02,0.12,9.435858899996674,ok,3x3x3x3,5.180683578775377,3x3x9,4.582925127392521,,5.180683578775377,0.0016940519198186351,0.9964221365050591,0.9735232671092034,1.0,0.5454545454545453,0.9693675530441233,0.9669492974698997,4.582925127392521,0.007655009885266359,0.8726049213059823,0.8270388932306542,0.6131471927654585,1.0,0.8139667443032053,0.9485123659019544,1.9237443622041188,0.01289414343030188,0.0,0.0,0.0,0.0,0.999999999999983,0.910850218773834,1.9219402155283212,0.007046651979023885,0.0,0.0,0.0,0.0,0.9999999999999688,0.9148935635493286
4,0.02,0.25,9.422327699998277,ok,3x3x3x3,5.2207197102333325,3x3x9,4.543311303281554,,5.2207197102333325,0.0017044161211194286,0.9967196153095386,0.9740245711813944,1.0,0.6363636363636365,0.9636945210795441,0.9663947683599177,4.543311303281554,0.016009331607327527,0.8517201931673747,0.8116612577500856,0.6131471927654585,1.0,0.8032827175244286,0.9474906104668791,1.9328650887467087,0.030077585979043198,0.0,0.0,0.0,0.0,0.9999999999999889,0.9027875027676766,1.9219403880799308,0.007046861611941485,0.0,0.0,0.0,0.0,0.9999999999999855,0.9148935264680038
4,0.02,0.5,9.676683500001673,ok,3x3x3x3,5.131262375642024,3x3x9,4.530278974637123,,5.131262375642024,0.0017060552327850121,0.9966511673327022,0.975097951392365,1.0,0.4545454545454545,0.9673755387614428,0.9631589356500022,4.530278974637123,0.02170184940932138,0.8449788061122895,0.8048847473996759,0.6131471927654585,1.0,0.7986917903592183,0.9468745885911596,1.9543221669454098,0.061301405194872725,0.0,0.0,0.0,0.0,0.9999999999999897,0.8930207617505475,1.9219406113094541,0.007047096989597496,0.0,0.0,0.0,0.0,0.9999999999999729,0.9148935143198837
4,0.05,0.08,9.5507512999975,ok,3x3x3x3,5.2813567539846495,3x3x9,4.7063750878534405,,5.2813567539846495,0.008798778914427678,0.9960285572731468,0.9704242838940634,1.0,0.7272727272727273,0.974932410635745,0.9675363596309031,4.7063750878534405,0.01836919733883251,0.9199867471908341,0.8555786542258631,0.6131471927654585,1.0,0.83838654745318,0.9609067488792727,1.9447313072686323,0.031902616574646506,0.0,0.0,0.0,0.0,0.9999999999999948,0.9128286906939912,1.9534650308766373,0.03857172569870806,0.0,0.0,0.0,0.0,0.999999999999994,0.9148933051779352
4,0.05,0.12,9.663078799996583,ok,3x3x3x3,5.187508791516493,3x3x9,4.676903231110379,,5.187508791516493,0.008805838136899285,0.9960996792053227,0.9722552936784747,1.0,0.5454545454545453,0.9704042383987559,0.9672164693697675,4.676903231110379,0.020770235145152458,0.9084531647487126,0.8462953103095884,0.6131471927654585,1.0,0.8313600783334079,0.9568772498080594,1.9467125586644651,0.03585173791072905,0.0,0.0,0.0,0.0,0.9999999999999946,0.9108608207537415,1.9534655577948097,0.03857239005601811,0.0,0.0,0.0,0.0,0.9999999999999968,0.9148931677387948
4,0.05,0.25,9.571306199999526,ok,3x3x3x3,5.182807994382772,3x3x9,4.626953910063112,,5.182807994382772,0.008878334865931252,0.9964639957751459,0.973357984951842,1.0,0.5454545454545453,0.9647536979757252,0.966626708086855,4.626953910063112,0.029659403011034938,0.8861770364154027,0.8264636167721983,0.6131471927654585,1.0,0.818960659283319,0.9525460018156985,1.9564214455821811,0.05372607439389011,0.0,0.0,0.0,0.0,0.9999999999999969,0.902695371188294,1.9534671137276713,0.038574306154212444,0.0,0.0,0.0,0.0,0.9999999999999954,0.9148928075734635
4,0.05,0.5,9.701390399997763,ok,3x3x3x3,5.093126796169637,3x3x9,4.611008209691561,,5.093126796169637,0.008890147119615006,0.9964543965379744,0.9743665712130586,1.0,0.36363636363636365,0.968240500172882,0.9633569993079242,4.611008209691561,0.0360579906866908,0.8786594401095834,0.8164349298937005,0.6131471927654585,1.0,0.8136763516757359,0.9530323045603923,1.9796717336595366,0.08715467935123106,0.0,0.0,0.0,0.0,0.9999999999999968,0.8925170543083087,1.9534694233909562,0.03857693145345683,0.0,0.0,0.0,0.0,0.999999999999995,0.9148924919375042
5,0.01,0.08,9.791739899999811,ok,3x3x3x3,5.335896314331122,3x3x9,4.536267187380046,,5.335896314331122,0.0004966257015262738,0.9991093969027414,0.9819874068501959,1.0,0.8181818181818182,0.9771449727437765,0.9680670030419721,4.536267187380046,0.002971669337076367,0.8659724759096661,0.7972584554091029,0.6131471927654585,1.0,0.8123760288000225,0.9445413651587203,1.917678186876727,0.004605076264989478,0.0,0.0,0.0,0.0,0.9999999999999148,0.9130731106118227,1.9169168388054814,0.002023276069664031,0.0,0.0,0.0,0.0,0.9999999999999286,0.9148935627358887
5,0.01,0.12,9.738695400003053,ok,3x3x3x3,5.1963120321512255,3x3x9,4.511276045077294,,5.1963120321512255,0.0004966735092131447,0.9990648337807769,0.9824470148061019,1.0,0.5454545454545453,0.9737749794374821,0.967801257890379,4.511276045077294,0.00507270145781509,0.8513368597925527,0.7925587916313135,0.6131471927654585,1.0,0.8051695631965345,0.9439909362336203,1.9192623960747497,0.008045527440890021,0.0,0.0,0.0,0.0,0.9999999999999519,0.9112168686339076,1.916916928608252,0.0020233929574512686,0.0,0.0,0.0,0.0,0.9999999999999176,0.9148935356508829
5,0.01,0.25,10.143607500001963,ok,3x3x3x3,5.133189243559069,3x3x9,4.491007322886972,,5.133189243559069,0.0004974991677388958,0.9984049606610573,0.9777780979367345,1.0,0.4545454545454545,0.9628271325696935,0.966408825951118,4.491007322886972,0.012790628162929184,0.8348778487964009,0.7902803959599939,0.6131471927654585,1.0,0.7964836396874753,0.9434276175147146,1.9272993563442542,0.023679363415136864,0.0,0.0,0.0,0.0,0.9999999999999449,0.9036199929291724,1.9169172197479996,0.0020237713463655063,0.0,0.0,0.0,0.0,0.9999999999998995,0.9148934484017347
5,0.01,0.5,9.57325039999705,ok,3x3x3x3,5.1593951377200415,3x3x9,4.490305000896125,,5.1593951377200415,0.0004996918513066362,0.997425394902629,0.9712252960843076,1.0,0.5454545454545453,0.9521905407884326,0.9653269413660933,4.490305000896125,0.017959157531191604,0.8291147428413425,0.793930627855866,0.6131471927654585,1.0,0.7925543477807547,0.9435989321215116,1.946441696320767,0.052093689017630736,0.0,0.0,0.0,0.0,0.9999999999999826,0.8943480073031537,1.9169177726531506,0.002024485026569239,0.0,0.0,0.0,0.0,0.9999999999999105,0.914893287626671
5,0.02,0.08,9.502187400001276,ok,3x3x3x3,5.337590866750893,3x3x9,4.607374898485445,,5.337590866750893,0.0017457031191764588,0.9990854064269645,0.9818095411031392,1.0,0.8181818181818182,0.9777416662109402,0.9681176407997641,4.607374898485445,0.004983217156343418,0.8990356756364402,0.8127351273386217,0.6131471927654585,1.0,0.8280551275187875,0.9494185580697939,1.9211293911693994,0.007872850949396631,0.0,0.0,0.0,0.0,0.9999999999999697,0.913256540220033,1.9221942405654648,0.007300849088548978,0.0,0.0,0.0,0.0,0.9999999999999774,0.9148933914769386
5,0.02,0.12,9.528450700003305,ok,3x3x3x3,5.198120067307531,3x3x9,4.573146037317397,,5.198120067307531,0.0017458984931512456,0.9990474349271086,0.9823712261245426,1.0,0.5454545454545453,0.9743746382332401,0.9678535968022166,4.573146037317397,0.007002450575631269,0.8819676675857597,0.8042883076180055,0.6131471927654585,1.0,0.8191621869047858,0.9475782318677554,1.9225259379352082,0.011033178539344577,0.0,0.0,0.0,0.0,0.9999999999999837,0.9114927593958799,1.922194616279873,0.007301337400631152,0.0,0.0,0.0,0.0,0.9999999999999769,0.9148932788792651
5,0.02,0.25,9.632428600001731,ok,3x3x3x3,5.135050888749958,3x3x9,4.539271258975543,,5.135050888749958,0.0017492325992933843,0.9983916936186413,0.9777649861491539,1.0,0.4545454545454545,0.9634472715805429,0.9664249775295994,4.539271258975543,0.014491379878733217,0.8593478504350003,0.7978132178211809,0.6131471927654585,1.0,0.8074257785886868,0.9470458394864828,1.9299461006601257,0.025805942762120893,0.0,0.0,0.0,0.0,0.9999999999999837,0.9041401578980212,1.9221958348570265,0.0073029189946823446,0.0,0.0,0.0,0.0,0.9999999999999791,0.9148929158623651
5,0.02,0.5,9.681071600003634,ok,3x3x3x3,5.161219917074039,3x3x9,4.488854433675591,,5.161219917074039,0.0017582901568365848,0.9974004889823387,0.9711764842528224,1.0,0.5454545454545453,0.9528008657859584,0.9653565151688103,4.488854433675591,0.01956931399033887,0.8500846237778134,0.8019900041911445,0.6131471927654585,0.909090909090909,0.8018502967751087,0.9476675476302732,1.9481116264360976,0.05313594806502782,0.0,0.0,0.0,0.0,0.9999999999999911,0.8949756783710787,1.922198151264692,0.0073059057048579954,0.0,0.0,0.0,0.0,0.9999999999999859,0.914892245559848
5,0.05,0.08,9.479310200003965,ok,3x3x3x3,5.391903674696593,3x3x9,4.706817671863488,,5.391903674696593,0.009085901084541442,0.9990493145738889,0.9816822258488458,1.0,0.909090909090909,0.9791044286111146,0.9684363500327478,4.706817671863488,0.017782133322662045,0.9308807185934908,0.839183284462559,0.6131471927654585,1.0,0.8462052244107418,0.9596191183085764,1.9432966496042083,0.029527496110912876,0.0,0.0,0.0,0.0,0.9999999999999933,0.913769153493302,1.9548516290725892,0.03995954508200888,0.0,0.0,0.0,0.0,0.9999999999999966,0.9148920839905837
5,0.05,0.12,9.49637950000033,ok,3x3x3x3,5.252527829121441,3x3x9,4.680431588604807,,5.252527829121441,0.009087196767561801,0.9990209119425646,0.9823712770346759,1.0,0.6363636363636365,0.9756949493157516,0.9681716758790685,4.680431588604807,0.01949206723288106,0.9209371422677588,0.8299479354792659,0.6131471927654585,1.0,0.839450495314265,0.9574567555451778,1.944165324645698,0.03179748849249082,0.0,0.0,0.0,0.0,0.9999999999999929,0.9123678361532144,1.9548542912307694,0.039962973638065384,0.0,0.0,0.0,0.0,0.9999999999999963,0.9148913175927076
5,0.05,0.25,9.563404100001208,ok,3x3x3x3,5.143880412843048,3x3x9,4.642421739897577,,5.143880412843048,0.0091087264494827,0.9983651271957452,0.9777861627581881,1.0,0.4545454545454545,0.9646971309544482,0.9666505382124571,4.642421739897577,0.02606300618013702,0.9012355828268453,0.8196505181276147,0.6131471927654585,1.0,0.8277722198636042,0.9545532201339173,1.9496005776675984,0.04357246714109587,0.0,0.0,0.0,0.0,0.9999999999999942,0.9060281105265082,1.9548629342644666,0.039974092575855685,0.0,0.0,0.0,0.0,0.9999999999999942,0.9148888416886168
5,0.05,0.5,9.627091099995596,ok,3x3x3x3,5.1698318315278735,3x3x9,4.552605157899812,,5.1698318315278735,0.009170520660524421,0.9973440586290288,0.9710671507407337,1.0,0.5454545454545453,0.9539638579376927,0.9655589708326218,4.552605157899812,0.03070456923499,0.8933724855787638,0.827203720134195,0.6131471927654585,0.8181818181818182,0.8229691464634139,0.9561171346320821,1.9644117172446491,0.06701479226523176,0.0,0.0,0.0,0.0,0.999999999999996,0.8973969249794213,1.9548793997607805,0.039995152226436514,0.0,0.0,0.0,0.0,0.9999999999999981,0.9148842475343459
6,0.01,0.08,9.49181910000334,ok,3x3x3x3,5.37022045305314,3x3x9,4.5594316173350204,,5.37022045305314,0.0005124768439001291,0.9971052466329695,0.9651497873100433,1.0,1.0,0.9403249647097741,0.967127977556453,4.5594316173350204,0.0031112990477359308,0.869262616020172,0.8112005975185383,0.6131471927654585,1.0,0.8166115702785054,0.9460983417046108,1.9179872928944592,0.005124630633371933,0.0,0.0,0.0,0.0,0.9999999999999272,0.9128626622611602,1.9166982052323633,0.0018046111454016315,0.0,0.0,0.0,0.0,0.9999999999999183,0.9148935940870435
6,0.01,0.12,9.483597300000838,ok,3x3x3x3,5.366614436810794,3x3x9,4.53104952381092,,5.366614436810794,0.000512567726513628,0.9968050899794004,0.9642173984114799,1.0,1.0,0.9380544194050152,0.9670249612883849,4.53104952381092,0.005290373935440193,0.8538618744560886,0.8046216189250397,0.6131471927654585,1.0,0.8086751218090584,0.9454533419198349,1.919786919494507,0.00886545890686235,0.0,0.0,0.0,0.0,0.9999999999999687,0.9109214605876758,1.9166982439945992,0.001804662564909762,0.0,0.0,0.0,0.0,0.9999999999999062,0.9148935814297832
6,0.01,0.25,9.593155300004582,ok,3x3x3x3,5.364178038254473,3x3x9,4.503341335022315,,5.364178038254473,0.0005130895365721108,0.9958621238947196,0.9642082240759092,1.0,1.0,0.9372240809776067,0.9663705197696657,4.503341335022315,0.01316913410964156,0.8358807283432103,0.7978184208661862,0.6131471927654585,1.0,0.7987592001278369,0.9445666588099815,1.9284704151805256,0.025324343361738742,0.0,0.0,0.0,0.0,0.9999999999999484,0.9031460718188384,1.9166983791855947,0.0018048438592419079,0.0,0.0,0.0,0.0,0.9999999999999024,0.9148935353264506
6,0.01,0.5,9.608159299998078,ok,3x3x3x3,5.148119793287152,3x3x9,4.267303620415069,,5.148119793287152,0.0005121556698123108,0.9964538652473344,0.9682724608191823,1.0,0.5454545454545453,0.9458767485637076,0.9642772902598428,4.267303620415069,0.018148735401813457,0.8290494163919508,0.7961982713441684,0.6131471927654585,0.5454545454545453,0.7939137739836313,0.9441189578007743,1.9483338807185115,0.054358244117453595,0.0,0.0,0.0,0.0,0.9999999999999691,0.8939756366010889,1.9166986749214057,0.0018052460310884304,0.0,0.0,0.0,0.0,0.9999999999999086,0.9148934288904088
6,0.02,0.08,9.617462599999271,ok,3x3x3x3,5.372157142661878,3x3x9,4.622133841734778,,5.372157142661878,0.0018011026897340528,0.9970822185452648,0.9650679377195199,1.0,1.0,0.9409958660620649,0.9672100176452944,4.622133841734778,0.005142946254543052,0.9033341039519454,0.8171090367924271,0.6131471927654585,1.0,0.8333499342023157,0.9500506277680878,1.921453370301599,0.008611124009909628,0.0,0.0,0.0,0.0,0.9999999999999751,0.9128422462917143,1.9213895547597897,0.006496027813623447,0.0,0.0,0.0,0.0,0.9999999999999747,0.9148935269461915
6,0.02,0.12,9.526109499995073,ok,3x3x3x3,5.368559321538268,3x3x9,4.585140669036613,,5.368559321538268,0.0018014764575472629,0.9967797169894042,0.9641213259658428,1.0,1.0,0.9387489894852503,0.9671078126402237,4.585140669036613,0.007324842997812639,0.8848573313230811,0.8084451210284879,0.6131471927654585,1.0,0.82333389593745,0.9480322849843231,1.923279993375002,0.012377844156837405,0.0,0.0,0.0,0.0,0.9999999999999617,0.9109021492182028,1.9213897079737425,0.0064962307776741,0.0,0.0,0.0,0.0,0.9999999999999708,0.9148934771960977
6,0.02,0.25,9.65721950000443,ok,3x3x3x3,5.366150504745063,3x3x9,4.543202981795419,,5.366150504745063,0.0018036301118126606,0.9958004039629124,0.9641887978989071,1.0,1.0,0.9379186206227531,0.9664390521486776,4.543202981795419,0.015156180903672883,0.859213038952182,0.7991977228028055,0.6131471927654585,1.0,0.8095310004932311,0.9469578458780692,1.932009997182194,0.028833541300096632,0.0,0.0,0.0,0.0,0.9999999999999929,0.9031764558821044,1.9213902426533407,0.006496946791600237,0.0,0.0,0.0,0.0,0.9999999999999765,0.9148932958617639
6,0.02,0.5,9.558345800003735,ok,3x3x3x3,5.149801786192925,3x3x9,4.3459865489325,,5.149801786192925,0.001799649697868761,0.9963956345263785,0.9680819801053508,1.0,0.5454545454545453,0.9464489627285629,0.9643482864074916,4.3459865489325,0.01988846902196661,0.8476951970390988,0.7982971900469511,0.6131471927654585,0.6363636363636365,0.802293582333754,0.9464830995434531,1.9516717323204023,0.057461224399476825,0.0,0.0,0.0,0.0,0.9999999999999918,0.8942105079209338,1.9213914132398762,0.006498536260233257,0.0,0.0,0.0,0.0,0.9999999999999756,0.9148928769796674
6,0.05,0.08,9.560028300002159,ok,3x3x3x3,5.3813299109808685,3x3x9,4.70426649248017,,5.3813299109808685,0.00934575496627841,0.9970549213316701,0.9648911386604963,1.0,1.0,0.9424581476816178,0.967579948340806,4.70426649248017,0.0172822426222467,0.9380658100584923,0.8251779428285918,0.6131471927654585,1.0,0.8533989487706293,0.9571943554347512,1.9420882096528347,0.02923744693504923,0.0,0.0,0.0,0.0,0.9999999999999929,0.9128507627177925,1.9502045800250423,0.035311490919658045,0.0,0.0,0.0,0.0,0.9999999999999969,0.9148930891053872
6,0.05,0.12,9.516751199997088,ok,3x3x3x3,5.377762992613013,3x3x9,4.672451226001282,,5.377762992613013,0.009348334678936776,0.9967477999828946,0.9639375655922453,1.0,1.0,0.9402504332385874,0.9674788591203491,4.672451226001282,0.019421735622722473,0.9249784189471156,0.8154303461338482,0.6131471927654585,1.0,0.8442946517429416,0.9551788807891957,1.9439564013386166,0.032969130568973395,0.0,0.0,0.0,0.0,0.9999999999999947,0.9109872707696486,1.9502055126597044,0.035312715931993345,0.0,0.0,0.0,0.0,0.9999999999999966,0.9148927967277145
6,0.05,0.25,9.597333600002457,ok,3x3x3x3,5.329918923434175,3x3x9,4.6207953491803275,,5.329918923434175,0.009363100946180232,0.9956871789197641,0.9640988262225776,1.0,0.909090909090909,0.9393569415424662,0.9668674212577323,4.6207953491803275,0.02697272355185308,0.8977557641223641,0.8031225437931627,0.6131471927654585,1.0,0.8279766102508073,0.9518205146966817,1.9526407830036825,0.04903280008637057,0.0,0.0,0.0,0.0,0.9999999999999951,0.9036079829173166,1.9502087748282353,0.035317046499631355,0.0,0.0,0.0,0.0,0.9999999999999963,0.9148917283286074
6,0.05,0.5,9.563502999997581,ok,3x3x3x3,5.112847023939665,3x3x9,4.475023495325625,,5.112847023939665,0.009333995673186386,0.9962844247921638,0.9676100899107197,1.0,0.4545454545454545,0.9475560634468116,0.9647897228440567,4.475023495325625,0.03099697517276748,0.8851943023118755,0.8091832632190399,0.6131471927654585,0.7272727272727273,0.8196688078935087,0.9531965903266117,1.9714515962792927,0.07609361749515511,0.0,0.0,0.0,0.0,0.9999999999999947,0.8953579787841429,1.9502159403389363,0.03532668644866585,0.0,0.0,0.0,0.0,0.9999999999999958,0.9148892538902746
7,0.01,0.08,9.460894499999995,ok,3x3x3x3,5.391533277282996,3x3x9,4.546004029410801,,5.391533277282996,0.0005433592180391119,0.9966412285195088,0.9768412516200017,1.0,1.0,0.9496669950097615,0.9678404429156847,4.546004029410801,0.0029863529904912557,0.8791938528642245,0.7856290569058452,0.6131471927654585,1.0,0.822776344920552,0.9422712289642299,1.9176479060732898,0.004584373523325548,0.0,0.0,0.0,0.0,0.9999999999999002,0.9130635325500641,1.9168169657048635,0.0019233599819474415,0.0,0.0,0.0,0.0,0.9999999999999031,0.9148936057230131
7,0.01,0.12,9.599499099997047,ok,3x3x3x3,5.391571599489927,3x3x9,4.517972564200819,,5.391571599489927,0.0005432528950355116,0.9968189627960462,0.9765214283391167,1.0,1.0,0.9499453965572314,0.9677425589024972,4.517972564200819,0.005099184404906984,0.8616356155424505,0.78302821896781,0.6131471927654585,1.0,0.8135012568422649,0.9415610956779279,1.9192447693747703,0.008052330347236982,0.0,0.0,0.0,0.0,0.9999999999999173,0.911192439027616,1.9168169840454172,0.0019233834495256056,0.0,0.0,0.0,0.0,0.9999999999998991,0.9148936005959925
7,0.01,0.25,9.476309300000139,ok,3x3x3x3,5.395076898884941,3x3x9,4.493174063549538,,5.395076898884941,0.0005431594819352577,0.9972461557092619,0.978484422291643,1.0,1.0,0.9515917549966495,0.9672114064054516,4.493174063549538,0.012875713200299647,0.8409605458305577,0.7832514735941917,0.6131471927654585,1.0,0.8019075235757743,0.9410316145832563,1.9273792921206923,0.023853452198410466,0.0,0.0,0.0,0.0,0.9999999999999735,0.9035258399223084,1.9168170394703339,0.001923453090302879,0.0,0.0,0.0,0.0,0.9999999999999215,0.9148935863801095
7,0.01,0.5,9.506137200005469,ok,3x3x3x3,5.168427566431857,3x3x9,4.490377535487379,,5.168427566431857,0.0005425815597918366,0.9972424765790884,0.9769133539520034,1.0,0.5454545454545453,0.9539639446717681,0.9670379369419334,4.490377535487379,0.018043143261851968,0.8344398578988269,0.7868676277528291,0.6131471927654585,1.0,0.7967204595097929,0.9411592542986198,1.9468250033514096,0.05266253254730411,0.0,0.0,0.0,0.0,0.9999999999999787,0.8941624708041269,1.9168171278070059,0.001923558091749495,0.0,0.0,0.0,0.0,0.9999999999999178,0.9148935697153385
7,0.02,0.08,9.628414200000407,ok,3x3x3x3,5.393967073630122,3x3x9,4.618335087753687,,5.393967073630122,0.0019078801378178266,0.9966267083089556,0.976868709287171,1.0,1.0,0.9506254103676699,0.9679383655285081,4.618335087753687,0.00502757513535303,0.9146299110200672,0.7971458839009543,0.6131471927654585,1.0,0.8410635345301437,0.9473209904017104,1.9210368540120253,0.007797841937623885,0.0,0.0,0.0,0.0,0.9999999999999805,0.9132390120744209,1.9218229258307868,0.00692935908442205,0.0,0.0,0.0,0.0,0.9999999999999819,0.9148935667463829
7,0.02,0.12,9.56433499999548,ok,3x3x3x3,5.393882315834087,3x3x9,4.579009920680943,,5.393882315834087,0.0019073230449501502,0.9967992314498381,0.9764832784547519,1.0,1.0,0.9508446133867327,0.9678478694978152,4.579009920680943,0.0070801622945083345,0.8940267788958458,0.7904129333662371,0.6131471927654585,1.0,0.8293352626291661,0.9450075907297275,1.9224550154765874,0.011012150854636797,0.0,0.0,0.0,0.0,0.999999999999978,0.9114428646219727,1.9218230082073027,0.006929464628607468,0.0,0.0,0.0,0.0,0.9999999999999709,0.9148935435787242
7,0.02,0.25,9.79514389999531,ok,3x3x3x3,5.39713788830772,3x3x9,4.536599627683433,,5.39713788830772,0.0019067694060711357,0.9972166839681313,0.9783866088647843,1.0,1.0,0.9523099663195289,0.9673178597492034,4.536599627683433,0.014707425050570254,0.865408892592363,0.7859919776325015,0.6131471927654585,1.0,0.8133178654642897,0.9440262741782501,1.9300711407639988,0.02611988436720494,0.0,0.0,0.0,0.0,0.9999999999999892,0.9039512563968046,1.9218232600016343,0.006929782434848994,0.0,0.0,0.0,0.0,0.9999999999999748,0.9148934775668106
7,0.02,0.5,10.415450799999235,ok,3x3x3x3,5.170168844375441,3x3x9,4.529579020944715,,5.170168844375441,0.0019047535691290622,0.9971919497157816,0.9766263169225958,1.0,0.5454545454545453,0.9545849647216973,0.967133586718965,4.529579020944715,0.019782637941504803,0.8566085413341784,0.7890352857656459,0.6131471927654585,1.0,0.8064208517848793,0.9445845113530487,1.9488399721681349,0.054237068048249466,0.0,0.0,0.0,0.0,0.9999999999999875,0.8946029041198978,1.9218236743214887,0.006930282856316833,0.0,0.0,0.0,0.0,0.9999999999999843,0.9148933914651877
7,0.05,0.08,10.46485599999869,ok,3x3x3x3,5.4041639870171965,3x3x9,4.715000015059178,,5.4041639870171965,0.009895710583209885,0.9965921089363353,0.9768828322032008,1.0,1.0,0.9524547697975186,0.9683385654969322,4.715000015059178,0.017915085172552744,0.9479406918744061,0.818472256828984,0.6131471927654585,1.0,0.8621413032925485,0.9553834851252282,1.9427597351919188,0.029029899396940503,0.0,0.0,0.0,0.0,0.9999999999999947,0.9137298357949837,1.952651776129703,0.03775855518567658,0.0,0.0,0.0,0.0,0.9999999999999939,0.9148932209440327
7,0.05,0.12,9.860709899992798,ok,3x3x3x3,5.403819063718598,3x3x9,4.680060384071861,,5.403819063718598,0.009890047362313054,0.9967546301441743,0.9763561692338993,1.0,1.0,0.9525569879005815,0.9682612290776301,4.680060384071861,0.019765696588133593,0.9341165331551692,0.8081073450756133,0.6131471927654585,1.0,0.8514392827987659,0.9534843336887203,1.9436747440641038,0.031418093887976055,0.0,0.0,0.0,0.0,0.9999999999999957,0.9122566501761319,1.9526524544981687,0.03775942139150555,0.0,0.0,0.0,0.0,0.9999999999999966,0.9148930331066667
7,0.05,0.25,9.68760900000052,ok,3x3x3x3,5.361108920705056,3x3x9,4.624654991656099,,5.361108920705056,0.009883621145579,0.9971558171048044,0.9780805722959062,1.0,0.909090909090909,0.9536814792555053,0.9677619763578064,4.624654991656099,0.02681806527172458,0.9054139506682987,0.7961102040281998,0.6131471927654585,1.0,0.8326943671939824,0.9504712117284354,1.9495623517740945,0.04400098888666779,0.0,0.0,0.0,0.0,0.9999999999999957,0.905561362887431,1.9526545721935449,0.03776210057692903,0.0,0.0,0.0,0.0,0.999999999999996,0.9148924716166198
7,0.05,0.5,9.6377216999972,ok,3x3x3x3,5.1790440994002,3x3x9,4.629157804278693,,5.1790440994002,0.009875599321962447,0.9970892319385609,0.9759946465533523,1.0,0.5454545454545453,0.955792040936693,0.967565307922359,4.629157804278693,0.03143717962436259,0.901544448606034,0.8025722878636884,0.6131471927654585,1.0,0.8276746237022553,0.9527820717168939,1.9658371557722991,0.06936693443450287,0.0,0.0,0.0,0.0,0.999999999999995,0.8964702213378014,1.9526582556843246,0.03776664218285015,0.0,0.0,0.0,0.0,0.9999999999999966,0.914891613501478
8,0.01,0.08,9.691620600002352,ok,3x3x3x3,5.372380562828667,3x3x9,4.555984079315808,,5.372380562828667,0.000533739898485316,0.9963483422151828,0.9712500765566682,1.0,1.0,0.9379847666069616,0.9662636375513693,4.555984079315808,0.0029544957586091704,0.8716609259329754,0.8038922941279115,0.6131471927654585,1.0,0.8167941058878694,0.9475350648429833,1.9179699210564145,0.004992054637871652,0.0,0.0,0.0,0.0,0.9999999999999459,0.9129778664185971,1.9168562935537516,0.0019626862327008295,0.0,0.0,0.0,0.0,0.9999999999999069,0.914893607321144
8,0.01,0.12,9.56645849999768,ok,3x3x3x3,5.287170291108531,3x3x9,4.530622822165478,,5.287170291108531,0.0005342715609698359,0.9967055193699086,0.973726802485067,1.0,0.8181818181818182,0.9412600326489411,0.9658527559527355,4.530622822165478,0.005072125928771796,0.8556634225081257,0.8009139515619104,0.6131471927654585,1.0,0.8086716950059302,0.9471544343952816,1.919662080693703,0.008601081711336651,0.0,0.0,0.0,0.0,0.999999999999961,0.9110609989824053,1.9168562273585366,0.0019626247644451075,0.0,0.0,0.0,0.0,0.999999999999943,0.9148936025941483
8,0.01,0.25,9.664805000000342,ok,3x3x3x3,5.15876393268829,3x3x9,4.325315193358315,,5.15876393268829,0.0005353395755469154,0.9974148938531475,0.9726704847672589,1.0,0.5454545454545453,0.9497860832615974,0.9656298585034662,4.325315193358315,0.012856053277025388,0.8373917283508205,0.7982042163642116,0.6131471927654585,0.6363636363636365,0.7986794800742509,0.9468547043447296,1.9281338411547564,0.02484642063356246,0.0,0.0,0.0,0.0,0.9999999999999484,0.9032874205212454,1.9168560205383227,0.001962432707599241,0.0,0.0,0.0,0.0,0.9999999999998849,0.9148935878308385
8,0.01,0.5,9.60300940000161,ok,3x3x3x3,5.160816794072111,3x3x9,4.311241584635827,,5.160816794072111,0.0005343189058332449,0.9974410287127118,0.9739952704318919,1.0,0.5454545454545453,0.9513493083615111,0.9647695949328898,4.311241584635827,0.017930735881664914,0.8315477788860701,0.790322251822743,0.6131471927654585,0.6363636363636365,0.7941441396242002,0.9459676674738726,1.9479863171532008,0.05396060941535669,0.0,0.0,0.0,0.0,0.9999999999999685,0.8940257077378758,1.9168556616611685,0.0019620994198155436,0.0,0.0,0.0,0.0,0.9999999999999506,0.9148935622414022
8,0.02,0.08,9.84051790000376,ok,3x3x3x3,5.374765582157767,3x3x9,4.620808829791085,,5.374765582157767,0.0018820443138099737,0.9963385708667727,0.9713239206421236,1.0,1.0,0.9388817407767476,0.9663393055583134,4.620808829791085,0.0049434742216538435,0.9056833569841064,0.8118656343717535,0.6131471927654585,1.0,0.8333037155352372,0.951865455912876,1.9219248253833177,0.008851938156473983,0.0,0.0,0.0,0.0,0.9999999999999744,0.9130728872268694,1.921977176392336,0.007083597463001217,0.0,0.0,0.0,0.0,0.9999999999999777,0.914893578929357
8,0.02,0.12,10.193022200000996,ok,3x3x3x3,5.289632591535282,3x3x9,4.58796457573202,,5.289632591535282,0.0018842043202258532,0.996704640335502,0.9738272252324541,1.0,0.8181818181818182,0.942198905109144,0.9659267074470469,4.58796457573202,0.006998372711618272,0.8869284812927053,0.8074115220048358,0.6131471927654585,1.0,0.823260164434748,0.9502188425226539,1.9235359506413248,0.012349950351782627,0.0,0.0,0.0,0.0,0.9999999999999872,0.9111860002895549,1.921976915026999,0.007083354673846987,0.0,0.0,0.0,0.0,0.9999999999999826,0.9148935603531694
8,0.02,0.25,9.892283599998336,ok,3x3x3x3,5.161122734177377,3x3x9,4.416438169462314,,5.161122734177377,0.001888211449770904,0.9974175262517071,0.9726952436081923,1.0,0.5454545454545453,0.9506860440435364,0.9657084360968979,4.416438169462314,0.01462400653114587,0.8619304063312284,0.8037741178150468,0.6131471927654585,0.7272727272727273,0.8097903287139424,0.9495357536691288,1.9318308412330198,0.028356646604367278,0.0,0.0,0.0,0.0,0.9999999999999839,0.9034741946286685,1.9219760975269033,0.007082595254495328,0.0,0.0,0.0,0.0,0.9999999999999805,0.9148935022724276
8,0.02,0.5,10.106820300003164,ok,3x3x3x3,5.1628774463133915,3x3x9,4.299726879444914,,5.1628774463133915,0.0018838089904941006,0.9974178021094159,0.9739138227498233,1.0,0.5454545454545453,0.9521040622833378,0.9648306774530488,4.299726879444914,0.019516100379764097,0.853537591610872,0.7894668643332249,0.6131471927654585,0.5454545454545453,0.8035673103708706,0.9477645472574513,1.951447598065491,0.05711104464123428,0.0,0.0,0.0,0.0,0.9999999999999908,0.894336553424266,1.9219746749028472,0.007081273596373543,0.0,0.0,0.0,0.0,0.9999999999999843,0.9148934013064893
8,0.05,0.08,9.978005899996788,ok,3x3x3x3,5.3852020848495945,3x3x9,4.702392183344955,,5.3852020848495945,0.009872405278158171,0.9963242269722915,0.9716016682763755,1.0,1.0,0.9407030275894428,0.966700756733327,4.702392183344955,0.017692009704276635,0.93809743569583,0.8226151056040496,0.6131471927654585,1.0,0.8520663894399618,0.9587740501353782,1.946733129801618,0.03335916831526398,0.0,0.0,0.0,0.0,0.9999999999999961,0.913373961486358,1.9537493808840891,0.038855987919754115,0.0,0.0,0.0,0.0,0.999999999999996,0.914893392964339
8,0.05,0.12,9.848377000002074,ok,3x3x3x3,5.300254139929202,3x3x9,4.678936894005293,,5.300254139929202,0.009886582618819022,0.9967103137547683,0.9741560792643149,1.0,0.8181818181818182,0.9441234176476488,0.9662868375527423,4.678936894005293,0.01950393942235146,0.9265876038168922,0.8181023018691588,0.6131471927654585,1.0,0.8440206783166716,0.9575751778147603,1.948110039070346,0.03644252618950901,0.0,0.0,0.0,0.0,0.9999999999999964,0.9116675128808407,1.953747795453521,0.03885451196682054,0.0,0.0,0.0,0.0,0.9999999999999979,0.9148932834867025
8,0.05,0.25,10.097179500000493,ok,3x3x3x3,5.17142303644433,3x3x9,4.555613825263062,,5.17142303644433,0.00990751591643753,0.9974254035682464,0.97279373137307,1.0,0.5454545454545453,0.9524893536495994,0.9660797592097048,4.555613825263062,0.026441098777304207,0.903980802752513,0.8169151868053433,0.6131471927654585,0.8181818181818182,0.8301004547664225,0.9559381803051109,1.9557366407169974,0.051330221030840305,0.0,0.0,0.0,0.0,0.999999999999994,0.904406419686163,1.953742821883818,0.03884988171552203,0.0,0.0,0.0,0.0,0.9999999999999954,0.9148929401683005
8,0.05,0.5,9.993673600001785,ok,3x3x3x3,5.127013422771715,3x3x9,4.387234588422932,,5.127013422771715,0.00987468595082467,0.9973670758702208,0.9736995445252696,1.0,0.4545454545454545,0.9536069884295902,0.9651924007230829,4.387234588422932,0.030646993420586452,0.8988551539381582,0.7955281822873093,0.6131471927654585,0.5454545454545453,0.8247691090788027,0.9515606842053442,1.974316980655592,0.07852100585642804,0.0,0.0,0.0,0.0,0.999999999999995,0.8957959747991691,1.9537340994015602,0.03884176075624841,0.0,0.0,0.0,0.0,0.9999999999999968,0.9148923386453149
