sweep_k,sweep_v,seed,mode,delta,se,z,cap_in,cap_out,M_in,M_out,seed_out_dir
neg_mem_gain,neg_mem_gain=0.0,0,v8,0.00037345,0.00050040,0.7463,90265,359394,1668,6507,
neg_mem_gain,neg_mem_gain=0.0,1,v8,0.00039216,0.00049992,0.7844,89756,360403,1649,6480,
neg_mem_gain,neg_mem_gain=0.0,2,v8,0.00045351,0.00049678,0.9129,90321,360601,1648,6416,
neg_mem_gain,neg_mem_gain=0.0,3,v8,0.00136638,0.00050962,2.6812,90247,360058,1749,6486,
neg_mem_gain,neg_mem_gain=0.0,4,v8,0.00098184,0.00050571,1.9415,89396,360162,1686,6439,
neg_mem_gain,neg_mem_gain=0.0,5,v8,0.00060220,0.00050548,1.1913,89469,359940,1680,6542,
neg_mem_gain,neg_mem_gain=0.0,6,v8,0.00048518,0.00049929,0.9717,89958,360200,1653,6444,
neg_mem_gain,neg_mem_gain=0.0,7,v8,0.00022923,0.00049756,0.4607,89965,359052,1636,6447,
neg_mem_gain,neg_mem_gain=0.0,8,v8,0.00078490,0.00050584,1.5517,89487,359607,1686,6493,
neg_mem_gain,neg_mem_gain=0.0,9,v8,0.00095773,0.00050542,1.8949,89611,360191,1691,6452,
neg_mem_gain,neg_mem_gain=0.0,0,baseline,0.00037345,0.00050040,0.7463,90265,359394,1668,6507,
neg_mem_gain,neg_mem_gain=0.0,1,baseline,-0.00015186,0.00049656,-0.3058,89726,360528,1616,6548,
neg_mem_gain,neg_mem_gain=0.0,2,baseline,0.00042415,0.00049403,0.8585,90316,360766,1629,6354,
neg_mem_gain,neg_mem_gain=0.0,3,baseline,0.00136638,0.00050962,2.6812,90247,360058,1749,6486,
neg_mem_gain,neg_mem_gain=0.0,4,baseline,0.00098711,0.00050173,1.9674,89776,359868,1672,6347,
neg_mem_gain,neg_mem_gain=0.0,5,baseline,-0.00021446,0.00049966,-0.4292,89746,359256,1635,6622,
neg_mem_gain,neg_mem_gain=0.0,6,baseline,0.00048518,0.00049929,0.9717,89958,360200,1653,6444,
neg_mem_gain,neg_mem_gain=0.0,7,baseline,0.00022923,0.00049756,0.4607,89965,359052,1636,6447,
neg_mem_gain,neg_mem_gain=0.0,8,baseline,0.00078449,0.00050783,1.5448,89444,359681,1698,6546,
neg_mem_gain,neg_mem_gain=0.0,9,baseline,0.00095773,0.00050542,1.8949,89611,360191,1691,6452,
neg_mem_gain,neg_mem_gain=0.02,0,v8,-0.00022119,0.00049564,-0.4463,89841,360108,1612,6541,
neg_mem_gain,neg_mem_gain=0.02,1,v8,0.00052132,0.00050491,1.0325,89500,360177,1676,6557,
neg_mem_gain,neg_mem_gain=0.02,2,v8,0.00047582,0.00049697,0.9574,90256,359999,1647,6398,
neg_mem_gain,neg_mem_gain=0.02,3,v8,0.00142096,0.00051104,2.7805,89880,360234,1747,6490,
neg_mem_gain,neg_mem_gain=0.02,4,v8,0.00098184,0.00050571,1.9415,89396,360162,1686,6439,
neg_mem_gain,neg_mem_gain=0.02,5,v8,0.00095443,0.00050407,1.8934,89616,359089,1681,6393,
neg_mem_gain,neg_mem_gain=0.02,6,v8,0.00048518,0.00049929,0.9717,89958,360200,1653,6444,
neg_mem_gain,neg_mem_gain=0.02,7,v8,0.00021812,0.00049744,0.4385,89965,359052,1635,6447,
neg_mem_gain,neg_mem_gain=0.02,8,v8,0.00077373,0.00050573,1.5299,89487,359607,1685,6493,
neg_mem_gain,neg_mem_gain=0.02,9,v8,0.00094657,0.00050530,1.8733,89611,360191,1690,6452,
neg_mem_gain,neg_mem_gain=0.02,0,baseline,0.00037345,0.00050040,0.7463,90265,359394,1668,6507,
neg_mem_gain,neg_mem_gain=0.02,1,baseline,-0.00015186,0.00049656,-0.3058,89726,360528,1616,6548,
neg_mem_gain,neg_mem_gain=0.02,2,baseline,0.00042415,0.00049403,0.8585,90316,360766,1629,6354,
neg_mem_gain,neg_mem_gain=0.02,3,baseline,0.00136638,0.00050962,2.6812,90247,360058,1749,6486,
neg_mem_gain,neg_mem_gain=0.02,4,baseline,0.00098711,0.00050173,1.9674,89776,359868,1672,6347,
neg_mem_gain,neg_mem_gain=0.02,5,baseline,-0.00021446,0.00049966,-0.4292,89746,359256,1635,6622,
neg_mem_gain,neg_mem_gain=0.02,6,baseline,0.00048518,0.00049929,0.9717,89958,360200,1653,6444,
neg_mem_gain,neg_mem_gain=0.02,7,baseline,0.00022923,0.00049756,0.4607,89965,359052,1636,6447,
neg_mem_gain,neg_mem_gain=0.02,8,baseline,0.00078449,0.00050783,1.5448,89444,359681,1698,6546,
neg_mem_gain,neg_mem_gain=0.02,9,baseline,0.00095773,0.00050542,1.8949,89611,360191,1691,6452,
neg_mem_gain,neg_mem_gain=0.05,0,v8,-0.00013469,0.00049683,-0.2711,89734,360128,1618,6542,
neg_mem_gain,neg_mem_gain=0.05,1,v8,0.00052132,0.00050491,1.0325,89500,360177,1676,6557,
neg_mem_gain,neg_mem_gain=0.05,2,v8,0.00045366,0.00049674,0.9133,90256,359999,1645,6398,
neg_mem_gain,neg_mem_gain=0.05,3,v8,0.00128761,0.00050216,2.5642,89611,360256,1675,6270,
neg_mem_gain,neg_mem_gain=0.05,4,v8,0.00098184,0.00050571,1.9415,89396,360162,1686,6439,
neg_mem_gain,neg_mem_gain=0.05,5,v8,0.00095443,0.00050407,1.8934,89616,359089,1681,6393,
neg_mem_gain,neg_mem_gain=0.05,6,v8,0.00050132,0.00050072,1.0012,89716,360419,1655,6468,
neg_mem_gain,neg_mem_gain=0.05,7,v8,0.00019589,0.00049720,0.3940,89965,359052,1633,6447,
neg_mem_gain,neg_mem_gain=0.05,8,v8,0.00076255,0.00050561,1.5082,89487,359607,1684,6493,
neg_mem_gain,neg_mem_gain=0.05,9,v8,0.00093541,0.00050518,1.8516,89611,360191,1689,6452,
neg_mem_gain,neg_mem_gain=0.05,0,baseline,0.00037345,0.00050040,0.7463,90265,359394,1668,6507,
neg_mem_gain,neg_mem_gain=0.05,1,baseline,-0.00015186,0.00049656,-0.3058,89726,360528,1616,6548,
neg_mem_gain,neg_mem_gain=0.05,2,baseline,0.00042415,0.00049403,0.8585,90316,360766,1629,6354,
neg_mem_gain,neg_mem_gain=0.05,3,baseline,0.00136638,0.00050962,2.6812,90247,360058,1749,6486,
neg_mem_gain,neg_mem_gain=0.05,4,baseline,0.00098711,0.00050173,1.9674,89776,359868,1672,6347,
neg_mem_gain,neg_mem_gain=0.05,5,baseline,-0.00021446,0.00049966,-0.4292,89746,359256,1635,6622,
neg_mem_gain,neg_mem_gain=0.05,6,baseline,0.00048518,0.00049929,0.9717,89958,360200,1653,6444,
neg_mem_gain,neg_mem_gain=0.05,7,baseline,0.00022923,0.00049756,0.4607,89965,359052,1636,6447,
neg_mem_gain,neg_mem_gain=0.05,8,baseline,0.00078449,0.00050783,1.5448,89444,359681,1698,6546,
neg_mem_gain,neg_mem_gain=0.05,9,baseline,0.00095773,0.00050542,1.8949,89611,360191,1691,6452,
neg_mem_gain,neg_mem_gain=0.1,0,v8,-0.00029437,0.00049003,-0.6007,89694,360147,1569,6406,
neg_mem_gain,neg_mem_gain=0.1,1,v8,0.00045259,0.00050235,0.9009,89659,360256,1663,6519,
neg_mem_gain,neg_mem_gain=0.1,2,v8,0.00045366,0.00049674,0.9133,90256,359999,1645,6398,
neg_mem_gain,neg_mem_gain=0.1,3,v8,0.00043337,0.00049889,0.8687,90059,359349,1652,6436,
neg_mem_gain,neg_mem_gain=0.1,4,v8,0.00041102,0.00050196,0.8188,89299,360788,1648,6510,
neg_mem_gain,neg_mem_gain=0.1,5,v8,0.00016856,0.00050094,0.3365,89663,358567,1647,6526,
neg_mem_gain,neg_mem_gain=0.1,6,v8,0.00095166,0.00050186,1.8963,90393,359721,1693,6395,
neg_mem_gain,neg_mem_gain=0.1,7,v8,0.00014128,0.00049666,0.2845,90167,358998,1635,6459,
neg_mem_gain,neg_mem_gain=0.1,8,v8,0.00076255,0.00050561,1.5082,89487,359607,1684,6493,
neg_mem_gain,neg_mem_gain=0.1,9,v8,0.00042082,0.00050293,0.8367,90300,360215,1688,6582,
neg_mem_gain,neg_mem_gain=0.1,0,baseline,0.00037345,0.00050040,0.7463,90265,359394,1668,6507,
neg_mem_gain,neg_mem_gain=0.1,1,baseline,-0.00015186,0.00049656,-0.3058,89726,360528,1616,6548,
neg_mem_gain,neg_mem_gain=0.1,2,baseline,0.00042415,0.00049403,0.8585,90316,360766,1629,6354,
neg_mem_gain,neg_mem_gain=0.1,3,baseline,0.00136638,0.00050962,2.6812,90247,360058,1749,6486,
neg_mem_gain,neg_mem_gain=0.1,4,baseline,0.00098711,0.00050173,1.9674,89776,359868,1672,6347,
neg_mem_gain,neg_mem_gain=0.1,5,baseline,-0.00021446,0.00049966,-0.4292,89746,359256,1635,6622,
neg_mem_gain,neg_mem_gain=0.1,6,baseline,0.00048518,0.00049929,0.9717,89958,360200,1653,6444,
neg_mem_gain,neg_mem_gain=0.1,7,baseline,0.00022923,0.00049756,0.4607,89965,359052,1636,6447,
neg_mem_gain,neg_mem_gain=0.1,8,baseline,0.00078449,0.00050783,1.5448,89444,359681,1698,6546,
neg_mem_gain,neg_mem_gain=0.1,9,baseline,0.00095773,0.00050542,1.8949,89611,360191,1691,6452,
neg_mem_gain,neg_mem_gain=0.2,0,v8,0.00096679,0.00050672,1.9080,89313,359447,1689,6450,
neg_mem_gain,neg_mem_gain=0.2,1,v8,0.00118761,0.00050776,2.3389,90237,359430,1732,6472,
neg_mem_gain,neg_mem_gain=0.2,2,v8,0.00036298,0.00049551,0.7325,90302,360370,1637,6402,
neg_mem_gain,neg_mem_gain=0.2,3,v8,0.00061779,0.00049900,1.2380,89995,359439,1654,6384,
neg_mem_gain,neg_mem_gain=0.2,4,v8,0.00138734,0.00050411,2.7521,89819,360215,1697,6306,
neg_mem_gain,neg_mem_gain=0.2,5,v8,0.00062194,0.00050257,1.2375,89616,360186,1666,6472,
neg_mem_gain,neg_mem_gain=0.2,6,v8,0.00054854,0.00049863,1.1001,90273,359975,1660,6422,
neg_mem_gain,neg_mem_gain=0.2,7,v8,0.00127108,0.00050537,2.5152,89774,359234,1701,6350,
neg_mem_gain,neg_mem_gain=0.2,8,v8,0.00052193,0.00050402,1.0355,89484,359691,1669,6521,
neg_mem_gain,neg_mem_gain=0.2,9,v8,0.00042082,0.00050293,0.8367,90300,360215,1688,6582,
neg_mem_gain,neg_mem_gain=0.2,0,baseline,0.00037345,0.00050040,0.7463,90265,359394,1668,6507,
neg_mem_gain,neg_mem_gain=0.2,1,baseline,-0.00015186,0.00049656,-0.3058,89726,360528,1616,6548,
neg_mem_gain,neg_mem_gain=0.2,2,baseline,0.00042415,0.00049403,0.8585,90316,360766,1629,6354,
neg_mem_gain,neg_mem_gain=0.2,3,baseline,0.00136638,0.00050962,2.6812,90247,360058,1749,6486,
neg_mem_gain,neg_mem_gain=0.2,4,baseline,0.00098711,0.00050173,1.9674,89776,359868,1672,6347,
neg_mem_gain,neg_mem_gain=0.2,5,baseline,-0.00021446,0.00049966,-0.4292,89746,359256,1635,6622,
neg_mem_gain,neg_mem_gain=0.2,6,baseline,0.00048518,0.00049929,0.9717,89958,360200,1653,6444,
neg_mem_gain,neg_mem_gain=0.2,7,baseline,0.00022923,0.00049756,0.4607,89965,359052,1636,6447,
neg_mem_gain,neg_mem_gain=0.2,8,baseline,0.00078449,0.00050783,1.5448,89444,359681,1698,6546,
neg_mem_gain,neg_mem_gain=0.2,9,baseline,0.00095773,0.00050542,1.8949,89611,360191,1691,6452,
