t,S_2_6,S_2_3,S_2_4,S_2_5
0.0000000000,2.8284271247,0.0000000000,0.0000000000,0.0000000000
0.0050000000,2.8277412287,0.0000000000,0.0000000044,0.0004098433
0.0100000000,2.8256843447,0.0000000000,0.0000000701,0.0016386546
0.0150000000,2.8222588832,0.0000000001,0.0000003544,0.0036842794
0.0200000000,2.8174688577,0.0000000005,0.0000011188,0.0065431318
0.0250000000,2.8113198776,0.0000000019,0.0000027268,0.0102102022
0.0300000000,2.8038191394,0.0000000057,0.0000056428,0.0146790675
0.0350000000,2.7949754146,0.0000000143,0.0000104287,0.0199419044
0.0400000000,2.7847990359,0.0000000319,0.0000177415,0.0259895057
0.0450000000,2.7733018800,0.0000000645,0.0000283288,0.0328112992
0.0500000000,2.7604973485,0.0000001211,0.0000430254,0.0403953695
0.0550000000,2.7464003460,0.0000002141,0.0000627479,0.0487284829
0.0600000000,2.7310272561,0.0000003599,0.0000884901,0.0577961139
0.0650000000,2.7143959149,0.0000005802,0.0001213170,0.0675824755
0.0700000000,2.6965255821,0.0000009023,0.0001623589,0.0780705513
0.0750000000,2.6774369098,0.0000013606,0.0002128047,0.0892421303
0.0800000000,2.6571519098,0.0000019971,0.0002738952,0.1010778436
0.0850000000,2.6356939178,0.0000028627,0.0003469161,0.1135572040
0.0900000000,2.6130875559,0.0000040180,0.0004331901,0.1266586474
0.0950000000,2.5893586938,0.0000055348,0.0005340694,0.1403595759
0.1000000000,2.5645344070,0.0000074967,0.0006509276,0.1546364035
0.1050000000,2.5386429341,0.0000100003,0.0007851515,0.1694646028
0.1100000000,2.5117136319,0.0000131567,0.0009381326,0.1848187542
0.1150000000,2.4837769290,0.0000170919,0.0011112589,0.2006725961
0.1200000000,2.4548642777,0.0000219485,0.0013059059,0.2169990765
0.1250000000,2.4250081050,0.0000278866,0.0015234283,0.2337704062
0.1300000000,2.3942417616,0.0000350845,0.0017651510,0.2509581130
0.1350000000,2.3625994698,0.0000437399,0.0020323611,0.2685330971
0.1400000000,2.3301162709,0.0000540711,0.0023262987,0.2864656868
0.1450000000,2.2968279704,0.0000663176,0.0026481489,0.3047256958
0.1500000000,2.2627710837,0.0000807408,0.0029990336,0.3232824806
0.1550000000,2.2279827795,0.0000976251,0.0033800033,0.3421049983
0.1600000000,2.1925008237,0.0001172784,0.0037920292,0.3611618651
0.1650000000,2.1563635223,0.0001400326,0.0042359960,0.3804214147
0.1700000000,2.1196096634,0.0001662445,0.0047126948,0.3998517571
0.1750000000,2.0822784598,0.0001962957,0.0052228156,0.4194208368
0.1800000000,2.0444094904,0.0002305932,0.0057669419,0.4390964915
0.1850000000,2.0060426424,0.0002695698,0.0063455437,0.4588465099
0.1900000000,1.9672180525,0.0003136835,0.0069589726,0.4786386893
0.1950000000,1.9279760496,0.0003634184,0.0076074568,0.4984408924
0.2000000000,1.8883570964,0.0004192838,0.0082910961,0.5182211041
0.2050000000,1.8484017325,0.0004818143,0.0090098586,0.5379474865
0.2100000000,1.8081505177,0.0005515692,0.0097635767,0.5575884337
0.2150000000,1.7676439756,0.0006291322,0.0105519450,0.5771126254
0.2200000000,1.7269225390,0.0007151103,0.0113745176,0.5964890789
0.2250000000,1.6860264957,0.0008101337,0.0122307071,0.6156872010
0.2300000000,1.6449959352,0.0009148541,0.0131197835,0.6346768372
0.2350000000,1.6038706982,0.0010299439,0.0140408744,0.6534283207
0.2400000000,1.5626903258,0.0011560953,0.0149929654,0.6719125187
0.2450000000,1.5214940124,0.0012940185,0.0159749014,0.6901008787
0.2500000000,1.4803205593,0.0014444403,0.0169853891,0.7079654715
0.2550000000,1.4392083317,0.0016081028,0.0180229992,0.7254790338
0.2600000000,1.3981952178,0.0017857610,0.0190861705,0.7426150082
0.2650000000,1.3573185916,0.0019781817,0.0201732143,0.7593475820
0.2700000000,1.3166152795,0.0021861410,0.0212823194,0.7756517236
0.2750000000,1.2761215308,0.0024104223,0.0224115580,0.7915032176
0.2800000000,1.2358729940,0.0026518141,0.0235588933,0.8068786974
0.2850000000,1.1959046993,0.0029111076,0.0247221869,0.8217556763
0.2900000000,1.1562510494,0.0031890945,0.0258992081,0.8361125762
0.2950000000,1.1169458195,0.0034865643,0.0270876451,0.8499287550
0.3000000000,1.0780221705,0.0038043017,0.0282851175,0.8631845311
0.3050000000,1.0395126790,0.0041430841,0.0294891946,0.8758612064
0.3100000000,1.0014493884,0.0045036785,0.0306974248,0.8879410879
0.3150000000,0.9638638921,0.0048868393,0.0319074019,0.8994075056
0.3200000000,0.9267874574,0.0052933051,0.0331170058,0.9102448306
0.3250000000,0.8902512121,0.0057237958,0.0343262106,0.9204384892
0.3300000000,0.8542864215,0.0061790100,0.0356018601,0.9299749768
0.3350000000,0.8189249045,0.0066596218,0.0370935113,0.9388418683
0.3400000000,0.7841996690,0.0071662783,0.0386345797,0.9470278280
0.3450000000,0.7501459062,0.0076995965,0.0402117278,0.9545226168
0.3500000000,0.7168025964,0.0082601603,0.0418248678,0.9613170978
0.3550000000,0.6842152044,0.0088485182,0.0434748856,0.9674032404
0.3600000000,0.6524404223,0.0094651800,0.0451629619,0.9727741222
0.3650000000,0.6215549962,0.0101106148,0.0468904491,0.9774239293
0.3700000000,0.5916732937,0.0107852476,0.0486588291,0.9813479558
0.3750000000,0.5629851702,0.0114894574,0.0504696906,0.9845426005
0.3800000000,0.5358454660,0.0122235747,0.0523247099,0.9870053628
0.3850000000,0.5110067911,0.0129878790,0.0542256322,0.9887348373
0.3900000000,0.4902624238,0.0137825970,0.0561742511,0.9897307061
0.3950000000,0.4780698053,0.0146079001,0.0581723867,0.9899937311
0.4000000000,0.4802952795,0.0154639032,0.0602218627,0.9895257440
0.4050000000,0.4906547523,0.0163506626,0.0623244807,0.9883296353
0.4100000000,0.5040011402,0.0172681746,0.0644819943,0.9864093424
0.4150000000,0.5191780490,0.0182163742,0.0666960820,0.9837698369
0.4200000000,0.5356608326,0.0191951341,0.0689683187,0.9804171099
0.4250000000,0.5530757512,0.0202042637,0.0713001483,0.9763581576
0.4300000000,0.5711213551,0.0212435088,0.0736928551,0.9716009653
0.4350000000,0.5895465853,0.0223125504,0.0761475360,0.9661544908
0.4400000000,0.6081406270,0.0234110056,0.0786650742,0.9600286476
0.4450000000,0.6267261235,0.0245384267,0.0812461129,0.9532342864
0.4500000000,0.6451538222,0.0256943023,0.0838910314,0.9457831778
0.4550000000,0.6632981344,0.0268780575,0.0865999219,0.9376879930
0.4600000000,0.6810534256,0.0280890548,0.0893725697,0.9289622853
0.4650000000,0.6983309325,0.0293265956,0.0922084336,0.9196204709
0.4700000000,0.7150562194,0.0305899213,0.0951066305,0.9096778101
0.4750000000,0.7311670988,0.0318782151,0.0980659210,0.8991503885
0.4800000000,0.7466119478,0.0331906044,0.1010846979,0.8880550984
0.4850000000,0.7613483592,0.0345261625,0.1041609776,0.8764096208
0.4900000000,0.7753420762,0.0358839120,0.1072923930,0.8642324086
0.4950000000,0.7885661564,0.0372628269,0.1104761903,0.8515426703
0.5000000000,0.8010002968,0.0386618365,0.1137092265,0.8383603551
0.5050000000,0.8126302120,0.0400798286,0.1169879708,0.8247061409
0.5100000000,0.8234468781,0.0415156530,0.1203085074,0.8106014231
0.5150000000,0.8334453708,0.0429681263,0.1236665409,0.7960683075
0.5200000000,0.8426230290,0.0444360356,0.1270574035,0.7811296070
0.5250000000,0.8509769979,0.0459181433,0.1304760647,0.7658088435
0.5300000000,0.8585018890,0.0474131920,0.1339171431,0.7501302553
0.5350000000,0.8651887953,0.0489199098,0.1373749196,0.7341188149
0.5400000000,0.8710263383,0.0504370151,0.1408433535,0.7178002569
0.5450000000,0.8760030551,0.0519632230,0.1443161005,0.7012011224
0.5500000000,0.8801097315,0.0534972502,0.1477865337,0.6843488243
0.5550000000,0.8833407967,0.0550378216,0.1512477673,0.6672717432
0.5600000000,0.8856947431,0.0565836764,0.1546926851,0.6499993680
0.5650000000,0.8871739389,0.0581335741,0.1581139751,0.6325625003
0.5700000000,0.8877841918,0.0596863011,0.1615041743,0.6149935595
0.5750000000,0.8875342739,0.0612406776,0.1648557292,0.5973270457
0.5800000000,0.8864354971,0.0627955637,0.1681610868,0.5796002599
0.5850000000,0.8845013643,0.0643498669,0.1714128408,0.5618544644
0.5900000000,0.8817472908,0.0659025482,0.1746039855,0.5441368217
0.5950000000,0.8781903848,0.0674526294,0.1777283838,0.5265037714
0.6000000000,0.8738492761,0.0689991999,0.1807816187,0.5090271657
0.6050000000,0.8687439818,0.0705414237,0.1837622339,0.4918058181
0.6100000000,0.8628958058,0.0720785461,0.1866717426,0.4749874099
0.6150000000,0.8563272713,0.0736099009,0.1895080890,0.4588067126
0.6200000000,0.8490620907,0.0751349171,0.1922548046,0.4436280356
0.6250000000,0.8411251893,0.0766531259,0.1948853275,0.4298929357
0.6300000000,0.8325428142,0.0781641679,0.1973763620,0.4178254242
0.6350000000,0.8233427958,0.0796677998,0.1997114835,0.4071977815
0.6400000000,0.8135550996,0.0811639027,0.2018789871,0.3975821576
0.6450000000,0.8032129616,0.0826524891,0.2038698531,0.3886473248
0.6500000000,0.7923551945,0.0841337122,0.2056766623,0.3802035268
0.6550000000,0.7810305970,0.0856078755,0.2072930780,0.3721538247
0.6600000000,0.7693042163,0.0870754440,0.2087136015,0.3644528075
0.6650000000,0.7572562655,0.0885370589,0.2099334528,0.3570834143
0.6700000000,0.7449524774,0.0899935551,0.2109485067,0.3500449043
0.6750000000,0.7324084377,0.0914459856,0.2117552545,0.3433465708
0.6800000000,0.7196085997,0.0928956546,0.2123507744,0.3370043391
0.6850000000,0.7065421327,0.0943441639,0.2127327091,0.3310388149
0.6900000000,0.6932115955,0.0957934817,0.2128992566,0.3254740296
0.6950000000,0.6796287845,0.0972460435,0.2128491941,0.3203364348
0.7000000000,0.6658104896,0.0987049073,0.2125819696,0.3156538289
0.7050000000,0.6517760357,0.1001739944,0.2120979158,0.3114539609
0.7100000000,0.6375459919,0.1016584720,0.2113986721,0.3077626099
0.7150000000,0.6231414938,0.1031653699,0.2104879257,0.3046010552
0.7200000000,0.6085838749,0.1047045814,0.2093725495,0.3019830495
0.7250000000,0.5938944629,0.1062904624,0.2080639000,0.2999116913
0.7300000000,0.5790944663,0.1079442177,0.2065781313,0.2983768480
0.7350000000,0.5642049174,0.1096967619,0.2049338207,0.2973538502
0.7400000000,0.5492466520,0.1115898236,0.2031478702,0.2968039403
0.7450000000,0.5342403184,0.1136694452,0.2012340622,0.2966764607
0.7500000000,0.5192064106,0.1159672493,0.1992052107,0.2969122652
0.7550000000,0.5041653260,0.1184816020,0.1970756078,0.2974475649
0.7600000000,0.4891374483,0.1211807983,0.1948620950,0.2982174865
0.7650000000,0.4741432597,0.1240233902,0.1925842150,0.2991588891
0.7700000000,0.4592034865,0.1269733441,0.1902640601,0.3002122980
0.7750000000,0.4443392867,0.1300040043,0.1879260687,0.3013230292
0.7800000000,0.4295724889,0.1330966178,0.1855968207,0.3024416871
0.7850000000,0.4149258966,0.1362379172,0.1833048169,0.3035242299
0.7900000000,0.4004236779,0.1394182065,0.1810802154,0.3045317684
0.7950000000,0.3860918655,0.1426300838,0.1789545005,0.3054302218
0.8000000000,0.3719590015,0.1458676318,0.1769600668,0.3061899111
0.8050000000,0.3580569726,0.1491259103,0.1751297058,0.3067851409
0.8100000000,0.3444220807,0.1524006345,0.1734959960,0.3071937968
0.8150000000,0.3310963842,0.1556879683,0.1720906095,0.3073969749
0.8200000000,0.3181292682,0.1589843897,0.1709435620,0.3073786456
0.8250000000,0.3055790018,0.1622866001,0.1700824545,0.3071253564
0.8300000000,0.2935135920,0.1655914644,0.1695317718,0.3066259676
0.8350000000,0.2820095737,0.1688959692,0.1693123207,0.3058714220
0.8400000000,0.2711470364,0.1721971951,0.1694409102,0.3048545417
0.8450000000,0.2610006159,0.1754922971,0.1699303837,0.3035698507
0.8500000000,0.2516300071,0.1787784916,0.1707901407,0.3020134191
0.8550000000,0.2430761759,0.1820530479,0.1720273065,0.3001827265
0.8600000000,0.2353659458,0.1853132826,0.1736487710,0.2980765415
0.8650000000,0.2285212200,0.1885565569,0.1756643880,0.2956948163
0.8700000000,0.2225674487,0.1917802749,0.1780916555,0.2930385935
0.8750000000,0.2175389921,0.1949818839,0.1809618440,0.2901099239
0.8800000000,0.2134816893,0.1981588751,0.1843258547,0.2869117947
0.8850000000,0.2104532810,0.2013087856,0.1882535427,0.2834480667
0.8900000000,0.2085213118,0.2044292005,0.1928148552,0.2797234200
0.8950000000,0.2077569353,0.2075177558,0.1980398727,0.2757433087
0.9000000000,0.2082228729,0.2105721412,0.2038874512,0.2715139266
0.9050000000,0.2099561936,0.2135901036,0.2102582747,0.2670421863
0.9100000000,0.2129516043,0.2165694504,0.2170361857,0.2623357283
0.9150000000,0.2171541743,0.2195080536,0.2241180402,0.2574030085
0.9200000000,0.2224663097,0.2224038529,0.2314221110,0.2522536986
0.9250000000,0.2287648537,0.2252548599,0.2388853832,0.2469012349
0.9300000000,0.2359194710,0.2280591614,0.2464584470,0.2414290948
0.9350000000,0.2438060185,0.2308149240,0.2541012001,0.2369116596
0.9400000000,0.2523135205,0.2335203971,0.2617798601,0.2324521837
0.9450000000,0.2613462774,0.2361739169,0.2694650192,0.2277949635
0.9500000000,0.2708231958,0.2387739100,0.2771304041,0.2229490292
0.9550000000,0.2806759058,0.2413188974,0.2847520849,0.2179301531
0.9600000000,0.2908465721,0.2438074972,0.2923079656,0.2127559966
0.9650000000,0.3012858346,0.2462384287,0.2997774521,0.2074455402
0.9700000000,0.3119510427,0.2486105153,0.3071412326,0.2020190219
0.9750000000,0.3228048131,0.2509226876,0.3143811299,0.1964979957
0.9800000000,0.3338138847,0.2531739866,0.3214800003,0.1909054407
0.9850000000,0.3449482239,0.2553635665,0.3284216646,0.1852658998
0.9900000000,0.3561803319,0.2574906972,0.3351908592,0.1796056411
0.9950000000,0.3674847130,0.2595547666,0.3417732014,0.1739528382
1.0000000000,0.3788374661,0.2615552836,0.3481551650,0.1683377619
1.0050000000,0.3902159739,0.2634918792,0.3543240623,0.1627929744
1.0100000000,0.4015986655,0.2653643091,0.3602680306,0.1573535118
1.0150000000,0.4129648358,0.2671724548,0.3659760230,0.1520570313
1.0200000000,0.4242945089,0.2689163256,0.3714378002,0.1469438918
1.0250000000,0.4355683351,0.2705960587,0.3766439250,0.1420571241
1.0300000000,0.4467675130,0.2722119210,0.3815857570,0.1374422332
1.0350000000,0.4578737321,0.2737643092,0.3862554480,0.1331467653
1.0400000000,0.4688691306,0.2752537501,0.3906459382,0.1292195663
1.0450000000,0.4797362644,0.2766809005,0.3947509518,0.1257096638
1.0500000000,0.4904580863,0.2780465470,0.3985649922,0.1226647320
1.0550000000,0.5010179317,0.2793516052,0.4020833378,0.1201291520
1.0600000000,0.5113995106,0.2805971185,0.4053020364,0.1181417593
1.0650000000,0.5215869034,0.2817842574,0.4082178991,0.1167334743
1.0700000000,0.5315645609,0.2829143169,0.4108284940,0.1159251023
1.0750000000,0.5413173069,0.2839887154,0.4131321390,0.1157256457
1.0800000000,0.5508303434,0.2850089915,0.4151278933,0.1161314326
1.0850000000,0.5600892573,0.2859768018,0.4168155492,0.1171262388
1.0900000000,0.5690800290,0.2868939176,0.4181956220,0.1186823803
1.0950000000,0.5777890421,0.2877622218,0.4192693399,0.1207625686
1.1000000000,0.5862030941,0.2885837045,0.4200386328,0.1233222083
1.1050000000,0.5943094081,0.2893604599,0.4205061206,0.1263118029
1.1100000000,0.6020956449,0.2900946809,0.4206751012,0.1296792036
1.1150000000,0.6095499156,0.2907886550,0.4205495371,0.1333715282
1.1200000000,0.6166607951,0.2914447594,0.4201340423,0.1373366783
1.1250000000,0.6234173348,0.2920654552,0.4194338690,0.1415244488
1.1300000000,0.6298090768,0.2926532825,0.4184548934,0.1458872730
1.1350000000,0.6358260668,0.2932108539,0.4172036023,0.1503806662
1.1400000000,0.6414588681,0.2937408493,0.4156870795,0.1549634356
1.1450000000,0.6466985747,0.2942460091,0.4139129925,0.1595977205
1.1500000000,0.6515368248,0.2947291278,0.4118895799,0.1642489146
1.1550000000,0.6559658135,0.2951930480,0.4096256398,0.1688855145
1.1600000000,0.6599783057,0.2956406529,0.4071305189,0.1734789260
1.1650000000,0.6635676481,0.2960748601,0.4044141036,0.1780032507
1.1700000000,0.6667277815,0.2964986145,0.4014868117,0.1824350710
1.1750000000,0.6694532519,0.2969148809,0.3983595868,0.1867532429
1.1800000000,0.6717392214,0.2973266376,0.3950438942,0.1909387038
1.1850000000,0.6735814784,0.2977368689,0.3915517189,0.1949742987
1.1900000000,0.6749764476,0.2981485579,0.3878955656,0.1988446271
1.1950000000,0.6759211988,0.2985646798,0.3840884605,0.2025359096
1.2000000000,0.6764134552,0.2989881946,0.3801439541,0.2060358746
1.2050000000,0.6764516014,0.2994220401,0.3760761244,0.2093336625
1.2100000000,0.6760346896,0.2998691249,0.3718995783,0.2124197468
1.2150000000,0.6751624466,0.3003323218,0.3676294505,0.2152858704
1.2200000000,0.6738352781,0.3008144609,0.3632813953,0.2179249934
1.2250000000,0.6720542741,0.3013183228,0.3588715696,0.2203312537
1.2300000000,0.6698212121,0.3018466326,0.3544166009,0.2224999348
1.2350000000,0.6671385597,0.3024020532,0.3499335368,0.2244274427
1.2400000000,0.6640094771,0.3029871792,0.3454397709,0.2261112873
1.2450000000,0.6604378176,0.3036045311,0.3409529409,0.2275500671
1.2500000000,0.6564281280,0.3042565494,0.3364907959,0.2287434567
1.2550000000,0.6519856479,0.3049455890,0.3320710341,0.2296921920
1.2600000000,0.6471163080,0.3056739140,0.3277111157,0.2303980539
1.2650000000,0.6418267277,0.3064436926,0.3234280582,0.2308638461
1.2700000000,0.6361242120,0.3072569919,0.3192382290,0.2310933644
1.2750000000,0.6300167468,0.3081157738,0.3151571495,0.2310913560
1.2800000000,0.6235129945,0.3090218901,0.3111993283,0.2308634648
1.2850000000,0.6166222879,0.3099770789,0.3073781353,0.2304161614
1.2900000000,0.6093546239,0.3109829602,0.3037057256,0.2297566555
1.2950000000,0.6017206560,0.3120410328,0.3001930147,0.2288927895
1.3000000000,0.5937316868,0.3131526707,0.2968496981,0.2278329159
1.3050000000,0.5853996594,0.3143191203,0.2936843061,0.2265857580
1.3100000000,0.5767371484,0.3155414975,0.2907042791,0.2251602616
1.3150000000,0.5677573504,0.3168207850,0.2879160524,0.2235654427
1.3200000000,0.5584740744,0.3181578307,0.2853251374,0.2218102402
1.3250000000,0.5489017313,0.3195533452,0.2829361947,0.2199033851
1.3300000000,0.5390553243,0.3210079006,0.2807530934,0.2178532959
1.3350000000,0.5289504381,0.3225219288,0.2787789591,0.2156680108
1.3400000000,0.5186032289,0.3240957208,0.2770162098,0.2133551646
1.3450000000,0.5080304141,0.3257294258,0.2754665876,0.2109220184
1.3500000000,0.4972492631,0.3274230507,0.2741311874,0.2083755420
1.3550000000,0.4862775880,0.3291764600,0.2730104908,0.2057225537
1.3600000000,0.4751337347,0.3309893762,0.2721044082,0.2029699158
1.3650000000,0.4638365759,0.3328613803,0.2714123356,0.2001247875
1.3700000000,0.4524055043,0.3347919128,0.2709332303,0.1971949413
1.3750000000,0.4408604267,0.3367802748,0.2706657107,0.1941891561
1.3800000000,0.4292217608,0.3388256299,0.2706081860,0.1911177142
1.3850000000,0.4175104315,0.3409270065,0.2707590231,0.1879930506
1.3900000000,0.4057478709,0.3430833003,0.2711167557,0.1848306411
1.3950000000,0.3939560178,0.3452932772,0.2716803474,0.1816502745
1.4000000000,0.3821573203,0.3475555770,0.2724495139,0.1784779634
1.4050000000,0.3703747393,0.3498687173,0.2734251118,0.1753489328
1.4100000000,0.3586317526,0.3522310980,0.2746095863,0.1723124614
1.4150000000,0.3469523601,0.3546410060,0.2760074486,0.1694399205
1.4200000000,0.3353610888,0.3570966206,0.2776256983,0.1668382025
1.4250000000,0.3238829961,0.3595960194,0.2794740187,0.1646711202
1.4300000000,0.3125436706,0.3621371838,0.2815644424,0.1631860118
1.4350000000,0.3013692283,0.3647180060,0.2839100778,0.1627093720
1.4400000000,0.2903863015,0.3673362951,0.2865225531,0.1635024522
1.4450000000,0.2796220181,0.3699897839,0.2894083039,0.1655035786
1.4500000000,0.2691039678,0.3726761362,0.2925647232,0.1683685923
1.4550000000,0.2588601524,0.3753929533,0.2959779152,0.1717600299
1.4600000000,0.2489189172,0.3781377811,0.2996234062,0.1754589090
1.4650000000,0.2393088623,0.3809081171,0.3034695870,0.1793348938
1.4700000000,0.2300587335,0.3837014166,0.3074822296,0.1833063545
1.4750000000,0.2211972987,0.3865150999,0.3116283151,0.1873173475
1.4800000000,0.2127532145,0.3893465579,0.3158783408,0.1913260981
1.4850000000,0.2047548968,0.3921931582,0.3202071984,0.1952992559
1.4900000000,0.1972304047,0.3950522507,0.3245941167,0.1992089221
1.4950000000,0.1902073357,0.3979211733,0.3290221478,0.2030310407
1.5000000000,0.1837127024,0.4007972561,0.3334775125,0.2067444877
1.5050000000,0.1777726934,0.4036778270,0.3379489682,0.2103305351
1.5100000000,0.1724121235,0.4065602153,0.3424272644,0.2137725260
1.5150000000,0.1676532721,0.4094417568,0.3469047000,0.2170556742
1.5200000000,0.1635137864,0.4123197974,0.3513747727,0.2201669406
1.5250000000,0.1600035537,0.4151916975,0.3558319067,0.2230949603
1.5300000000,0.1571210296,0.4180548361,0.3602712407,0.2258300038
1.5350000000,0.1548502225,0.4209066150,0.3646884637,0.2283639638
1.5400000000,0.1531597517,0.4237444633,0.3690796868,0.2306903614
1.5450000000,0.1520046421,0.4265658417,0.3734413428,0.2328043673
1.5500000000,0.1513302194,0.4293682478,0.3777701061,0.2347028356
1.5550000000,0.1510766650,0.4321492210,0.3820628290,0.2363843444
1.5600000000,0.1511829657,0.4349063476,0.3863164904,0.2378492407
1.5650000000,0.1515897043,0.4376372667,0.3905281535,0.2390996797
1.5700000000,0.1522407392,0.4403396754,0.3946949310,0.2401396496
1.5750000000,0.1530840809,0.4430113349,0.3988139567,0.2409749654
1.5800000000,0.1540722739,0.4456500761,0.4028823612,0.2416132135
1.5850000000,0.1551625019,0.4482538050,0.4068972518,0.2420636259
1.5900000000,0.1563165457,0.4508205083,0.4108556948,0.2423368664
1.5950000000,0.1575006613,0.4533482581,0.4147547016,0.2424447211
1.6000000000,0.1586854133,0.4558352165,0.4185912162,0.2423997099
1.6050000000,0.1598454809,0.4582796399,0.4223621043,0.2422146616
1.6100000000,0.1609594481,0.4606798822,0.4260641456,0.2419023221
1.6150000000,0.1620095853,0.4630343976,0.4296940259,0.2414750774
1.6200000000,0.1629816264,0.4653417429,0.4332483316,0.2409448519
1.6250000000,0.1638645473,0.4676005785,0.4367235456,0.2403232059
1.6300000000,0.1646503472,0.4698096697,0.4401160438,0.2396216017
1.6350000000,0.1653338358,0.4719678859,0.4434220938,0.2388517738
1.6400000000,0.1659124260,0.4740742005,0.4466378533,0.2380261257
1.6450000000,0.1663859332,0.4761276891,0.4497593714,0.2371580890
1.6500000000,0.1667563804,0.4781275278,0.4527825896,0.2362624030
1.6550000000,0.1670278076,0.4800729905,0.4557033446,0.2353552981
1.6600000000,0.1672060846,0.4819634463,0.4585173722,0.2344545798
1.6650000000,0.1672987255,0.4837983553,0.4612203117,0.2335796107
1.6700000000,0.1673147023,0.4855772656,0.4638077121,0.2327511840
1.6750000000,0.1672642575,0.4872998092,0.4662750391,0.2319912647
1.6800000000,0.1671587130,0.4889656974,0.4686176827,0.2313225586
1.6850000000,0.1670102735,0.4905747164,0.4708309665,0.2307678507
1.6900000000,0.1668318254,0.4921267236,0.4729101574,0.2303490586
1.6950000000,0.1666367293,0.4936216423,0.4748504768,0.2300859757
1.7000000000,0.1664386065,0.4950594577,0.4766471120,0.2299947591
1.7050000000,0.1662511216,0.4964402124,0.4782952297,0.2300863478
1.7100000000,0.1660877613,0.4977640024,0.4797899886,0.2303651286
1.7150000000,0.1659616135,0.4990309727,0.4811265550,0.2308282255
1.7200000000,0.1658851492,0.5002413136,0.4823001172,0.2314656896
1.7250000000,0.1658700120,0.5013952570,0.4833059020,0.2322616082
1.7300000000,0.1659268185,0.5024930728,0.4841391912,0.2331958693
1.7350000000,0.1660649759,0.5035350659,0.4847953393,0.2342461454
1.7400000000,0.1662925214,0.5045215726,0.4852697914,0.2353896861
1.7450000000,0.1666159868,0.5054529582,0.4855581019,0.2366046693
1.7500000000,0.1670402936,0.5063296146,0.4856559540,0.2378710465
1.7550000000,0.1675686801,0.5071519570,0.4855591791,0.2391709480
1.7600000000,0.1682026636,0.5079204227,0.4852637779,0.2404887693
1.7650000000,0.1689420367,0.5086354684,0.4847659406,0.2418110622
1.7700000000,0.1697848969,0.5092975685,0.4840620688,0.2431263261
1.7750000000,0.1707277089,0.5099072135,0.4831487975,0.2444247672
1.7800000000,0.1717653947,0.5104649083,0.4820230179,0.2456980638
1.7850000000,0.1728914483,0.5109711706,0.4806819006,0.2469391607
1.7900000000,0.1740980733,0.5114265298,0.4791229200,0.2481420990
1.7950000000,0.1753763364,0.5118315254,0.4773438800,0.2493018865
1.8000000000,0.1767163363,0.5121867061,0.4753429406,0.2504144048
1.8050000000,0.1781073855,0.5124926282,0.4731186463,0.2514763512
1.8100000000,0.1795382045,0.5127498547,0.4706699580,0.2524852096
1.8150000000,0.1809971308,0.5129589545,0.4679962869,0.2534392494
1.8200000000,0.1824723534,0.5131205004,0.4650975338,0.2543375457
1.8250000000,0.1839521884,0.5132350688,0.4619741349,0.2551800195
1.8300000000,0.1854254362,0.5133032384,0.4586271164,0.2559674962
1.8350000000,0.1868818987,0.5133255887,0.4550581631,0.2567017803
1.8400000000,0.1883132214,0.5133026992,0.4512697056,0.2573857467
1.8450000000,0.1897144090,0.5132351482,0.4472650367,0.2580234528
1.8500000000,0.1910866930,0.5131235112,0.4430484712,0.2586202732
1.8550000000,0.1924426362,0.5129683602,0.4386255737,0.2591830671
1.8600000000,0.1938119028,0.5127702623,0.4340034925,0.2597203877
1.8650000000,0.1952341047,0.5125297780,0.4291914676,0.2602427493
1.8700000000,0.1967218904,0.5122474604,0.4242016274,0.2607629716
1.8750000000,0.1982391065,0.5119238537,0.4190502825,0.2612966217
1.8800000000,0.1997340274,0.5115594916,0.4137600911,0.2618625782
1.8850000000,0.2011678291,0.5111548967,0.4083637863,0.2624837267
1.8900000000,0.2025161970,0.5107105784,0.4029106824,0.2631877723
1.8950000000,0.2037638978,0.5102270319,0.3974778112,0.2640080902
1.9000000000,0.2049008588,0.5097047372,0.3921869199,0.2649844192
1.9050000000,0.2059200693,0.5091441575,0.3872207301,0.2661630307
1.9100000000,0.2068165110,0.5085457385,0.3828058830,0.2675958211
1.9150000000,0.2075865993,0.5079099067,0.3791147328,0.2693377378
1.9200000000,0.2082278770,0.5072370692,0.3761473396,0.2714423135
1.9250000000,0.2087388364,0.5065276120,0.3737566199,0.2739559773
1.9300000000,0.2091188073,0.5057819000,0.3717716681,0.2769128238
1.9350000000,0.2093678806,0.5050002759,0.3700658219,0.2803317618
1.9400000000,0.2094868510,0.5041830600,0.3685601880,0.2842169052
1.9450000000,0.2094771699,0.5033305496,0.3672087067,0.2885604823
1.9500000000,0.2093409040,0.5024430194,0.3659851393,0.2933466665
1.9550000000,0.2090806962,0.5015207211,0.3648747890,0.2985549719
1.9600000000,0.2086997275,0.5005638840,0.3638696270,0.3041626184
1.9650000000,0.2082016796,0.4995727154,0.3629654436,0.3101458871
1.9700000000,0.2075906970,0.4985474016,0.3621601522,0.3164807492
1.9750000000,0.2068713488,0.4974881087,0.3614527537,0.3231430701
1.9800000000,0.2060485902,0.4963949840,0.3608426892,0.3301086080
1.9850000000,0.2051277241,0.4952681575,0.3603294292,0.3373529386
1.9900000000,0.2041143626,0.4941077442,0.3599122149,0.3448513751
1.9950000000,0.2030143884,0.4929138455,0.3595899031,0.3525789118
2.0000000000,0.2018339180,0.4916865521,0.3593608853,0.3605101996
