t,total_subsystems,site_subsystems,interface_subsystems,n_links,mean_degree,hilbert_log2_dim,frontier_radius,volume_proxy,density,energy_remaining,energy_density,creation_rate_modifier,births_attempted,births_accepted,births_reject_lightcone,births_reject_exclusion,births_reject_energy,links_added_from_births,random_links_attempts,random_links_added
0,4,2,2,1,1.0,6.339850002884624,0.0,0.031415926535897934,34.41034472402808,0.0,0.0,1.0,0,0,0,0,0,0,0,0
1,4,2,2,1,1.0,6.339850002884624,0.13601773850169033,0.05812205649318702,34.41034472402808,0.0,0.0,1.0,0,0,0,0,0,0,4,0
2,4,2,2,1,1.0,6.339850002884624,0.13601773850169033,0.05812205649318702,34.41034472402808,0.0,0.0,1.0,0,0,0,0,0,0,4,0
3,4,2,2,1,1.0,6.339850002884624,0.13601773850169033,0.05812205649318702,34.41034472402808,0.0,0.0,1.0,0,0,0,0,0,0,4,0
4,4,2,2,1,1.0,6.339850002884624,0.13601773850169033,0.05812205649318702,34.41034472402808,0.0,0.0,1.0,0,0,0,0,0,0,4,0
5,4,2,2,1,1.0,6.339850002884624,0.13601773850169033,0.05812205649318702,34.41034472402808,0.0,0.0,1.0,0,0,0,0,0,0,4,0
6,4,2,2,1,1.0,6.339850002884624,0.13601773850169033,0.05812205649318702,34.41034472402808,0.0,0.0,1.0,0,0,0,0,0,0,4,0
7,4,2,2,1,1.0,6.339850002884624,0.13601773850169033,0.05812205649318702,34.41034472402808,0.0,0.0,1.0,0,0,0,0,0,0,4,0
8,4,2,2,1,1.0,6.339850002884624,0.13601773850169033,0.05812205649318702,34.41034472402808,0.0,0.0,1.0,0,0,0,0,0,0,4,0
9,4,2,2,1,1.0,6.339850002884624,0.13601773850169033,0.05812205649318702,34.41034472402808,0.0,0.0,1.0,0,0,0,0,0,0,4,0
10,4,2,2,1,1.0,6.339850002884624,0.13601773850169033,0.05812205649318702,34.41034472402808,0.0,0.0,1.0,0,0,0,0,0,0,4,0
11,4,2,2,1,1.0,6.339850002884624,0.13601773850169033,0.05812205649318702,34.41034472402808,0.0,0.0,1.0,0,0,0,0,0,0,4,0
12,4,2,2,1,1.0,6.339850002884624,0.13601773850169033,0.05812205649318702,34.41034472402808,0.0,0.0,1.0,0,0,0,0,0,0,4,0
13,4,2,2,1,1.0,6.339850002884624,0.13601773850169033,0.05812205649318702,34.41034472402808,0.0,0.0,1.0,0,0,0,0,0,0,4,0
14,4,2,2,1,1.0,6.339850002884624,0.13601773850169033,0.05812205649318702,34.41034472402808,0.0,0.0,1.0,1,0,0,1,0,0,4,0
15,4,2,2,1,1.0,6.339850002884624,0.13601773850169033,0.05812205649318702,34.41034472402808,0.0,0.0,1.0,0,0,0,0,0,0,4,0
16,4,2,2,1,1.0,6.339850002884624,0.13601773850169033,0.05812205649318702,34.41034472402808,0.0,0.0,1.0,0,0,0,0,0,0,4,0
17,7,3,4,2,1.3333333333333333,11.094737505048093,0.7344110388045815,1.6944480750641866,1.7704880097233775,0.0,0.0,1.0,1,1,0,0,0,1,6,0
18,7,3,4,2,1.3333333333333333,11.094737505048093,0.7344110388045815,1.6944480750641866,1.7704880097233775,0.0,0.0,1.0,0,0,0,0,0,0,6,0
19,7,3,4,2,1.3333333333333333,11.094737505048093,0.7344110388045815,1.6944480750641866,1.7704880097233775,0.0,0.0,1.0,0,0,0,0,0,0,6,0
20,7,3,4,2,1.3333333333333333,11.094737505048093,0.7344110388045815,1.6944480750641866,1.7704880097233775,0.0,0.0,1.0,0,0,0,0,0,0,6,0
21,7,3,4,2,1.3333333333333333,11.094737505048093,0.7344110388045815,1.6944480750641866,1.7704880097233775,0.0,0.0,1.0,0,0,0,0,0,0,6,0
22,7,3,4,2,1.3333333333333333,11.094737505048093,0.7344110388045815,1.6944480750641866,1.7704880097233775,0.0,0.0,1.0,0,0,0,0,0,0,6,0
23,7,3,4,2,1.3333333333333333,11.094737505048093,0.7344110388045815,1.6944480750641866,1.7704880097233775,0.0,0.0,1.0,0,0,0,0,0,0,6,0
24,7,3,4,2,1.3333333333333333,11.094737505048093,0.7344110388045815,1.6944480750641866,1.7704880097233775,0.0,0.0,1.0,0,0,0,0,0,0,6,0
25,7,3,4,2,1.3333333333333333,11.094737505048093,0.7344110388045815,1.6944480750641866,1.7704880097233775,0.0,0.0,1.0,0,0,0,0,0,0,6,0
26,7,3,4,2,1.3333333333333333,11.094737505048093,0.7344110388045815,1.6944480750641866,1.7704880097233775,0.0,0.0,1.0,0,0,0,0,0,0,6,0
27,7,3,4,2,1.3333333333333333,11.094737505048093,0.7344110388045815,1.6944480750641866,1.7704880097233775,0.0,0.0,1.0,0,0,0,0,0,0,6,0
28,7,3,4,2,1.3333333333333333,11.094737505048093,0.7344110388045815,1.6944480750641866,1.7704880097233775,0.0,0.0,1.0,0,0,0,0,0,0,6,0
29,7,3,4,2,1.3333333333333333,11.094737505048093,0.7344110388045815,1.6944480750641866,1.7704880097233775,0.0,0.0,1.0,0,0,0,0,0,0,6,0
30,10,4,6,3,1.5,15.84962500721156,0.7344110388045815,1.6944480750641866,2.36065067963117,0.0,0.0,1.0,1,1,0,0,0,1,8,0
31,10,4,6,3,1.5,15.84962500721156,0.7344110388045815,1.6944480750641866,2.36065067963117,0.0,0.0,1.0,2,0,0,2,0,0,8,0
32,10,4,6,3,1.5,15.84962500721156,0.7344110388045815,1.6944480750641866,2.36065067963117,0.0,0.0,1.0,0,0,0,0,0,0,8,0
33,10,4,6,3,1.5,15.84962500721156,0.7344110388045815,1.6944480750641866,2.36065067963117,0.0,0.0,1.0,0,0,0,0,0,0,8,0
34,10,4,6,3,1.5,15.84962500721156,0.7344110388045815,1.6944480750641866,2.36065067963117,0.0,0.0,1.0,0,0,0,0,0,0,8,0
35,12,4,8,4,2.0,19.019550008653873,0.7344110388045815,1.6944480750641866,2.36065067963117,0.0,0.0,1.0,0,0,0,0,0,0,8,1
36,15,5,10,5,2.0,23.774437510817343,0.7344110388045815,1.6944480750641866,2.950813349538963,0.0,0.0,1.0,1,1,0,0,0,1,10,0
37,17,5,12,6,2.4,26.94436251225965,0.7344110388045815,1.6944480750641866,2.950813349538963,0.0,0.0,1.0,0,0,0,0,0,0,10,1
38,19,5,14,7,2.8,30.114287513701967,0.7344110388045815,1.6944480750641866,2.950813349538963,0.0,0.0,1.0,0,0,0,0,0,0,10,1
39,19,5,14,7,2.8,30.114287513701967,0.7344110388045815,1.6944480750641866,2.950813349538963,0.0,0.0,1.0,1,0,0,1,0,0,10,0
40,19,5,14,7,2.8,30.114287513701967,0.7344110388045815,1.6944480750641866,2.950813349538963,0.0,0.0,1.0,0,0,0,0,0,0,10,0
41,19,5,14,7,2.8,30.114287513701967,0.7344110388045815,1.6944480750641866,2.950813349538963,0.0,0.0,1.0,0,0,0,0,0,0,10,0
42,19,5,14,7,2.8,30.114287513701967,0.7344110388045815,1.6944480750641866,2.950813349538963,0.0,0.0,1.0,0,0,0,0,0,0,10,0
43,19,5,14,7,2.8,30.114287513701967,0.7344110388045815,1.6944480750641866,2.950813349538963,0.0,0.0,1.0,0,0,0,0,0,0,10,0
44,19,5,14,7,2.8,30.114287513701967,0.7344110388045815,1.6944480750641866,2.950813349538963,0.0,0.0,1.0,0,0,0,0,0,0,10,0
45,20,6,14,7,2.3333333333333335,31.69925001442312,0.7344110388045815,1.6944480750641866,3.540976019446755,0.0,0.0,1.0,1,1,0,0,0,0,12,0
46,20,6,14,7,2.3333333333333335,31.69925001442312,0.7344110388045815,1.6944480750641866,3.540976019446755,0.0,0.0,1.0,0,0,0,0,0,0,12,0
47,20,6,14,7,2.3333333333333335,31.69925001442312,0.7344110388045815,1.6944480750641866,3.540976019446755,0.0,0.0,1.0,0,0,0,0,0,0,12,0
48,23,7,16,8,2.2857142857142856,36.45413751658659,0.7571841408443658,1.8011624772947943,3.8863789848173247,0.0,0.0,1.0,1,1,0,0,0,0,14,1
49,24,8,16,8,2.0,38.039100017307746,0.7571841408443658,1.8011624772947943,4.441575982648371,0.0,0.0,1.0,1,1,0,0,0,0,16,0
50,24,8,16,8,2.0,38.039100017307746,0.7571841408443658,1.8011624772947943,4.441575982648371,0.0,0.0,1.0,0,0,0,0,0,0,16,0
51,24,8,16,8,2.0,38.039100017307746,0.7571841408443658,1.8011624772947943,4.441575982648371,0.0,0.0,1.0,0,0,0,0,0,0,16,0
52,24,8,16,8,2.0,38.039100017307746,0.7571841408443658,1.8011624772947943,4.441575982648371,0.0,0.0,1.0,0,0,0,0,0,0,16,0
53,25,9,16,8,1.7777777777777777,39.6240625180289,0.7571841408443658,1.8011624772947943,4.996772980479418,0.0,0.0,1.0,1,1,0,0,0,0,18,0
54,26,10,16,8,1.6,41.209025018750054,0.7571841408443658,1.8011624772947943,5.5519699783104635,0.0,0.0,1.0,2,1,0,1,0,0,20,0
55,28,10,18,9,1.8,44.37895002019237,0.7571841408443658,1.8011624772947943,5.5519699783104635,0.0,0.0,1.0,0,0,0,0,0,0,20,1
56,28,10,18,9,1.8,44.37895002019237,0.7571841408443658,1.8011624772947943,5.5519699783104635,0.0,0.0,1.0,1,0,0,1,0,0,20,0
57,29,11,18,9,1.6363636363636365,45.963912520913524,0.7571841408443658,1.8011624772947943,6.10716697614151,0.0,0.0,1.0,1,1,0,0,0,0,22,0
58,32,12,20,10,1.6666666666666667,50.718800023076994,0.7571841408443658,1.8011624772947943,6.662363973972556,0.0,0.0,1.0,1,1,0,0,0,1,24,0
59,37,13,24,12,1.8461538461538463,58.64361252668277,0.7571841408443658,1.8011624772947943,7.217560971803603,0.0,0.0,1.0,1,1,0,0,0,1,26,1
60,39,13,26,13,2.0,61.81353752812508,0.7571841408443658,1.8011624772947943,7.217560971803603,0.0,0.0,1.0,0,0,0,0,0,0,26,1
61,42,14,28,14,2.0,66.56842503028855,0.8903503928206927,2.4904153355081364,5.621552276999404,0.0,0.0,1.0,1,1,0,0,0,1,28,0
62,43,15,28,14,1.8666666666666667,68.15338753100971,0.8903503928206927,2.4904153355081364,6.023091725356505,0.0,0.0,1.0,1,1,0,0,0,0,30,0
63,46,16,30,15,1.875,72.90827503317318,1.1148580601771196,3.904712194908833,4.097613140569395,0.0,0.0,1.0,1,1,0,0,0,1,32,0
64,49,17,32,16,1.8823529411764706,77.66316253533665,1.1148580601771196,3.904712194908833,4.353713961854982,0.0,0.0,1.0,1,1,0,0,0,1,34,0
65,52,18,34,17,1.8888888888888888,82.41805003750011,1.573236065841028,7.775667129087723,2.3149139104301963,0.0,0.0,1.0,1,1,0,0,0,1,36,0
66,54,20,34,17,1.7,85.58797503894243,1.573236065841028,7.775667129087723,2.5721265671446627,0.0,0.0,1.0,4,2,0,2,0,0,40,0
67,55,21,34,17,1.619047619047619,87.17293753966358,1.573236065841028,7.775667129087723,2.7007328955018957,0.0,0.0,1.0,2,1,0,1,0,0,42,0
68,57,23,34,17,1.4782608695652173,90.34286254110589,1.573236065841028,7.775667129087723,2.957945552216362,0.0,0.0,1.0,2,2,0,0,0,0,46,0
69,62,24,38,19,1.5833333333333333,98.26767504471168,1.573236065841028,7.775667129087723,3.0865518805735954,0.0,0.0,1.0,3,1,0,2,0,1,48,1
70,67,25,42,21,1.68,106.19248754831744,1.8392011086174416,10.626942061065904,2.35251117925945,0.0,0.0,1.0,1,1,0,0,0,1,50,1
71,71,25,46,23,1.84,112.53233755120209,1.8392011086174416,10.626942061065904,2.35251117925945,0.0,0.0,1.0,2,0,0,2,0,0,50,2
72,81,27,54,27,2.0,128.38196255841365,1.8392011086174416,10.626942061065904,2.540712073600206,0.0,0.0,1.0,2,2,0,0,0,2,54,2
73,85,29,56,28,1.9310344827586208,134.72181256129826,1.8392011086174416,10.626942061065904,2.728912967940962,0.0,0.0,1.0,3,2,0,1,0,1,58,0
74,91,31,60,30,1.935483870967742,144.2315875656252,2.2035425437683163,15.254316478858406,2.0322116722151526,0.0,0.0,1.0,2,2,0,0,0,1,62,1
75,94,32,62,31,1.9375,148.98647506778866,2.2035425437683163,15.254316478858406,2.0977668874478996,0.0,0.0,1.0,2,1,0,1,0,1,64,0
76,101,33,68,34,2.0606060606060606,160.08121257283676,2.2035425437683163,15.254316478858406,2.163322102680646,0.0,0.0,1.0,2,1,0,1,0,1,66,2
77,104,34,70,35,2.0588235294117645,164.83610007500022,2.2035425437683163,15.254316478858406,2.228877317913393,0.0,0.0,1.0,3,1,0,2,0,1,68,0
78,109,35,74,37,2.1142857142857143,172.760912578606,2.2035425437683163,15.254316478858406,2.29443253314614,0.0,0.0,1.0,2,1,0,1,0,1,70,1
79,113,37,76,38,2.054054054054054,179.10076258149064,2.2035425437683163,15.254316478858406,2.4255429636116337,0.0,0.0,1.0,4,2,0,2,0,1,74,0
80,116,38,78,39,2.0526315789473686,183.8556500836541,2.2035425437683163,15.254316478858406,2.4910981788443807,0.0,0.0,1.0,3,1,0,2,0,1,76,0
81,119,39,80,40,2.051282051282051,188.61053758581758,2.2035425437683163,15.254316478858406,2.556653394077127,0.0,0.0,1.0,5,1,0,4,0,1,78,0
82,125,41,84,42,2.048780487804878,198.12031259014452,2.2035425437683163,15.254316478858406,2.687763824542621,0.0,0.0,1.0,4,2,0,2,0,1,82,1
83,127,43,84,42,1.9534883720930232,201.29023759158682,2.2083229246130482,15.320573915683372,2.8066833681721115,0.0,0.0,1.0,3,2,0,1,0,0,86,0
84,133,45,88,44,1.9555555555555555,210.80001259591376,2.2083229246130482,15.320573915683372,2.937226780645233,0.0,0.0,1.0,3,2,0,1,0,2,90,0
85,144,48,96,48,2.0,228.23460010384647,2.2083229246130482,15.320573915683372,3.133041899354915,0.0,0.0,1.0,4,3,0,1,0,2,96,2
86,148,50,98,49,1.96,234.5744501067311,2.2083229246130482,15.320573915683372,3.2635853118280367,0.0,0.0,1.0,3,2,0,1,0,1,100,0
87,150,50,100,50,2.0,237.74437510817341,2.2083229246130482,15.320573915683372,3.2635853118280367,0.0,0.0,1.0,2,0,0,2,0,0,100,1
88,156,52,104,52,2.0,247.25415011250033,2.2083229246130482,15.320573915683372,3.394128724301158,0.0,0.0,1.0,2,2,0,0,0,1,104,1
89,162,54,108,54,2.0,256.7639251168273,2.2083229246130482,15.320573915683372,3.5246721367742793,0.0,0.0,1.0,6,2,0,4,0,2,108,0
90,166,56,110,55,1.9642857142857142,263.1037751197119,2.2083229246130482,15.320573915683372,3.655215549247401,0.0,0.0,1.0,4,2,0,2,0,1,112,0
91,174,58,116,58,2.0,275.7834751254811,2.2083229246130482,15.320573915683372,3.7857589617205223,0.0,0.0,1.0,4,2,0,2,0,1,116,2
92,181,61,120,60,1.9672131147540983,286.8782126305293,2.5641211423888115,20.65508335813702,2.9532681588510363,0.0,0.0,1.0,4,3,0,1,0,2,122,0
93,194,66,128,64,1.9393939393939394,307.4827251399043,2.5641211423888115,20.65508335813702,3.195339319412597,0.0,0.0,1.0,6,5,0,1,0,3,132,1
94,206,72,134,67,1.8611111111111112,326.50227514855817,2.5641211423888115,20.65508335813702,3.4858247120864694,0.0,0.0,1.0,13,6,0,7,0,3,144,0
95,213,75,138,69,1.84,337.59701265360627,2.5641211423888115,20.65508335813702,3.6310674084234056,0.0,0.0,1.0,5,3,0,2,0,0,150,2
96,224,78,146,73,1.8717948717948718,355.03160016153896,2.5641211423888115,20.65508335813702,3.776310104760342,0.0,0.0,1.0,9,3,0,6,0,2,156,2
97,233,83,150,75,1.8072289156626506,369.2962626680294,2.5641211423888115,20.65508335813702,4.018381265321902,0.0,0.0,1.0,6,5,0,1,0,1,166,1
98,234,84,150,75,1.7857142857142858,370.8812251687505,2.5641211423888115,20.65508335813702,4.066795497434214,0.0,0.0,1.0,5,1,0,4,0,0,168,0
99,239,85,154,77,1.811764705882353,378.8060376723563,2.5641211423888115,20.65508335813702,4.115209729546526,0.0,0.0,1.0,4,1,0,3,0,1,170,1
100,241,85,156,78,1.8352941176470587,381.9759626737986,2.5641211423888115,20.65508335813702,4.115209729546526,0.0,0.0,1.0,4,0,0,4,0,0,170,1
101,253,89,164,82,1.8426966292134832,400.9955126824525,2.7568449644524833,23.87671413271373,3.7274810723666616,0.0,0.0,1.0,8,4,0,4,0,2,178,2
102,258,90,168,84,1.8666666666666667,408.9203251860582,2.7568449644524833,23.87671413271373,3.7693628821685343,0.0,0.0,1.0,9,1,0,8,0,0,180,2
103,268,94,174,87,1.851063829787234,424.76995019326984,3.0024319824755046,28.320194253051888,3.319186272526016,0.0,0.0,1.0,9,4,0,5,0,3,188,0
104,274,94,180,90,1.9148936170212767,434.27972519759675,3.0024319824755046,28.320194253051888,3.319186272526016,0.0,0.0,1.0,9,0,0,9,0,0,188,3
105,288,98,190,95,1.9387755102040816,456.46920020769295,3.0024319824755046,28.320194253051888,3.4604282415696765,0.0,0.0,1.0,10,4,0,6,0,3,196,2
106,302,102,200,100,1.9607843137254901,478.6586752177891,3.0024319824755046,28.320194253051888,3.6016702106133365,0.0,0.0,1.0,6,4,0,2,0,2,204,3
107,312,104,208,104,2.0,494.50830022500065,3.0024319824755046,28.320194253051888,3.6722911951351667,0.0,0.0,1.0,9,2,0,7,0,2,208,2
108,325,109,216,108,1.981651376146789,515.1128127343758,3.0024319824755046,28.320194253051888,3.848843656439742,0.0,0.0,1.0,10,5,0,5,0,2,218,2
109,337,115,222,111,1.9304347826086956,534.1323627430296,3.0024319824755046,28.320194253051888,4.060706610005233,0.0,0.0,1.0,16,6,0,10,0,2,230,1
110,354,122,232,116,1.901639344262295,561.0767252552893,3.341087617436678,35.069179286952185,3.4788381844279783,0.0,0.0,1.0,12,7,0,5,0,3,244,2
111,358,122,236,118,1.9344262295081966,567.4165752581739,3.341087617436678,35.069179286952185,3.4788381844279783,0.0,0.0,1.0,6,0,0,6,0,0,244,2
112,367,127,240,120,1.889763779527559,581.6812377646643,3.341087617436678,35.069179286952185,3.6214135198553543,0.0,0.0,1.0,8,5,0,3,0,2,254,0
113,373,129,244,122,1.8914728682170543,591.1910127689912,3.341087617436678,35.069179286952185,3.678443654026305,0.0,0.0,1.0,8,2,0,6,0,0,258,2
114,380,132,248,124,1.878787878787879,602.2857502740393,3.341087617436678,35.069179286952185,3.7639888552827307,0.0,0.0,1.0,11,3,0,8,0,1,264,1
115,388,134,254,127,1.8955223880597014,614.9654502798086,3.341087617436678,35.069179286952185,3.8210189894536812,0.0,0.0,1.0,9,2,0,7,0,2,268,1
116,392,136,256,128,1.8823529411764706,621.3053002826932,3.341087617436678,35.069179286952185,3.8780491236246317,0.0,0.0,1.0,6,2,0,4,0,1,272,0
117,404,140,264,132,1.8857142857142857,640.324850291347,3.341087617436678,35.069179286952185,3.9921093919665323,0.0,0.0,1.0,14,4,0,10,0,3,280,1
118,415,145,270,135,1.8620689655172413,657.7594377992798,3.341087617436678,35.069179286952185,4.134684727393909,0.0,0.0,1.0,12,5,0,7,0,2,290,1
119,426,150,276,138,1.84,675.1940253072125,3.6926049483238237,42.8366566551207,3.501673839946353,0.0,0.0,1.0,15,5,0,10,0,2,300,1
120,434,152,282,141,1.855263157894737,687.8737253129818,3.6926049483238237,42.8366566551207,3.5483628244789713,0.0,0.0,1.0,9,2,0,7,0,1,304,2
121,444,152,292,146,1.9210526315789473,703.7233503201933,3.6926049483238237,42.8366566551207,3.5483628244789713,0.0,0.0,1.0,3,0,0,3,0,0,304,5
122,462,156,306,153,1.9615384615384615,732.2526753331741,3.6926049483238237,42.8366566551207,3.641740793544207,0.0,0.0,1.0,14,4,0,10,0,3,312,4
123,468,158,310,155,1.9620253164556962,741.762450337501,3.6926049483238237,42.8366566551207,3.6884297780768254,0.0,0.0,1.0,8,2,0,6,0,1,316,1
124,482,162,320,160,1.9753086419753085,763.9519253475972,3.6926049483238237,42.8366566551207,3.7818077471420612,0.0,0.0,1.0,17,4,0,13,0,2,324,3
125,492,166,326,163,1.963855421686747,779.8015503548088,3.6926049483238237,42.8366566551207,3.8751857162072976,0.0,0.0,1.0,10,4,0,6,0,1,332,2
126,506,170,336,168,1.9764705882352942,801.991025364905,3.6926049483238237,42.8366566551207,3.9685636852725334,0.0,0.0,1.0,12,4,0,8,0,3,340,2
127,515,173,342,171,1.976878612716763,816.2556878713954,3.6926049483238237,42.8366566551207,4.0385971620714605,0.0,0.0,1.0,9,3,0,6,0,2,346,1
128,528,176,352,176,2.0,836.8602003807705,3.6926049483238237,42.8366566551207,4.1086306388703875,0.0,0.0,1.0,10,3,0,7,0,2,352,3
129,535,177,358,179,2.022598870056497,847.9549378858185,3.6926049483238237,42.8366566551207,4.131975131136697,0.0,0.0,1.0,19,1,0,18,0,1,354,2
130,537,179,358,179,2.0,851.1248628872609,3.6926049483238237,42.8366566551207,4.1786641156693145,0.0,0.0,1.0,12,2,0,10,0,0,358,0
131,547,183,364,182,1.989071038251366,866.9744878944723,3.6926049483238237,42.8366566551207,4.272042084734551,0.0,0.0,1.0,13,4,0,9,0,2,366,1
132,554,186,368,184,1.978494623655914,878.0692253995205,3.6926049483238237,42.8366566551207,4.342075561533478,0.0,0.0,1.0,16,3,0,13,0,1,372,1
133,569,189,380,190,2.0105820105820107,901.8436629103378,3.6926049483238237,42.8366566551207,4.412109038332405,0.0,0.0,1.0,16,3,0,13,0,2,378,4
134,575,191,384,192,2.0104712041884816,911.3534379146647,3.6926049483238237,42.8366566551207,4.458798022865023,0.0,0.0,1.0,15,2,0,13,0,2,382,0
135,588,194,394,197,2.0309278350515463,931.9579504240398,3.6926049483238237,42.8366566551207,4.5288314996639505,0.0,0.0,1.0,12,3,0,9,0,1,388,4
136,598,196,402,201,2.0510204081632653,947.8075754312514,3.6926049483238237,42.8366566551207,4.575520484196568,0.0,0.0,1.0,14,2,0,12,0,2,392,2
137,608,198,410,205,2.0707070707070705,963.6572004384628,3.6926049483238237,42.8366566551207,4.622209468729186,0.0,0.0,1.0,21,2,0,19,0,1,396,3
138,631,205,426,213,2.078048780487805,1000.1113379550495,4.109878094027708,53.06494922377619,3.8631903544373514,0.0,0.0,1.0,19,7,0,12,0,6,410,2
139,643,207,436,218,2.106280193236715,1019.1308879637033,4.109878094027708,53.06494922377619,3.9008800164318624,0.0,0.0,1.0,13,2,0,11,0,0,414,5
140,649,209,440,220,2.1052631578947367,1028.6406629680303,4.109878094027708,53.06494922377619,3.938569678426373,0.0,0.0,1.0,13,2,0,11,0,1,418,1
141,660,210,450,225,2.142857142857143,1046.075250475963,4.109878094027708,53.06494922377619,3.9574145094236286,0.0,0.0,1.0,15,1,0,14,0,1,420,4
142,672,214,458,229,2.1401869158878504,1065.0948004846168,4.109878094027708,53.06494922377619,4.03279383341265,0.0,0.0,1.0,13,4,0,9,0,1,428,3
143,684,218,466,233,2.1376146788990824,1084.1143504932709,4.109878094027708,53.06494922377619,4.108173157401671,0.0,0.0,1.0,21,4,0,17,0,4,436,0
144,694,220,474,237,2.1545454545454548,1099.9639755004823,4.109878094027708,53.06494922377619,4.145862819396182,0.0,0.0,1.0,12,2,0,10,0,2,440,2
145,704,224,480,240,2.142857142857143,1115.813600507694,4.109878094027708,53.06494922377619,4.221242143385203,0.0,0.0,1.0,21,4,0,17,0,3,448,0
146,708,226,482,241,2.1327433628318584,1122.1534505105785,4.109878094027708,53.06494922377619,4.2589318053797145,0.0,0.0,1.0,18,2,0,16,0,1,452,0
147,737,237,500,250,2.109704641350211,1168.117363031492,4.109878094027708,53.06494922377619,4.466224946349524,0.0,0.0,1.0,24,11,0,13,0,7,474,2
148,758,242,516,258,2.1322314049586777,1201.4015755466362,4.109878094027708,53.06494922377619,4.5604491013358,0.0,0.0,1.0,18,5,0,13,0,3,484,5
149,763,243,520,260,2.139917695473251,1209.3263880502423,4.109878094027708,53.06494922377619,4.579293932333056,0.0,0.0,1.0,15,1,0,14,0,1,486,1
150,779,249,530,265,2.1285140562248994,1234.6857880617806,4.109878094027708,53.06494922377619,4.692362918316588,0.0,0.0,1.0,25,6,0,19,0,4,498,1
151,795,253,542,271,2.142292490118577,1260.045188073319,4.109878094027708,53.06494922377619,4.7677422423056095,0.0,0.0,1.0,24,4,0,20,0,3,500,3
152,806,256,550,275,2.1484375,1277.479775581252,4.109878094027708,53.06494922377619,4.824276735297375,0.0,0.0,1.0,19,3,0,16,0,1,500,3
153,818,258,560,280,2.1705426356589146,1296.4993255899058,4.109878094027708,53.06494922377619,4.861966397291886,0.0,0.0,1.0,25,2,0,23,0,1,500,4
154,826,260,566,283,2.1769230769230767,1309.1790255956748,4.109878094027708,53.06494922377619,4.899656059286397,0.0,0.0,1.0,25,2,0,23,0,1,500,2
155,841,265,576,288,2.1735849056603773,1332.9534631064923,4.109878094027708,53.06494922377619,4.993880214272674,0.0,0.0,1.0,22,5,0,17,0,4,500,1
156,851,269,582,291,2.163568773234201,1348.8030881137038,4.1546757587058885,54.22806959257223,4.96053062594811,0.0,0.0,1.0,25,4,0,21,0,2,500,1
157,862,272,590,295,2.1691176470588234,1366.2376756216365,4.1546757587058885,54.22806959257223,5.015852528839725,0.0,0.0,1.0,21,3,0,18,0,3,500,1
158,880,278,602,301,2.1654676258992804,1394.7670006346173,4.1546757587058885,54.22806959257223,5.126496334622954,0.0,0.0,1.0,27,6,0,21,0,2,500,4
159,903,285,618,309,2.168421052631579,1431.221138151204,4.1546757587058885,54.22806959257223,5.255580774703388,0.0,0.0,1.0,27,7,0,20,0,5,500,3
160,919,289,630,315,2.179930795847751,1456.5805381627424,4.60673857679107,66.6710059474606,4.334717856630864,0.0,0.0,1.0,15,4,0,11,0,1,500,5
161,936,294,642,321,2.183673469387755,1483.524900675002,4.60673857679107,66.6710059474606,4.409712975257696,0.0,0.0,1.0,31,5,0,26,0,3,500,3
162,948,296,652,326,2.2027027027027026,1502.544450683656,4.60673857679107,66.6710059474606,4.439711022708428,0.0,0.0,1.0,22,2,0,20,0,2,500,3
163,957,301,656,328,2.179401993355482,1516.8091131901465,4.60673857679107,66.6710059474606,4.514706141335259,0.0,0.0,1.0,34,5,0,29,0,2,500,0
164,967,305,662,331,2.1704918032786886,1532.658738197358,4.60673857679107,66.6710059474606,4.574702236236725,0.0,0.0,1.0,22,4,0,18,0,2,500,1
165,981,309,672,336,2.174757281553398,1554.8482132074541,4.60673857679107,66.6710059474606,4.63469833113819,0.0,0.0,1.0,17,4,0,13,0,4,500,1
166,997,313,684,342,2.1853035143769968,1580.2076132189925,4.60673857679107,66.6710059474606,4.694694426039655,0.0,0.0,1.0,27,4,0,23,0,3,500,3
167,1014,316,698,349,2.2088607594936707,1607.1519757312522,4.60673857679107,66.6710059474606,4.7396914972157544,0.0,0.0,1.0,30,3,0,27,0,3,500,4
168,1035,321,714,357,2.2242990654205608,1640.4361882463966,4.60673857679107,66.6710059474606,4.814686615842586,0.0,0.0,1.0,25,5,0,20,0,4,500,4
169,1044,324,720,360,2.2222222222222223,1654.700850752887,4.60673857679107,66.6710059474606,4.859683687018685,0.0,0.0,1.0,19,3,0,16,0,0,500,3
170,1051,327,724,362,2.214067278287462,1665.7955882579352,4.60673857679107,66.6710059474606,4.904680758194784,0.0,0.0,1.0,29,3,0,26,0,2,500,0
171,1062,332,730,365,2.1987951807228914,1683.230175765868,4.60673857679107,66.6710059474606,4.979675876821616,0.0,0.0,1.0,23,5,0,18,0,1,500,2
172,1075,335,740,370,2.208955223880597,1703.8346882752428,4.60673857679107,66.6710059474606,5.024672947997715,0.0,0.0,1.0,31,3,0,28,0,2,500,3
173,1083,337,746,373,2.2136498516320473,1716.514388281012,4.60673857679107,66.6710059474606,5.054670995448447,0.0,0.0,1.0,30,2,0,28,0,1,500,2
174,1088,338,750,375,2.2189349112426036,1724.439200784618,4.60673857679107,66.6710059474606,5.069670019173813,0.0,0.0,1.0,31,1,0,30,0,0,500,2
175,1114,346,768,384,2.2196531791907512,1765.648225803368,4.7785794077549335,71.73770639041594,4.823126043603551,0.0,0.0,1.0,30,8,0,22,0,7,500,2
176,1130,354,776,388,2.1920903954802258,1791.0076258149065,4.7785794077549335,71.73770639041594,4.934643408773575,0.0,0.0,1.0,45,8,0,37,0,4,500,0
177,1151,361,790,395,2.188365650969529,1824.2918383300507,4.7785794077549335,71.73770639041594,5.0322211032973465,0.0,0.0,1.0,27,7,0,20,0,5,500,2
178,1170,368,802,401,2.1793478260869565,1854.4061258437528,4.7785794077549335,71.73770639041594,5.129798797821118,0.0,0.0,1.0,30,7,0,23,0,5,500,1
179,1182,372,810,405,2.1774193548387095,1873.4256758524066,4.7785794077549335,71.73770639041594,5.18555748040613,0.0,0.0,1.0,23,4,0,19,0,2,500,2
180,1193,377,816,408,2.1644562334217508,1890.860263360339,4.7785794077549335,71.73770639041594,5.255255833637396,0.0,0.0,1.0,24,5,0,19,0,2,500,1
181,1206,382,824,412,2.157068062827225,1911.4647758697142,4.7785794077549335,71.73770639041594,5.32495418686866,0.0,0.0,1.0,34,5,0,29,0,3,500,1
182,1223,389,834,417,2.1439588688946016,1938.409138381974,4.7785794077549335,71.73770639041594,5.422531881392431,0.0,0.0,1.0,36,7,0,29,0,5,500,0
183,1242,400,842,421,2.105,1968.5234258956757,4.7785794077549335,71.73770639041594,5.575868258501215,0.0,0.0,1.0,33,11,0,22,0,4,500,0
184,1246,402,844,422,2.099502487562189,1974.8632758985605,4.7785794077549335,71.73770639041594,5.603747599793721,0.0,0.0,1.0,36,2,0,34,0,1,500,0
185,1259,407,852,426,2.0933660933660936,1995.4677884079356,4.7785794077549335,71.73770639041594,5.673445953024986,0.0,0.0,1.0,33,5,0,28,0,3,500,1
186,1283,415,868,434,2.091566265060241,2033.5068884252432,4.7785794077549335,71.73770639041594,5.784963318195011,0.0,0.0,1.0,31,8,0,23,0,8,500,0
187,1305,423,882,441,2.0851063829787235,2068.3760634411087,4.7785794077549335,71.73770639041594,5.896480683365035,0.0,0.0,1.0,41,8,0,33,0,6,500,1
188,1316,428,888,444,2.074766355140187,2085.8106509490412,4.7785794077549335,71.73770639041594,5.9661790365963006,0.0,0.0,1.0,38,5,0,33,0,3,500,0
189,1327,431,896,448,2.0788863109048723,2103.245238456974,4.7785794077549335,71.73770639041594,6.007998048535059,0.0,0.0,1.0,29,3,0,26,0,3,500,1
190,1332,434,898,449,2.0691244239631335,2111.17005096058,4.983376631580824,78.01844595504262,5.562787039491767,0.0,0.0,1.0,37,3,0,34,0,1,500,0
191,1341,437,904,452,2.068649885583524,2125.43471346707,4.983376631580824,78.01844595504262,5.6012394844652125,0.0,0.0,1.0,36,3,0,33,0,1,500,2
192,1363,443,920,460,2.0767494356659144,2160.3038884829357,4.983376631580824,78.01844595504262,5.678144374412104,0.0,0.0,1.0,27,6,0,21,0,6,500,2
193,1371,447,924,462,2.0671140939597317,2172.983588488705,4.983376631580824,78.01844595504262,5.729414301043364,0.0,0.0,1.0,29,4,0,25,0,2,500,0
194,1387,451,936,468,2.0753880266075386,2198.3429885002433,4.983376631580824,78.01844595504262,5.780684227674625,0.0,0.0,1.0,40,4,0,36,0,4,500,2
195,1404,456,948,474,2.0789473684210527,2225.287351012503,4.983376631580824,78.01844595504262,5.8447716359637,0.0,0.0,1.0,34,5,0,29,0,4,500,2
196,1416,460,956,478,2.0782608695652174,2244.306901021157,4.983376631580824,78.01844595504262,5.896041562594961,0.0,0.0,1.0,31,4,0,27,0,2,500,2
197,1436,468,968,484,2.0683760683760686,2276.00615103558,4.983376631580824,78.01844595504262,5.9985814158574815,0.0,0.0,1.0,41,8,0,33,0,5,500,1
198,1462,478,984,492,2.0585774058577404,2317.21517605433,4.983376631580824,78.01844595504262,6.126756232435633,0.0,0.0,1.0,39,10,0,29,0,8,500,0
199,1484,486,998,499,2.0534979423868314,2352.0843510701957,4.983376631580824,78.01844595504262,6.229296085698154,0.0,0.0,1.0,45,8,0,37,0,5,500,2
200,1504,492,1012,506,2.0569105691056913,2383.7836010846186,4.983376631580824,78.01844595504262,6.306200975645045,0.0,0.0,1.0,38,6,0,32,0,4,500,3
201,1517,499,1018,509,2.0400801603206413,2404.3881135939937,4.983376631580824,78.01844595504262,6.3959233472497505,0.0,0.0,1.0,42,7,0,35,0,3,500,0
202,1533,505,1028,514,2.0356435643564357,2429.7475136055323,4.983376631580824,78.01844595504262,6.472828237196642,0.0,0.0,1.0,37,6,0,31,0,4,500,1
203,1546,510,1036,518,2.0313725490196077,2450.3520261149074,4.983376631580824,78.01844595504262,6.536915645485718,0.0,0.0,1.0,42,5,0,37,0,2,500,2
204,1552,512,1040,520,2.03125,2459.8618011192343,4.983376631580824,78.01844595504262,6.562550608801348,0.0,0.0,1.0,35,2,0,33,0,1,500,1
205,1572,518,1054,527,2.034749034749035,2491.561051133657,4.983376631580824,78.01844595504262,6.639455498748238,0.0,0.0,1.0,43,6,0,37,0,4,500,3
206,1596,524,1072,536,2.045801526717557,2529.600151150965,4.983376631580824,78.01844595504262,6.716360388695129,0.0,0.0,1.0,41,6,0,35,0,6,500,3
207,1614,530,1084,542,2.0452830188679245,2558.129476163946,4.983376631580824,78.01844595504262,6.79326527864202,0.0,0.0,1.0,39,6,0,33,0,4,500,2
208,1629,537,1092,546,2.0335195530726256,2581.9039136747633,4.983376631580824,78.01844595504262,6.882987650246726,0.0,0.0,1.0,50,7,0,43,0,4,500,0
209,1651,547,1104,552,2.0182815356489945,2616.773088690629,5.003662926990624,78.65493273584451,6.9544271538194575,0.0,0.0,1.0,43,10,0,33,0,5,500,1
210,1658,550,1108,554,2.0145454545454546,2627.867826195677,5.003662926990624,78.65493273584451,6.992568436198723,0.0,0.0,1.0,34,3,0,31,0,1,500,1
211,1682,558,1124,562,2.014336917562724,2665.906926212984,5.003662926990624,78.65493273584451,7.094278522543432,0.0,0.0,1.0,46,8,0,38,0,6,500,2
212,1705,567,1138,569,2.0070546737213406,2702.361063729571,5.003662926990624,78.65493273584451,7.208702369681229,0.0,0.0,1.0,38,9,0,29,0,6,500,1
213,1725,573,1152,576,2.0104712041884816,2734.0603137439944,5.003662926990624,78.65493273584451,7.284984934439761,0.0,0.0,1.0,40,6,0,34,0,5,500,2
214,1748,582,1166,583,2.0034364261168385,2770.5144512605807,5.003662926990624,78.65493273584451,7.3994087815775575,0.0,0.0,1.0,38,9,0,29,0,7,500,0
215,1758,584,1174,587,2.01027397260274,2786.3640762677924,5.474074356592149,94.13936343842556,6.2035686100849965,0.0,0.0,1.0,38,2,0,36,0,1,500,3
216,1783,593,1190,595,2.0067453625632377,2825.9881387858213,5.474074356592149,94.13936343842556,6.29917155099384,0.0,0.0,1.0,38,9,0,29,0,6,500,2
217,1817,603,1214,607,2.013266998341625,2879.8768638103406,5.474074356592149,94.13936343842556,6.405397040892557,0.0,0.0,1.0,41,10,0,31,0,7,500,5
218,1829,609,1220,610,2.0032840722495897,2898.8964138189945,5.474074356592149,94.13936343842556,6.4691323348317855,0.0,0.0,1.0,52,6,0,46,0,3,500,0
219,1856,618,1238,619,2.0032362459546924,2941.6904013384656,5.474074356592149,94.13936343842556,6.56473527574063,0.0,0.0,1.0,61,9,0,52,0,7,500,2
220,1869,623,1246,623,2.0,2962.2949138478407,5.474074356592149,94.13936343842556,6.617848020689988,0.0,0.0,1.0,46,5,0,41,0,4,500,0
221,1893,633,1260,630,1.990521327014218,3000.3340138651483,5.474074356592149,94.13936343842556,6.7240735105887035,0.0,0.0,1.0,63,10,0,53,0,6,500,1
222,1900,636,1264,632,1.9874213836477987,3011.4287513701966,5.474074356592149,94.13936343842556,6.755941157558318,0.0,0.0,1.0,48,3,0,45,0,2,500,0
223,1925,645,1280,640,1.9844961240310077,3051.0528138882255,5.474074356592149,94.13936343842556,6.851544098467162,0.0,0.0,1.0,56,9,0,47,0,8,500,0
224,1940,650,1290,645,1.9846153846153847,3074.8272513990432,5.474074356592149,94.13936343842556,6.90465684341652,0.0,0.0,1.0,43,5,0,38,0,3,500,2
225,1957,657,1300,650,1.97869101978691,3101.7716139113027,5.474074356592149,94.13936343842556,6.9790146863456215,0.0,0.0,1.0,39,7,0,32,0,5,500,0
226,1966,662,1304,652,1.9697885196374623,3116.0362764177926,5.474074356592149,94.13936343842556,7.032127431294979,0.0,0.0,1.0,54,5,0,49,0,2,500,0
227,1985,669,1316,658,1.9671150971599403,3146.1505639314946,5.474074356592149,94.13936343842556,7.10648527422408,0.0,0.0,1.0,52,7,0,45,0,6,500,0
228,2018,680,1338,669,1.9676470588235293,3198.454326455293,5.474074356592149,94.13936343842556,7.223333313112668,0.0,0.0,1.0,65,11,0,54,0,11,500,0
229,2036,686,1350,675,1.967930029154519,3226.983651468274,5.474074356592149,94.13936343842556,7.287068607051896,0.0,0.0,1.0,52,6,0,46,0,4,500,2
230,2042,688,1354,677,1.9680232558139534,3236.4934264726007,5.474074356592149,94.13936343842556,7.308313705031639,0.0,0.0,1.0,63,2,0,61,0,2,500,0
231,2066,696,1370,685,1.9683908045977012,3274.5325264899084,5.474074356592149,94.13936343842556,7.393294096950612,0.0,0.0,1.0,59,8,0,51,0,5,500,3
232,2101,707,1394,697,1.9717114568599716,3330.006214015149,5.474074356592149,94.13936343842556,7.5101421358391995,0.0,0.0,1.0,56,11,0,45,0,8,500,4
233,2110,710,1400,700,1.971830985915493,3344.2708765216394,5.474074356592149,94.13936343842556,7.542009782808814,0.0,0.0,1.0,47,3,0,44,0,2,500,1
234,2126,716,1410,705,1.9692737430167597,3369.630276533178,5.474074356592149,94.13936343842556,7.605745076748043,0.0,0.0,1.0,47,6,0,41,0,4,500,1
235,2145,721,1424,712,1.9750346740638003,3399.7445640468795,5.474074356592149,94.13936343842556,7.658857821697402,0.0,0.0,1.0,59,5,0,54,0,4,500,3
236,2160,726,1434,717,1.975206611570248,3423.5190015576973,5.474074356592149,94.13936343842556,7.71197056664676,0.0,0.0,1.0,62,5,0,57,0,4,500,1
237,2173,731,1442,721,1.972640218878249,3444.123514067072,5.474074356592149,94.13936343842556,7.7650833115961175,0.0,0.0,1.0,52,5,0,47,0,4,500,0
238,2178,734,1444,722,1.9673024523160763,3452.048326570678,5.474074356592149,94.13936343842556,7.7969509585657315,0.0,0.0,1.0,48,3,0,45,0,1,500,0
239,2201,741,1460,730,1.9703103913630229,3488.502464087265,5.474074356592149,94.13936343842556,7.871308801494833,0.0,0.0,1.0,50,7,0,43,0,7,500,1
240,2219,747,1472,736,1.9705488621151273,3517.0317891002455,5.474074356592149,94.13936343842556,7.935044095434062,0.0,0.0,1.0,61,6,0,55,0,5,500,1
241,2229,753,1476,738,1.9601593625498008,3532.8814141074567,5.474074356592149,94.13936343842556,7.998779389373292,0.0,0.0,1.0,58,6,0,52,0,2,500,0
242,2243,757,1486,743,1.9630118890356671,3555.0708891175527,5.474074356592149,94.13936343842556,8.041269585332778,0.0,0.0,1.0,58,4,0,54,0,4,500,1
243,2265,765,1500,750,1.9607843137254901,3589.9400641334187,5.474074356592149,94.13936343842556,8.126249977251751,0.0,0.0,1.0,51,8,0,43,0,6,500,1
244,2295,775,1520,760,1.961290322580645,3637.4889391550532,5.474074356592149,94.13936343842556,8.232475467150467,0.0,0.0,1.0,56,10,0,46,0,8,500,2
245,2311,781,1530,765,1.9590268886043534,3662.848339166592,5.474074356592149,94.13936343842556,8.296210761089696,0.0,0.0,1.0,62,6,0,56,0,5,500,0
246,2329,787,1542,771,1.9593392630241424,3691.3776641795725,5.474074356592149,94.13936343842556,8.359946055028924,0.0,0.0,1.0,65,6,0,59,0,5,500,1
247,2359,797,1562,781,1.959849435382685,3738.9265392012076,5.474074356592149,94.13936343842556,8.46617154492764,0.0,0.0,1.0,65,10,0,55,0,10,500,0
248,2377,805,1572,786,1.9527950310559006,3767.455864214188,5.474074356592149,94.13936343842556,8.551151936846614,0.0,0.0,1.0,58,8,0,50,0,5,500,0
249,2396,812,1584,792,1.9507389162561577,3797.5701517278894,5.474074356592149,94.13936343842556,8.625509779775713,0.0,0.0,1.0,77,7,0,70,0,6,500,0
250,2414,820,1594,797,1.9439024390243902,3826.0994767408706,5.474074356592149,94.13936343842556,8.710490171694687,0.0,0.0,1.0,53,8,0,45,0,5,500,0
251,2430,826,1604,802,1.9418886198547216,3851.458876752409,5.474074356592149,94.13936343842556,8.774225465633917,0.0,0.0,1.0,62,6,0,56,0,4,500,1
252,2449,833,1616,808,1.9399759903961584,3881.5731642661112,5.474074356592149,94.13936343842556,8.848583308563017,0.0,0.0,1.0,58,7,0,51,0,5,500,1
253,2466,838,1628,814,1.9427207637231503,3908.5175267783707,5.481018205905466,94.37834599997723,8.879155394397378,0.0,0.0,1.0,71,5,0,66,0,5,500,1
254,2487,845,1642,821,1.9431952662721894,3941.8017392935153,5.481018205905466,94.37834599997723,8.953324950197834,0.0,0.0,1.0,66,7,0,59,0,7,500,0
255,2510,854,1656,828,1.9391100702576112,3978.2558768101017,5.481018205905466,94.37834599997723,9.048685807655561,0.0,0.0,1.0,72,9,0,63,0,5,500,2
256,2524,858,1666,833,1.9417249417249418,4000.445351820198,5.481018205905466,94.37834599997723,9.091068410970108,0.0,0.0,1.0,71,4,0,67,0,3,500,2
257,2544,866,1678,839,1.9376443418013858,4032.144601834621,5.760464345524046,104.2473102984118,8.307168765515799,0.0,0.0,1.0,60,8,0,52,0,6,500,0
258,2569,875,1694,847,1.936,4071.7686643526504,5.760464345524046,104.2473102984118,8.393501928205916,0.0,0.0,1.0,79,9,0,70,0,6,500,2
259,2585,885,1700,850,1.92090395480226,4097.1280643641885,5.760464345524046,104.2473102984118,8.48942766452827,0.0,0.0,1.0,81,10,0,71,0,3,500,0
260,2594,888,1706,853,1.9211711711711712,4111.392726870679,5.760464345524046,104.2473102984118,8.518205385424976,0.0,0.0,1.0,56,3,0,53,0,2,500,1
261,2605,893,1712,856,1.9171332586786114,4128.827314378612,5.760464345524046,104.2473102984118,8.566168253586152,0.0,0.0,1.0,48,5,0,43,0,3,500,0
262,2628,902,1726,863,1.9135254988913526,4165.281451895198,5.760464345524046,104.2473102984118,8.652501416276271,0.0,0.0,1.0,71,9,0,62,0,5,500,2
263,2651,909,1742,871,1.9163916391639164,4201.7355894117845,5.760464345524046,104.2473102984118,8.719649431701917,0.0,0.0,1.0,70,7,0,63,0,5,500,3
264,2681,919,1762,881,1.9173014145810663,4249.28446443342,5.760464345524046,104.2473102984118,8.81557516802427,0.0,0.0,1.0,74,10,0,64,0,9,500,1
265,2710,930,1780,890,1.913978494623656,4295.248376954333,5.760464345524046,104.2473102984118,8.92109347797886,0.0,0.0,1.0,83,11,0,72,0,8,500,1
266,2743,943,1800,900,1.9088016967126193,4347.552139478131,5.760464345524046,104.2473102984118,9.04579693519792,0.0,0.0,1.0,69,13,0,56,0,10,500,0
267,2759,949,1810,905,1.9072708113804004,4372.91153948967,5.760464345524046,104.2473102984118,9.103352376991332,0.0,0.0,1.0,68,6,0,62,0,5,500,0
268,2774,954,1820,910,1.9077568134171907,4396.685977000487,5.760464345524046,104.2473102984118,9.151315245152508,0.0,0.0,1.0,62,5,0,57,0,4,500,1
269,2794,960,1834,917,1.9104166666666667,4428.38522701491,5.760464345524046,104.2473102984118,9.20887068694592,0.0,0.0,1.0,61,6,0,55,0,5,500,2
270,2820,970,1850,925,1.907216494845361,4469.59425203366,5.868645115883748,108.19957843313762,8.964914781062808,0.0,0.0,1.0,68,10,0,58,0,8,500,0
271,2830,976,1854,927,1.8995901639344261,4485.4438770408715,5.868645115883748,108.19957843313762,9.020367862182784,0.0,0.0,1.0,75,6,0,69,0,1,500,1
272,2854,984,1870,935,1.9004065040650406,4523.48297705818,5.868645115883748,108.19957843313762,9.094305303676085,0.0,0.0,1.0,63,8,0,55,0,6,500,2
273,2866,988,1878,939,1.9008097165991902,4542.502527066833,5.868645115883748,108.19957843313762,9.131274024422735,0.0,0.0,1.0,60,4,0,56,0,3,500,1
274,2885,995,1890,945,1.899497487437186,4572.616814580535,5.868645115883748,108.19957843313762,9.195969285729374,0.0,0.0,1.0,69,7,0,62,0,5,500,1
275,2897,999,1898,949,1.8998998998999,4591.636364589189,5.868645115883748,108.19957843313762,9.232938006476026,0.0,0.0,1.0,57,4,0,53,0,2,500,2
276,2913,1007,1906,953,1.8927507447864946,4616.995764600728,5.868645115883748,108.19957843313762,9.306875447969327,0.0,0.0,1.0,88,8,0,80,0,4,500,0
277,2934,1016,1918,959,1.8877952755905512,4650.279977115872,5.868645115883748,108.19957843313762,9.390055069649291,0.0,0.0,1.0,80,9,0,71,0,6,500,0
278,2966,1028,1938,969,1.8852140077821011,4700.998777138949,5.868645115883748,108.19957843313762,9.500961231889244,0.0,0.0,1.0,84,12,0,72,0,8,500,2
279,2981,1033,1948,974,1.8857696030977735,4724.773214649766,5.868645115883748,108.19957843313762,9.547172132822556,0.0,0.0,1.0,74,5,0,69,0,4,500,1
280,3010,1042,1968,984,1.888675623800384,4770.73712717068,5.868645115883748,108.19957843313762,9.630351754502522,0.0,0.0,1.0,73,9,0,64,0,9,500,1
281,3027,1049,1978,989,1.8856053384175404,4797.68148968294,5.868645115883748,108.19957843313762,9.69504701580916,0.0,0.0,1.0,69,7,0,62,0,5,500,0
282,3048,1058,1990,995,1.8809073724007561,4830.965702198084,5.868645115883748,108.19957843313762,9.778226637489125,0.0,0.0,1.0,94,9,0,85,0,6,500,0
283,3066,1064,2002,1001,1.881578947368421,4859.495027211065,5.868645115883748,108.19957843313762,9.833679718609101,0.0,0.0,1.0,78,6,0,72,0,6,500,0
284,3088,1072,2016,1008,1.8805970149253732,4894.36420222693,6.029383573496017,114.20778258628536,9.386400608820953,0.0,0.0,1.0,84,8,0,76,0,6,500,1
285,3102,1078,2024,1012,1.8775510204081634,4916.553677237026,6.029383573496017,114.20778258628536,9.438936433124056,0.0,0.0,1.0,76,6,0,70,0,4,500,0
286,3148,1096,2052,1026,1.8722627737226278,4989.4619522702,6.029383573496017,114.20778258628536,9.596543906033363,0.0,0.0,1.0,82,18,0,64,0,13,500,1
287,3179,1107,2072,1036,1.871725383920506,5038.595789792555,6.029383573496017,114.20778258628536,9.692859583922385,0.0,0.0,1.0,88,11,0,77,0,8,500,2
288,3195,1113,2082,1041,1.8706199460916442,5063.955189804094,6.029383573496017,114.20778258628536,9.745395408225486,0.0,0.0,1.0,84,6,0,78,0,3,500,2
289,3216,1122,2094,1047,1.8663101604278074,5097.239402319237,6.029383573496017,114.20778258628536,9.82419914468014,0.0,0.0,1.0,71,9,0,62,0,6,500,0
290,3224,1124,2100,1050,1.8683274021352314,5109.919102325007,6.029383573496017,114.20778258628536,9.841711086114508,0.0,0.0,1.0,83,2,0,81,0,2,500,1
291,3252,1136,2116,1058,1.8626760563380282,5154.2980523452,6.029383573496017,114.20778258628536,9.946782734720712,0.0,0.0,1.0,93,12,0,81,0,8,500,0
292,3274,1148,2126,1063,1.8519163763066202,5189.167227361066,6.198466119866525,120.70307554616473,9.510942408099037,0.0,0.0,1.0,76,12,0,64,0,5,500,0
293,3313,1163,2150,1075,1.8486672398968185,5250.98076488919,6.198466119866525,120.70307554616473,9.635214303675244,0.0,0.0,1.0,96,15,0,81,0,11,500,1
294,3327,1169,2158,1079,1.8460222412318221,5273.170239899286,6.198466119866525,120.70307554616473,9.684923061905728,0.0,0.0,1.0,87,6,0,81,0,3,500,1
295,3359,1181,2178,1089,1.8441998306519898,5323.889039922364,6.198466119866525,120.70307554616473,9.784340578366693,0.0,0.0,1.0,105,12,0,93,0,10,500,0
296,3373,1187,2186,1093,1.8416175231676495,5346.078514932459,6.198466119866525,120.70307554616473,9.834049336597175,0.0,0.0,1.0,97,6,0,91,0,4,500,0
297,3398,1196,2202,1101,1.8411371237458194,5385.702577450488,6.198466119866525,120.70307554616473,9.9086124739429,0.0,0.0,1.0,79,9,0,70,0,8,500,0
298,3418,1202,2216,1108,1.843594009983361,5417.401827464912,6.198466119866525,120.70307554616473,9.958321232173382,0.0,0.0,1.0,104,6,0,98,0,6,500,1
299,3437,1207,2230,1115,1.847555923777962,5447.516114978614,6.198466119866525,120.70307554616473,9.999745197365451,0.0,0.0,1.0,95,5,0,90,0,4,500,3
300,3460,1216,2244,1122,1.8453947368421053,5483.9702524952,6.198466119866525,120.70307554616473,10.074308334711176,0.0,0.0,1.0,104,9,0,95,0,6,500,1
301,3478,1224,2254,1127,1.841503267973856,5512.499577508181,6.198466119866525,120.70307554616473,10.140586679018487,0.0,0.0,1.0,85,8,0,77,0,5,500,0
302,3503,1231,2272,1136,1.8456539398862712,5552.12364002621,6.198466119866525,120.70307554616473,10.198580230287382,0.0,0.0,1.0,82,7,0,75,0,7,500,2
303,3539,1243,2296,1148,1.8471440064360418,5609.182290052171,6.508067370431582,133.0619711686262,9.34151199687833,0.0,0.0,1.0,106,12,0,94,0,9,500,3
304,3561,1253,2308,1154,1.8419792498004788,5644.051465068037,6.508067370431582,133.0619711686262,9.416664949387407,0.0,0.0,1.0,90,10,0,80,0,5,500,1
305,3592,1264,2328,1164,1.8417721518987342,5693.185302590393,6.508067370431582,133.0619711686262,9.499333197147392,0.0,0.0,1.0,96,11,0,85,0,7,500,3
306,3604,1268,2336,1168,1.8422712933753944,5712.204852599047,6.508067370431582,133.0619711686262,9.529394378151023,0.0,0.0,1.0,97,4,0,93,0,2,500,2
307,3630,1278,2352,1176,1.84037558685446,5753.413877617796,6.508067370431582,133.0619711686262,9.6045473306601,0.0,0.0,1.0,101,10,0,91,0,8,500,0
308,3641,1283,2358,1179,1.837879968823071,5770.8484651257295,6.508067370431582,133.0619711686262,9.64212380691464,0.0,0.0,1.0,92,5,0,87,0,3,500,0
309,3663,1293,2370,1185,1.8329466357308584,5805.7176401415945,6.508067370431582,133.0619711686262,9.717276759423717,0.0,0.0,1.0,105,10,0,95,0,6,500,0
310,3678,1300,2378,1189,1.8292307692307692,5829.492077652412,6.508067370431582,133.0619711686262,9.76988382618007,0.0,0.0,1.0,83,7,0,76,0,4,500,0
311,3703,1309,2394,1197,1.8288770053475936,5869.116140170441,6.508067370431582,133.0619711686262,9.837521483438241,0.0,0.0,1.0,96,9,0,87,0,8,500,0
312,3711,1311,2400,1200,1.8306636155606408,5881.79584017621,6.508067370431582,133.0619711686262,9.852552073940055,0.0,0.0,1.0,79,2,0,77,0,1,500,2
313,3731,1319,2412,1206,1.828658074298711,5913.495090190633,6.508067370431582,133.0619711686262,9.912674435947318,0.0,0.0,1.0,99,8,0,91,0,6,500,0
314,3754,1328,2426,1213,1.8268072289156627,5949.9492277072195,6.508067370431582,133.0619711686262,9.980312093205487,0.0,0.0,1.0,89,9,0,80,0,6,500,1
315,3798,1344,2454,1227,1.8258928571428572,6019.6875777389505,6.508067370431582,133.0619711686262,10.100556817220012,0.0,0.0,1.0,115,16,0,99,0,14,500,0
316,3828,1356,2472,1236,1.823008849557522,6067.236452760586,6.508067370431582,133.0619711686262,10.190740360230905,0.0,0.0,1.0,108,12,0,96,0,8,500,1
317,3853,1367,2486,1243,1.8185808339429408,6106.860515278615,6.508067370431582,133.0619711686262,10.27340860799089,0.0,0.0,1.0,112,11,0,101,0,6,500,1
318,3883,1375,2508,1254,1.824,6154.409390300249,6.508067370431582,133.0619711686262,10.333530969998153,0.0,0.0,1.0,110,8,0,102,0,8,500,3
319,3921,1389,2532,1266,1.8228941684665227,6214.637965327653,6.508067370431582,133.0619711686262,10.43874510351086,0.0,0.0,1.0,108,14,0,94,0,7,500,5
320,3941,1399,2542,1271,1.817012151536812,6246.337215342076,6.508067370431582,133.0619711686262,10.513898056019938,0.0,0.0,1.0,104,10,0,94,0,5,500,0
321,3969,1409,2560,1280,1.8168914123491837,6290.716165362268,6.508067370431582,133.0619711686262,10.589051008529015,0.0,0.0,1.0,116,10,0,106,0,9,500,0
322,4001,1421,2580,1290,1.8156228008444757,6341.434965385346,6.508067370431582,133.0619711686262,10.679234551539908,0.0,0.0,1.0,103,12,0,91,0,7,500,3
323,4029,1431,2598,1299,1.8155136268343814,6385.813915405538,6.508067370431582,133.0619711686262,10.754387504048985,0.0,0.0,1.0,91,10,0,81,0,8,500,1
324,4060,1444,2616,1308,1.811634349030471,6434.947752927894,6.508067370431582,133.0619711686262,10.852086342310786,0.0,0.0,1.0,116,13,0,103,0,9,500,0
325,4082,1454,2628,1314,1.8074277854195324,6469.816927943759,6.508067370431582,133.0619711686262,10.927239294819863,0.0,0.0,1.0,96,10,0,86,0,6,500,0
326,4108,1466,2642,1321,1.8021828103683493,6511.025952962509,6.508067370431582,133.0619711686262,11.017422837830757,0.0,0.0,1.0,107,12,0,95,0,7,500,0
327,4143,1479,2664,1332,1.8012170385395538,6566.499640487749,6.541452919544059,134.430654390371,11.001954923950278,0.0,0.0,1.0,116,13,0,103,0,11,500,0
328,4154,1484,2670,1335,1.7991913746630728,6583.934227995682,6.541452919544059,134.430654390371,11.039148821597168,0.0,0.0,1.0,102,5,0,97,0,3,500,0
329,4169,1491,2678,1339,1.796109993293092,6607.7086655064995,6.541452919544059,134.430654390371,11.091220278302815,0.0,0.0,1.0,102,7,0,95,0,4,500,0
330,4200,1504,2696,1348,1.7925531914893618,6656.842503028855,6.592920209204614,136.55434145027212,11.013930308086906,0.0,0.0,1.0,108,13,0,95,0,9,500,0
331,4228,1514,2714,1357,1.7926023778071334,6701.221453049047,6.592920209204614,136.55434145027212,11.087161227688547,0.0,0.0,1.0,92,10,0,82,0,7,500,2
332,4244,1520,2724,1362,1.7921052631578946,6726.580853060586,6.592920209204614,136.55434145027212,11.131099779449531,0.0,0.0,1.0,94,6,0,88,0,4,500,1
333,4268,1528,2740,1370,1.793193717277487,6764.619953077894,6.592920209204614,136.55434145027212,11.189684515130844,0.0,0.0,1.0,104,8,0,96,0,7,500,1
334,4301,1541,2760,1380,1.791044776119403,6816.9237156016925,6.592920209204614,136.55434145027212,11.284884710612978,0.0,0.0,1.0,101,13,0,88,0,9,500,1
335,4332,1552,2780,1390,1.791237113402062,6866.057553124048,6.868693570407147,148.21704700969156,10.471130219579388,0.0,0.0,1.0,101,11,0,90,0,7,500,3
336,4368,1566,2802,1401,1.789272030651341,6923.11620315001,7.025119324245247,155.04482789261593,10.100304675010584,0.0,0.0,1.0,133,14,0,119,0,9,500,2
337,4407,1581,2826,1413,1.7874762808349147,6984.929740678135,7.025119324245247,155.04482789261593,10.197050888372754,0.0,0.0,1.0,122,15,0,107,0,9,500,3
338,4424,1588,2836,1418,1.7858942065491183,7011.874103190394,7.025119324245247,155.04482789261593,10.2421991212751,0.0,0.0,1.0,92,7,0,85,0,5,500,0
339,4448,1600,2848,1424,1.78,7049.913203207701,7.025119324245247,155.04482789261593,10.319596091964836,0.0,0.0,1.0,131,12,0,119,0,6,500,0
340,4477,1613,2864,1432,1.7755734655920645,7095.8771157286155,7.025119324245247,155.04482789261593,10.40344281021205,0.0,0.0,1.0,92,13,0,79,0,8,500,0
341,4504,1624,2880,1440,1.7733990147783252,7138.671103248087,7.025119324245247,155.04482789261593,10.474390033344308,0.0,0.0,1.0,114,11,0,103,0,8,500,0
342,4533,1633,2900,1450,1.7758726270667484,7184.635015769001,7.025119324245247,155.04482789261593,10.532437761361612,0.0,0.0,1.0,114,9,0,105,0,9,500,1
343,4560,1644,2916,1458,1.7737226277372262,7227.429003288471,7.025119324245247,155.04482789261593,10.60338498449387,0.0,0.0,1.0,113,11,0,102,0,8,500,0
344,4582,1652,2930,1465,1.7736077481840193,7262.298178304337,7.025119324245247,155.04482789261593,10.654982964953694,0.0,0.0,1.0,104,8,0,96,0,7,500,0
345,4608,1664,2944,1472,1.7692307692307692,7303.507203323087,7.025119324245247,155.04482789261593,10.73237993564343,0.0,0.0,1.0,108,12,0,96,0,7,500,0
346,4636,1676,2960,1480,1.766109785202864,7347.886153343279,7.025119324245247,155.04482789261593,10.809776906333166,0.0,0.0,1.0,111,12,0,99,0,6,500,2
347,4651,1681,2970,1485,1.766805472932778,7371.660590854097,7.1863514979924314,162.24330469861454,10.360982248991103,0.0,0.0,1.0,105,5,0,100,0,3,500,2
348,4673,1691,2982,1491,1.7634535777646363,7406.529765869963,7.1863514979924314,162.24330469861454,10.422618074386648,0.0,0.0,1.0,106,10,0,96,0,6,500,0
349,4716,1704,3012,1506,1.767605633802817,7474.6831534009725,7.1863514979924314,162.24330469861454,10.502744647400856,0.0,0.0,1.0,117,13,0,104,0,9,500,6
350,4755,1721,3034,1517,1.7629285299244626,7536.496690929097,7.1863514979924314,162.24330469861454,10.607525550573282,0.0,0.0,1.0,111,17,0,94,0,11,500,0
351,4800,1740,3060,1530,1.7586206896551724,7607.820003461549,7.2437263722683225,164.8443043518879,10.555414740236808,0.0,0.0,1.0,131,19,0,112,0,13,500,0
352,4836,1752,3084,1542,1.7602739726027397,7664.878653487511,7.2437263722683225,164.8443043518879,10.628210703962578,0.0,0.0,1.0,121,12,0,109,0,10,500,2
353,4864,1766,3098,1549,1.754246885617214,7709.257603507704,7.2437263722683225,164.8443043518879,10.71313932830931,0.0,0.0,1.0,115,14,0,101,0,7,500,0
354,4896,1778,3118,1559,1.7536557930258718,7759.976403530781,7.699915199291945,186.26092575099625,9.545748754502204,0.0,0.0,1.0,134,12,0,122,0,10,500,0
355,4938,1794,3144,1572,1.7525083612040133,7826.544828561068,7.757205141169644,189.04292393684696,9.48990823163165,0.0,0.0,1.0,126,16,0,110,0,13,500,0
356,4965,1803,3162,1581,1.7537437603993344,7869.338816080539,7.757205141169644,189.04292393684696,9.537516466907395,0.0,0.0,1.0,130,9,0,121,0,8,500,1
357,5003,1819,3184,1592,1.7504123144584938,7929.567391107944,7.757205141169644,189.04292393684696,9.62215332961983,0.0,0.0,1.0,121,16,0,105,0,9,500,2
358,5038,1834,3204,1602,1.7470010905125408,7985.041078633185,7.757205141169644,189.04292393684696,9.701500388412736,0.0,0.0,1.0,136,15,0,121,0,10,500,0
359,5065,1843,3222,1611,1.7482365708084644,8027.835066152656,7.757205141169644,189.04292393684696,9.74910862368848,0.0,0.0,1.0,138,9,0,129,0,9,500,0
360,5096,1858,3238,1619,1.742734122712594,8076.9689036750115,7.792724545109638,190.77810169204415,9.739063254750283,0.0,0.0,1.0,124,15,0,109,0,8,500,0
361,5137,1875,3262,1631,1.7397333333333334,8141.9523662045785,7.792724545109638,190.77810169204415,9.82817201434703,0.0,0.0,1.0,138,17,0,121,0,12,500,0
362,5160,1886,3274,1637,1.735949098621421,8178.406503721166,7.792724545109638,190.77810169204415,9.885830623497865,0.0,0.0,1.0,136,11,0,125,0,6,500,0
363,5190,1898,3292,1646,1.7344573234984193,8225.9553787428,7.792724545109638,190.77810169204415,9.948730924389686,0.0,0.0,1.0,141,12,0,129,0,9,500,0
364,5225,1915,3310,1655,1.7284595300261096,8281.42906626804,7.792724545109638,190.77810169204415,10.037839683986434,0.0,0.0,1.0,126,17,0,109,0,9,500,0
365,5274,1934,3340,1670,1.7269906928645296,8359.092228803378,7.792724545109638,190.77810169204415,10.13743182706515,0.0,0.0,1.0,134,19,0,115,0,14,500,1
366,5303,1945,3358,1679,1.726478149100257,8405.05614132429,7.792724545109638,190.77810169204415,10.195090436215985,0.0,0.0,1.0,147,11,0,136,0,8,500,1
367,5342,1958,3384,1692,1.72829417773238,8466.869678852416,7.792724545109638,190.77810169204415,10.263232428848791,0.0,0.0,1.0,145,13,0,132,0,13,500,0
368,5360,1966,3394,1697,1.7263479145473042,8495.399003865397,7.792724545109638,190.77810169204415,10.305165962776671,0.0,0.0,1.0,134,8,0,126,0,5,500,0
369,5376,1972,3404,1702,1.7261663286004056,8520.758403876935,7.792724545109638,190.77810169204415,10.336616113222583,0.0,0.0,1.0,154,6,0,148,0,5,500,0
370,5400,1980,3420,1710,1.7272727272727273,8558.797503894242,7.792724545109638,190.77810169204415,10.378549647150463,0.0,0.0,1.0,137,8,0,129,0,5,500,3
371,5443,1995,3448,1724,1.7283208020050125,8626.950891425253,7.792724545109638,190.77810169204415,10.45717502326524,0.0,0.0,1.0,151,15,0,136,0,13,500,1
372,5470,2004,3466,1733,1.7295409181636727,8669.744878944723,7.792724545109638,190.77810169204415,10.504350248934106,0.0,0.0,1.0,117,9,0,108,0,8,500,1
373,5510,2020,3490,1745,1.7277227722772277,8733.14337897357,7.792724545109638,190.77810169204415,10.588217316789867,0.0,0.0,1.0,121,16,0,105,0,12,500,0
374,5571,2043,3528,1764,1.7268722466960353,8829.82609151756,7.792724545109638,190.77810169204415,10.708776226832523,0.0,0.0,1.0,135,23,0,112,0,18,500,1
375,5615,2061,3554,1777,1.7244056283357594,8899.564441549292,8.149048698140536,208.62372664832301,9.879029739863805,0.0,0.0,1.0,140,18,0,122,0,12,500,1
376,5653,2073,3580,1790,1.7269657501205982,8959.793016576696,8.149048698140536,208.62372664832301,9.936549563676694,0.0,0.0,1.0,139,12,0,127,0,9,500,4
377,5699,2091,3608,1804,1.7254901960784315,9032.701291609868,8.149048698140536,208.62372664832301,10.02282929939603,0.0,0.0,1.0,154,18,0,136,0,14,500,0
378,5737,2107,3630,1815,1.722828666350261,9092.929866637272,8.149048698140536,208.62372664832301,10.099522397813216,0.0,0.0,1.0,156,16,0,140,0,11,500,0
379,5778,2124,3654,1827,1.7203389830508475,9157.91332916684,8.149048698140536,208.62372664832301,10.181008814881476,0.0,0.0,1.0,145,17,0,128,0,12,500,0
380,5829,2143,3686,1843,1.720018665422305,9238.746416703618,8.22217815889012,212.3849010379004,10.090171144593647,0.0,0.0,1.0,158,19,0,139,0,15,500,1
381,5853,2153,3700,1850,1.718532280538783,9276.785516720927,8.22217815889012,212.3849010379004,10.137255470979992,0.0,0.0,1.0,158,10,0,148,0,7,500,0
382,5869,2159,3710,1855,1.7183881426586383,9302.144916732464,8.22217815889012,212.3849010379004,10.1655060668118,0.0,0.0,1.0,134,6,0,128,0,5,500,0
383,5894,2168,3726,1863,1.7186346863468636,9341.768979250493,8.22217815889012,212.3849010379004,10.20788196055951,0.0,0.0,1.0,141,9,0,132,0,7,500,1
384,5938,2186,3752,1876,1.7163769441903018,9411.507329282225,8.22217815889012,212.3849010379004,10.29263374805493,0.0,0.0,1.0,136,18,0,118,0,13,500,0
385,5975,2199,3776,1888,1.7171441564347432,9470.150941808908,8.22217815889012,212.3849010379004,10.353843372357177,0.0,0.0,1.0,174,13,0,161,0,11,500,1
386,6009,2215,3794,1897,1.7128668171557562,9524.039666833427,8.22217815889012,212.3849010379004,10.42917829457533,0.0,0.0,1.0,165,16,0,149,0,9,500,0
387,6048,2228,3820,1910,1.7145421903052065,9585.853204361552,8.22217815889012,212.3849010379004,10.490387918877577,0.0,0.0,1.0,155,13,0,142,0,12,500,1
388,6080,2242,3838,1919,1.7118644067796611,9636.572004384629,8.22217815889012,212.3849010379004,10.556305975818459,0.0,0.0,1.0,159,14,0,145,0,8,500,1
389,6128,2260,3868,1934,1.711504424778761,9712.650204419244,8.22217815889012,212.3849010379004,10.64105776331388,0.0,0.0,1.0,158,18,0,140,0,14,500,1
390,6177,2281,3896,1948,1.7080227970188513,9790.31336695458,8.22217815889012,212.3849010379004,10.739934848725204,0.0,0.0,1.0,155,21,0,134,0,14,500,0
391,6214,2294,3920,1960,1.7088055797733217,9848.956979481263,8.22217815889012,212.3849010379004,10.80114447302745,0.0,0.0,1.0,142,13,0,129,0,11,500,1
392,6237,2303,3934,1967,1.7082066869300911,9885.41111699785,8.22217815889012,212.3849010379004,10.843520366775161,0.0,0.0,1.0,159,9,0,150,0,6,500,1
393,6258,2312,3946,1973,1.7067474048442905,9918.695329512993,8.22217815889012,212.3849010379004,10.885896260522872,0.0,0.0,1.0,169,9,0,160,0,6,500,0
394,6293,2329,3964,1982,1.7020180334907686,9974.169017038235,8.22217815889012,212.3849010379004,10.965939615379657,0.0,0.0,1.0,175,17,0,158,0,9,500,0
395,6330,2342,3988,1994,1.7028181041844577,10032.812629564918,8.22217815889012,212.3849010379004,11.027149239681906,0.0,0.0,1.0,148,13,0,135,0,12,500,0
396,6349,2353,3996,1998,1.698257543561411,10062.92691707862,8.22217815889012,212.3849010379004,11.078941998706885,0.0,0.0,1.0,133,11,0,122,0,4,500,0
397,6380,2366,4014,2007,1.6965342349957735,10112.060754600976,8.22217815889012,212.3849010379004,11.140151623009132,0.0,0.0,1.0,153,13,0,140,0,9,500,0
398,6417,2381,4036,2018,1.6950860982780345,10170.704367127659,8.22217815889012,212.3849010379004,11.210778112588649,0.0,0.0,1.0,169,15,0,154,0,11,500,0
399,6459,2399,4060,2030,1.6923718215923302,10237.272792157946,8.701338338214388,237.86031211221325,10.085751501361207,0.0,0.0,1.0,171,18,0,153,0,11,500,1
400,6502,2418,4084,2042,1.6889991728701406,10305.426179688957,8.701338338214388,237.86031211221325,10.165630316920133,0.0,0.0,1.0,184,19,0,165,0,12,500,0
