seed,label,spatial_dim,energy_gamma,energy_total,energy_cost,bandwidth,no_signaling,spatial_exclusion,exclusion_radius,interaction_rate,spawn_rate,nsteps,max_subsystems,siteN_final,totalN_final,R_final,E_final,modifier_final,fit_type,alpha_site,power_r2,exp_rate,exp_r2,frontier_speed,frontier_r2,fit_t_start,fit_t_end,saturated,sat_t_index
0,v2_dim2,2,0.0,,1.0,4,1,1,0.15,0.08,0.03,500,20000,4121.0,10501.0,10.900317788377723,0.0,1.0,power_law,2.3887546411905904,0.9992811088627114,0.009610068035619037,0.9337196686083935,0.020282465819645403,0.9839956480134804,71,500,0,-1
1,v2_dim2,2,0.0,,1.0,4,1,1,0.15,0.08,0.03,500,20000,3901.0,10059.0,10.10632382544935,0.0,1.0,power_law,2.596854939648857,0.9994598358091651,0.010465735344441774,0.9371917448226361,0.020834455852115186,0.99288767884913,71,500,0,-1
2,v2_dim2,2,0.0,,1.0,4,1,1,0.15,0.08,0.03,500,20000,4338.0,11102.0,10.607903099122622,0.0,1.0,power_law,2.306676910036746,0.9995543912125109,0.009304638295236244,0.9389681869232176,0.02024467406944514,0.9881977982776646,71,500,0,-1
3,v2_dim2,2,0.0,,1.0,4,1,1,0.15,0.08,0.03,500,20000,4398.0,11200.0,10.626914971356019,0.0,1.0,power_law,2.731536890166011,0.9926133763074589,0.010846252491555188,0.9035337854256965,0.02199216944307021,0.975578662686108,71,500,0,-1
4,v2_dim2,2,0.0,,1.0,4,1,1,0.15,0.08,0.03,500,20000,3222.0,8320.0,8.959272374879664,0.0,1.0,power_law,3.0935129061432733,0.9785691080402567,0.012127687909834243,0.8682857129464929,0.018818981206832654,0.9928977314853443,71,500,0,-1
5,v2_dim2,2,0.0,,1.0,4,1,1,0.15,0.08,0.03,500,20000,4275.0,11093.0,10.919137022050203,0.0,1.0,power_law,1.893874684205261,0.9944339103794395,0.00779671715738113,0.9730070790893467,0.02003604851646495,0.9712199369922264,71,500,0,-1
6,v2_dim2,2,0.0,,1.0,4,1,1,0.15,0.08,0.03,500,20000,3948.0,10204.0,11.722247476355912,0.0,1.0,power_law,2.4109497907962107,0.997745876636597,0.009657135270397155,0.9241856737882723,0.022592999801292497,0.986601991880232,71,500,0,-1
7,v2_dim2,2,0.0,,1.0,4,1,1,0.15,0.08,0.03,500,20000,3727.0,9739.0,10.202658612023903,0.0,1.0,power_law,1.986068728128596,0.9993944693889695,0.00805045354391733,0.9479994486373055,0.015445305074645544,0.978244769809193,71,500,0,-1
8,v2_dim2,2,0.0,,1.0,4,1,1,0.15,0.08,0.03,500,20000,4017.0,10433.0,9.04874710589531,0.0,1.0,power_law,2.149231027307801,0.999315962079386,0.008701427497922049,0.9456634984585625,0.01606235826540894,0.992598813348636,71,500,0,-1
9,v2_dim2,2,0.0,,1.0,4,1,1,0.15,0.08,0.03,500,20000,4511.0,11649.0,9.930968488640575,0.0,1.0,power_law,2.0983146076239554,0.9992419881019735,0.008455935701283111,0.9368537590162078,0.017637472994996527,0.9836921269129603,71,500,0,-1
10,v2_dim2,2,0.0,,1.0,4,1,1,0.15,0.08,0.03,500,20000,4341.0,11079.0,11.660689494047354,0.0,1.0,power_law,2.24923632383646,0.9991585734125777,0.009083543560834323,0.9407924896408248,0.02062691607923064,0.9646352651951485,71,500,0,-1
11,v2_dim2,2,0.0,,1.0,4,1,1,0.15,0.08,0.03,500,20000,4144.0,10676.0,10.510542553517421,0.0,1.0,power_law,2.4256602745557223,0.9964787894554353,0.009731156417359844,0.9258827807952481,0.01868965950489416,0.9829355133879353,71,500,0,-1
12,v2_dim2,2,0.0,,1.0,4,1,1,0.15,0.08,0.03,500,20000,4234.0,10762.0,9.936863959878796,0.0,1.0,power_law,2.12954521484003,0.998501637448957,0.008684966271289259,0.9588050566022833,0.019835146482242275,0.9903436947340051,71,500,0,-1
13,v2_dim2,2,0.0,,1.0,4,1,1,0.15,0.08,0.03,500,20000,4397.0,11321.0,10.491515575785042,0.0,1.0,power_law,1.9835179473113598,0.9995664882104512,0.008041608373663803,0.9485151017748766,0.017227653262091535,0.9848305553507161,71,500,0,-1
14,v2_dim2,2,0.0,,1.0,4,1,1,0.15,0.08,0.03,500,20000,4541.0,11625.0,11.313146155854316,0.0,1.0,power_law,2.228551953786047,0.9987390353443796,0.00902159151383972,0.9449129673470689,0.0208984003175138,0.9719090320728008,71,500,0,-1
15,v2_dim2,2,0.0,,1.0,4,1,1,0.15,0.08,0.03,500,20000,4124.0,10616.0,10.798031638838818,0.0,1.0,power_law,2.494859234964073,0.9979297328700941,0.009996722024171399,0.9250007688119268,0.02196365446311842,0.9904154497923406,71,500,0,-1
16,v2_dim2,2,0.0,,1.0,4,1,1,0.15,0.08,0.03,500,20000,4258.0,10958.0,10.904495189617318,0.0,1.0,power_law,2.41831883046459,0.9929363288033077,0.009620980336781921,0.9073021346218381,0.018870364033638367,0.9785881446425903,71,500,0,-1
17,v2_dim2,2,0.0,,1.0,4,1,1,0.15,0.08,0.03,500,20000,4618.0,11716.0,11.512317032041546,0.0,1.0,power_law,2.0536800149599306,0.9997162218587138,0.008316669292428188,0.9465183615284356,0.02208234535906453,0.9862271291042498,71,500,0,-1
18,v2_dim2,2,0.0,,1.0,4,1,1,0.15,0.08,0.03,500,20000,4396.0,11220.0,11.096179815838369,0.0,1.0,power_law,2.1686152701847288,0.9990632905316162,0.008826270813379819,0.9554357091264288,0.022490934805428773,0.9842080782079272,71,500,0,-1
19,v2_dim2,2,0.0,,1.0,4,1,1,0.15,0.08,0.03,500,20000,3574.0,9280.0,8.94316924605212,0.0,1.0,power_law,2.5725351880934184,0.9926991472829985,0.010226937589404555,0.905743456831946,0.01833314067436615,0.9891167594501367,71,500,0,-1
20,v2_dim2,2,0.0,,1.0,4,1,1,0.15,0.08,0.03,500,20000,4441.0,11355.0,11.038056245270335,0.0,1.0,power_law,2.0232650680111495,0.9985987551573682,0.00825304836548347,0.9592531344466354,0.02053417795152958,0.987668708484309,71,500,0,-1
21,v2_dim2,2,0.0,,1.0,4,1,1,0.15,0.08,0.03,500,20000,4751.0,12225.0,13.038568951882969,0.0,1.0,power_law,2.1636227875886678,0.9994968810939151,0.008727184795233501,0.9388272501467051,0.023553796817758817,0.9662675806051189,71,500,0,-1
22,v2_dim2,2,0.0,,1.0,4,1,1,0.15,0.08,0.03,500,20000,3378.0,8776.0,9.039609983092122,0.0,1.0,power_law,2.5442635814482455,0.9953965491772707,0.010189364700619891,0.9216905499350371,0.01714731414023653,0.9949714798797262,71,500,0,-1
23,v2_dim2,2,0.0,,1.0,4,1,1,0.15,0.08,0.03,500,20000,4027.0,10271.0,10.910853820737602,0.0,1.0,power_law,2.415825149089192,0.9956528974318584,0.009629431160541047,0.9132658631805688,0.019725039180222222,0.986993765576801,71,500,0,-1
24,v2_dim2,2,0.0,,1.0,4,1,1,0.15,0.08,0.03,500,20000,4014.0,10294.0,10.086492351763326,0.0,1.0,power_law,2.286616242862695,0.9986553099313897,0.009183831510163614,0.9300276385078559,0.019857159235854953,0.9896996366803582,71,500,0,-1
25,v2_dim2,2,0.0,,1.0,4,1,1,0.15,0.08,0.03,500,20000,3527.0,9193.0,9.794008443569291,0.0,1.0,power_law,2.32645796552531,0.9976518860032677,0.009420728114157928,0.9444447154407589,0.018783631318987387,0.9845800274135961,71,500,0,-1
26,v2_dim2,2,0.0,,1.0,4,1,1,0.15,0.08,0.03,500,20000,4332.0,11094.0,10.063408767381333,0.0,1.0,power_law,2.535805244019986,0.9950696347856769,0.010106179557172057,0.9124618080108526,0.01853866206511385,0.9903141257421852,71,500,0,-1
27,v2_dim2,2,0.0,,1.0,4,1,1,0.15,0.08,0.03,500,20000,4064.0,10350.0,10.336006814558347,0.0,1.0,power_law,2.7052367665221837,0.992561916623144,0.010737694629883134,0.9027929025920739,0.01965614248483659,0.9897892111379559,71,500,0,-1
28,v2_dim2,2,0.0,,1.0,4,1,1,0.15,0.08,0.03,500,20000,4182.0,10654.0,9.761227272372023,0.0,1.0,power_law,2.1712895685392675,0.9994409612953588,0.008812396098486563,0.9504486649834133,0.018908478116942944,0.9317654694541734,71,500,0,-1
29,v2_dim2,2,0.0,,1.0,4,1,1,0.15,0.08,0.03,500,20000,3900.0,10190.0,10.354283932668734,0.0,1.0,power_law,2.8645537109575403,0.9838736980329016,0.011257228219691943,0.8772176183583061,0.02116135116496317,0.9942615027937408,71,500,0,-1
