seed,perturb_eps,pair_scale,elapsed_sec,status,best_factorization,best_accessibility_score,runner_up_factorization,runner_up_accessibility_score,stderr_tail,fac_3x3x3x3_score,fac_3x3x3x3_locality,fac_3x3x3x3_leakage,fac_3x3x3x3_entropy,fac_3x3x3x3_anti_dom,fac_3x3x3x3_pair_count,fac_3x3x3x3_core_persist,fac_3x3x3x3_ccorr,fac_3x3x9_score,fac_3x3x9_locality,fac_3x3x9_leakage,fac_3x3x9_entropy,fac_3x3x9_anti_dom,fac_3x3x9_pair_count,fac_3x3x9_core_persist,fac_3x3x9_ccorr,fac_9x9_score,fac_9x9_locality,fac_9x9_leakage,fac_9x9_entropy,fac_9x9_anti_dom,fac_9x9_pair_count,fac_9x9_core_persist,fac_9x9_ccorr,fac_3x27_score,fac_3x27_locality,fac_3x27_leakage,fac_3x27_entropy,fac_3x27_anti_dom,fac_3x27_pair_count,fac_3x27_core_persist,fac_3x27_ccorr
1,0.01,0.08,0.5030495999963023,ok,3x3x3x3,5.188780493145609,3x3x9,4.520006661412486,,5.188780493145609,0.8651168905449307,0.9744127210808259,0.9930264165403734,0.9469777957097842,1.0,0.8181818181818182,0.00015576017878630275,4.520006661412486,0.7783938447855633,0.8878075087067223,0.9598234517681807,0.8715468252900744,0.6131471927654585,0.8181818181818182,0.00019692900557686832,1.0002046981803356,1.0,0.0,0.0,0.0,0.0,0.0,0.00020469818033555867,1.0001130686294548,1.0,0.0,0.0,0.0,0.0,0.0,0.00011306862945489734
1,0.01,0.12,0.49318249999487307,ok,3x3x3x3,5.13927225611123,3x3x9,4.424948438575912,,5.13927225611123,0.8626866441310278,0.9728827741171494,0.9928549256991244,0.94705502762264,1.0,0.7272727272727273,0.0001565209049252429,4.424948438575912,0.7774807866170967,0.8845785009532211,0.9595519522603347,0.8718102481871227,0.6131471927654585,0.6363636363636365,0.0001979396108592581,1.0002206647556633,1.0,0.0,0.0,0.0,0.0,0.0,0.00022066475566321307,1.0001130432949,1.0,0.0,0.0,0.0,0.0,0.0,0.0001130432948999708
1,0.01,0.25,0.4940461000005598,ok,3x3x3x3,5.097534718469521,3x3x9,4.40906703435766,,5.097534718469521,0.8441615359617849,0.9651462211793874,0.9904022499813657,0.9340336319522877,1.0,0.7272727272727273,0.0001547157583319183,4.40906703435766,0.7678732494265129,0.8630446964903807,0.9555084851147229,0.8456553642671178,0.6131471927654585,0.7272727272727273,0.0002016826571036405,1.0002646814177085,1.0,0.0,0.0,0.0,0.0,0.0,0.00026468141770841274,1.000113027122391,1.0,0.0,0.0,0.0,0.0,0.0,0.00011302712239110185
1,0.01,0.5,0.5028416999994079,ok,3x3x3x3,5.105648371994538,3x3x9,4.414409467245284,,5.105648371994538,0.8502812013948519,0.965749978993626,0.9909920014644712,0.934834586112975,1.0,0.7272727272727273,0.00015424039224990244,4.414409467245284,0.7709310420754666,0.8641949793133442,0.9562972985567618,0.8460030531148568,0.6131471927654585,0.7272727272727273,0.0001995377830332124,1.0002645715566456,1.0,0.0,0.0,0.0,0.0,0.0,0.00026457155664557275,1.0001131033830497,1.0,0.0,0.0,0.0,0.0,0.0,0.00011310338304975384
1,0.02,0.08,0.49529959999927087,ok,3x3x3x3,5.223635614594483,3x3x9,4.51919459768007,,5.223635614594483,0.8870885004554846,0.9744226835463682,0.9954304478330762,0.957280399537492,1.0,0.8181818181818182,0.0003226741311524602,4.51919459768007,0.7765232344014311,0.8852486345229102,0.9589201758815978,0.8758595188277325,0.6131471927654585,0.8181818181818182,0.0004049321900305428,1.0004216832157151,1.0,0.0,0.0,0.0,0.0,0.0,0.00042168321571518753,1.000234494411524,1.0,0.0,0.0,0.0,0.0,0.0,0.00023449441152405644
1,0.02,0.12,0.4888887999986764,ok,3x3x3x3,5.128747382528833,3x3x9,4.423102662258091,,5.128747382528833,0.8849623816458799,0.9729582923594926,0.9952872891011115,0.9570333740023781,1.0,0.6363636363636365,0.0003242272381532479,4.423102662258091,0.7757630013175741,0.8819912181319254,0.9586360584561189,0.8749763614312586,0.6131471927654585,0.6363636363636365,0.0004070119739377615,1.0004541948205903,1.0,0.0,0.0,0.0,0.0,0.0,0.00045419482059030116,1.0002343871477481,1.0,0.0,0.0,0.0,0.0,0.0,0.00023438714774821182
1,0.02,0.25,0.48757019999902695,ok,3x3x3x3,5.136969822593305,3x3x9,4.4112803196236925,,5.136969822593305,0.8687168490771323,0.9651402379073294,0.99358853995328,0.9455673171825648,1.0,0.7272727272727273,0.0003205148366348667,4.4112803196236925,0.7679802647606351,0.8605749951236028,0.9553440132067558,0.8501828871992267,0.6131471927654585,0.7272727272727273,0.0004146029316503546,1.0005435791422392,1.0,0.0,0.0,0.0,0.0,0.0,0.0005435791422391995,1.0002343087920977,1.0,0.0,0.0,0.0,0.0,0.0,0.0002343087920976315
1,0.02,0.5,0.4863039999981993,ok,3x3x3x3,5.142924734018751,3x3x9,4.4157712449878685,,5.142924734018751,0.873012799331839,0.96571982938483,0.9939250891989773,0.9463110874913215,1.0,0.7272727272727273,0.00031956497542076526,4.4157712449878685,0.7698584707414706,0.8617893567734751,0.9559184212957131,0.8510110921182169,0.6131471927654585,0.7272727272727273,0.0004103476571709596,1.000542634297878,1.0,0.0,0.0,0.0,0.0,0.0,0.0005426342978779329,1.000234620393291,1.0,0.0,0.0,0.0,0.0,0.0,0.0002346203932909605
1,0.05,0.08,0.49181650000537047,ok,3x3x3x3,5.252255183058261,3x3x9,4.505621601909236,,5.252255183058261,0.905115570238187,0.9744813635563829,0.996936063737283,0.9657335088999464,1.0,0.8181818181818182,0.0008977675355529812,4.505621601909236,0.7698751203967426,0.8803546962489958,0.9554504764918582,0.8765983594763461,0.6131471927654585,0.8181818181818182,0.0011048474389255625,1.0011515848024417,1.0,0.0,0.0,0.0,0.0,0.0,0.0011515848024416543,1.0006680131846426,1.0,0.0,0.0,0.0,0.0,0.0,0.0006680131846425832
1,0.05,0.12,0.49160130000382196,ok,3x3x3x3,5.111814978866848,3x3x9,4.362491654560829,,5.111814978866848,0.9032542179527817,0.9731109004971366,0.9968197131722828,0.9650010837328632,1.0,0.5454545454545453,0.0009017907845117637,4.362491654560829,0.7691505926426341,0.8769863557932486,0.9551261819999654,0.8742438067995806,0.6131471927654585,0.5454545454545453,0.0011102518326695976,1.001236885374318,1.0,0.0,0.0,0.0,0.0,0.0,0.0012368853743180707,1.0006672951586182,1.0,0.0,0.0,0.0,0.0,0.0,0.0006672951586180833
1,0.05,0.25,0.5026636000038707,ok,3x3x3x3,5.168700170547367,3x3x9,4.399472225103338,,5.168700170547367,0.8886177025841749,0.9651165834215967,0.9955800103038933,0.954857434827098,1.0,0.7272727272727273,0.0008920757742402756,4.399472225103338,0.7627110094065087,0.8556769385479789,0.9522351455747745,0.8509354715894436,0.6131471927654585,0.7272727272727273,0.0011301035828107087,1.0014708914029613,1.0,0.0,0.0,0.0,0.0,0.0,0.0014708914029612332,1.000666765211266,1.0,0.0,0.0,0.0,0.0,0.0,0.0006667652112658792
1,0.05,0.5,0.4959859999944456,ok,3x3x3x3,5.172881464862272,3x3x9,4.403880929381618,,5.172881464862272,0.8914137677121926,0.9656229972767143,0.9957693579162155,0.9555492683580542,1.0,0.7272727272727273,0.000889709962732312,4.403880929381618,0.7639145026824729,0.8570647644901797,0.9527076389551957,0.8522906689722838,0.6131471927654585,0.7272727272727273,0.0011197978796636246,1.0014623871604493,1.0,0.0,0.0,0.0,0.0,0.0,0.0014623871604494407,1.000668848002314,1.0,0.0,0.0,0.0,0.0,0.0,0.0006688480023140978
2,0.01,0.08,0.4896299000029103,ok,3x3x3x3,5.258920320112226,3x3x9,4.540590424254363,,5.258920320112226,0.8669749791642613,0.9561906444897258,0.9935042940061574,0.9420574674959394,1.0,1.0,0.0001929349561428481,4.540590424254363,0.8147839106119625,0.8746119549495727,0.9747304480580145,0.8995178611676404,0.6131471927654585,0.7272727272727273,0.00016269306535111525,1.0001448604015797,1.0,0.0,0.0,0.0,0.0,0.0,0.00014486040157974818,1.0001366457797245,1.0,0.0,0.0,0.0,0.0,0.0,0.00013664577972458477
2,0.01,0.12,0.4924183999974048,ok,3x3x3x3,5.266638146464532,3x3x9,4.4951667787931,,5.266638146464532,0.8705205922204658,0.957520322598119,0.9938666107396674,0.9445388975838616,1.0,1.0,0.00019172332241873785,4.4951667787931,0.8149588168181287,0.8747933395487604,0.9748456158312732,0.899078013772742,0.6131471927654585,0.6363636363636365,0.0001619818749185337,1.000139081599907,1.0,0.0,0.0,0.0,0.0,0.0,0.00013908159990688203,1.00013664906764,1.0,0.0,0.0,0.0,0.0,0.0,0.00013664906764004843
2,0.01,0.25,0.49084210000000894,ok,3x3x3x3,5.270915320322488,3x3x9,4.508476337478257,,5.270915320322488,0.8950089934973964,0.9684158982912506,0.9957246477099374,0.9570312110055744,1.0,0.909090909090909,0.00018911527287478885,4.508476337478257,0.8168978118617468,0.8838730702124832,0.9755128707037923,0.9007075042217402,0.6131471927654585,0.6363636363636365,0.00015606953121731121,1.0001338391327803,1.0,0.0,0.0,0.0,0.0,0.0,0.00013383913278023607,1.000136648170357,1.0,0.0,0.0,0.0,0.0,0.0,0.0001366481703571737
2,0.01,0.5,0.49176220000663307,ok,3x3x3x3,5.071109979662985,3x3x9,4.467704613794398,,5.071109979662985,0.8849036561743674,0.9658223557016578,0.9949741830653145,0.9524950846090234,1.0,0.5454545454545453,0.00018742738535002733,4.467704613794398,0.8188568262923094,0.8839074568322136,0.9758646691087964,0.9030492015805208,0.6131471927654585,0.5454545454545453,0.00015199448782602631,1.0001679370160348,1.0,0.0,0.0,0.0,0.0,0.0,0.00016793701603481288,1.0001366470575546,1.0,0.0,0.0,0.0,0.0,0.0,0.00013664705755465383
2,0.02,0.08,0.49597089999588206,ok,3x3x3x3,5.276493987441147,3x3x9,4.652287477651099,,5.276493987441147,0.8786056153566316,0.9558727688686336,0.9948137371399259,0.9468057490284925,1.0,1.0,0.0003961170474624511,4.652287477651099,0.8040318503655787,0.8725499201240261,0.9710465121446354,0.8911776999378117,0.6131471927654585,1.0,0.0003343023135892882,1.000299542467378,1.0,0.0,0.0,0.0,0.0,0.0,0.0002995424673779686,1.0002775189814623,1.0,0.0,0.0,0.0,0.0,0.0,0.0002775189814623098
2,0.02,0.12,0.48662660000263713,ok,3x3x3x3,5.284010363270958,3x3x9,4.654666038670198,,5.284010363270958,0.8824019807847396,0.9571758657296893,0.9951470905130377,0.9488917465610052,1.0,1.0,0.0003936796824865201,4.654666038670198,0.804312578237441,0.8727551996807486,0.9711617759835626,0.8929564101498463,0.6131471927654585,1.0,0.00033288185314078625,1.0002877958777006,1.0,0.0,0.0,0.0,0.0,0.0,0.0002877958777004735,1.0002775323385715,1.0,0.0,0.0,0.0,0.0,0.0,0.0002775323385715307
2,0.02,0.25,0.4956076000016765,ok,3x3x3x3,5.289041887109471,3x3x9,4.533890885205869,,5.289041887109471,0.9084550674392825,0.9680851099777531,0.9967599014249895,0.9608079049178367,1.0,0.909090909090909,0.000388448804155869,4.533890885205869,0.8057997962754179,0.8816971394565501,0.9716764327311396,0.8976131937264126,0.6131471927654585,0.7272727272727273,0.0003207666145271576,1.0002768024411615,1.0,0.0,0.0,0.0,0.0,0.0,0.00027680244116151355,1.0002775294525446,1.0,0.0,0.0,0.0,0.0,0.0,0.0002775294525445922
2,0.02,0.5,0.5018309000006411,ok,3x3x3x3,5.09048289571409,3x3x9,4.490445466561783,,5.09048289571409,0.8986159445019378,0.9655484935287947,0.9962486023521717,0.956957634710477,1.0,0.5454545454545453,0.00038494789343571475,4.490445466561783,0.8069896184140785,0.8816722300918513,0.9719842522940589,0.8981579695470074,0.6131471927654585,0.6363636363636365,0.0003123852675103031,1.0003459832761015,1.0,0.0,0.0,0.0,0.0,0.0,0.0003459832761015378,1.0002775245274196,1.0,0.0,0.0,0.0,0.0,0.0,0.00027752452741951157
2,0.05,0.08,0.49154429999907734,ok,3x3x3x3,5.287640738028157,3x3x9,4.6177678240993645,,5.287640738028157,0.8856254849724685,0.9550557292443093,0.9954882784749668,0.9503990694297259,1.0,1.0,0.0010721759066872275,4.6177678240993645,0.7904763695409656,0.8689474936786398,0.965617359426208,0.8786708456062347,0.6131471927654585,1.0,0.0009085630818581606,1.0008260063240475,1.0,0.0,0.0,0.0,0.0,0.0,0.0008260063240474683,1.000735133205662,1.0,0.0,0.0,0.0,0.0,0.0,0.0007351332056619058
2,0.05,0.12,0.49163660000340315,ok,3x3x3x3,5.294522692296998,3x3x9,4.619421965119321,,5.294522692296998,0.8892335483940698,0.9563141122427744,0.9957781086192296,0.9521308297800739,1.0,1.0,0.0010660932608499943,4.619421965119321,0.7907059806209691,0.8692156083251839,0.9657076662193806,0.8797404842899517,0.6131471927654585,1.0,0.0009050328983777067,1.0007951757739495,1.0,0.0,0.0,0.0,0.0,0.0,0.0007951757739495178,1.000735214637495,1.0,0.0,0.0,0.0,0.0,0.0,0.0007352146374949863
2,0.05,0.25,0.4920053000023472,ok,3x3x3x3,5.2979894194686405,3x3x9,4.63765118213497,,5.2979894194686405,0.9143506917188123,0.9672745405251102,0.9972066667556174,0.9635592481375368,1.0,0.909090909090909,0.0010528177861097155,4.63765118213497,0.7918278852952941,0.8779185198101774,0.9661049998314034,0.8877801432242247,0.6131471927654585,1.0,0.0008724412084124309,1.0007636275081326,1.0,0.0,0.0,0.0,0.0,0.0,0.0007636275081326243,1.000735205693695,1.0,0.0,0.0,0.0,0.0,0.0,0.000735205693694842
2,0.05,0.5,0.48771490000217455,ok,3x3x3x3,5.101947715832568,3x3x9,4.41016363160744,,5.101947715832568,0.9061953456020369,0.9648293905007465,0.9968450983490681,0.960307557687041,1.0,0.5454545454545453,0.0010430509664040041,4.41016363160744,0.7923444735113826,0.8777397911116934,0.966282029861744,0.8870732207389014,0.6131471927654585,0.5454545454545453,0.0008496508909873437,1.0009441331864395,1.0,0.0,0.0,0.0,0.0,0.0,0.0009441331864393987,1.000735177726894,1.0,0.0,0.0,0.0,0.0,0.0,0.0007351777268939512
3,0.01,0.08,0.4928294999990612,ok,3x3x3x3,5.1424588187936,3x3x9,4.671760990894835,,5.1424588187936,0.7874472653366268,0.9664971575623205,0.9796085507085066,0.9087340337313417,1.0,1.0,0.00017181145480361272,4.671760990894835,0.846002662451318,0.8485195994037622,0.9843154476641621,0.8795440872146205,0.6131471927654585,1.0,0.0002320013955137954,1.000241497830529,1.0,0.0,0.0,0.0,0.0,0.0,0.00024149783052891392,1.0003871775052593,1.0,0.0,0.0,0.0,0.0,0.0,0.0003871775052593229
3,0.01,0.12,0.48717089999991003,ok,3x3x3x3,5.151082858698057,3x3x9,4.719539316756235,,5.151082858698057,0.7944216702081651,0.9662592670089327,0.9812667905450112,0.9089622154942186,1.0,1.0,0.00017291544172942696,4.719539316756235,0.863660797730094,0.8615906797128989,0.9869756684472182,0.8939329680204715,0.6131471927654585,1.0,0.00023201008009393154,1.0002332883181997,1.0,0.0,0.0,0.0,0.0,0.0,0.0002332883181997419,1.0003872096222877,1.0,0.0,0.0,0.0,0.0,0.0,0.0003872096222877666
3,0.01,0.25,0.4920456000036211,ok,3x3x3x3,5.163754790724728,3x3x9,4.590671988350286,,5.163754790724728,0.8059454959852161,0.9657452882526577,0.983471413779857,0.9084196803270369,1.0,1.0,0.0001729123799610095,4.590671988350286,0.8789728061987785,0.8782397319765408,0.9901460105433622,0.911752376861434,0.6131471927654585,0.6363636363636365,0.00023205182289278486,1.000198873981461,1.0,0.0,0.0,0.0,0.0,0.0,0.00019887398146086244,1.0003873562668744,1.0,0.0,0.0,0.0,0.0,0.0,0.0003873562668742832
3,0.01,0.5,0.49300139999832027,ok,3x3x3x3,5.156039041720447,3x3x9,4.555552349654363,,5.156039041720447,0.798784105029721,0.9660396220339419,0.9823503334542184,0.9086925114124065,1.0,1.0,0.00017246979016002746,4.555552349654363,0.8720432454459602,0.8631547380216854,0.9881321715454838,0.9006611414823594,0.6131471927654585,0.6363636363636365,0.00023204221159727617,1.0001588145518157,1.0,0.0,0.0,0.0,0.0,0.0,0.0001588145518156592,1.0003872864579242,1.0,0.0,0.0,0.0,0.0,0.0,0.0003872864579242878
3,0.02,0.08,0.4884892999980366,ok,3x3x3x3,5.201553782995643,3x3x9,4.651284359043963,,5.201553782995643,0.8195616080634994,0.9660579410521097,0.9863075767980777,0.9292736253844015,1.0,1.0,0.0003530316975544496,4.651284359043963,0.840685946701074,0.8466980764108318,0.9837806036586496,0.8664995000319322,0.6131471927654585,1.0,0.00047303947601671,1.0004933550718593,1.0,0.0,0.0,0.0,0.0,0.0,0.0004933550718592881,1.0007846428258238,1.0,0.0,0.0,0.0,0.0,0.0,0.0007846428258237909
3,0.02,0.12,0.5022566999978153,ok,3x3x3x3,5.209782476367473,3x3x9,4.69254401555286,,5.209782476367473,0.8268168914270919,0.9657684925626314,0.9875941521440276,0.9292477703728751,1.0,1.0,0.0003551698608474008,4.69254401555286,0.8531378212146571,0.859546927910364,0.9860342712202104,0.8802047272892178,0.6131471927654585,1.0,0.00047307515295246465,1.0004766771419462,1.0,0.0,0.0,0.0,0.0,0.0,0.000476677141946243,1.0007847729052648,1.0,0.0,0.0,0.0,0.0,0.0,0.0007847729052647307
3,0.02,0.25,0.4942919999957667,ok,3x3x3x3,5.221251371111705,3x3x9,4.558742448809911,,5.221251371111705,0.837951601960559,0.9651573059981323,0.9892080448425439,0.9285793591926059,1.0,1.0,0.0003550591178634683,4.558742448809911,0.8646819599611498,0.8761134556488408,0.9886307128461073,0.8975140662039739,0.6131471927654585,0.6363636363636365,0.00047324320256173435,1.000406882342651,1.0,0.0,0.0,0.0,0.0,0.0,0.0004068823426510133,1.0007853680058825,1.0,0.0,0.0,0.0,0.0,0.0,0.000785368005882362
3,0.02,0.5,0.4908806999956141,ok,3x3x3x3,5.213117686514389,3x3x9,4.522700204919706,,5.213117686514389,0.8301487330569831,0.9655146958806827,0.9881769106443763,0.9289230740615061,1.0,1.0,0.00035427287084049074,4.522700204919706,0.8579695018593174,0.8612173135496065,0.9866257021829307,0.8850854712676474,0.6131471927654585,0.6363636363636365,0.0004732051129274719,1.0003258855219748,1.0,0.0,0.0,0.0,0.0,0.0,0.00032588552197483774,1.000785085319077,1.0,0.0,0.0,0.0,0.0,0.0,0.0007850853190769217
3,0.05,0.08,0.4944755999968038,ok,3x3x3x3,5.2487340734532015,3x3x9,4.611458940935231,,5.2487340734532015,0.8459699682826642,0.9652271058129791,0.9905459934080313,0.9460339595533553,1.0,1.0,0.0009570463961716358,4.611458940935231,0.8216172677205562,0.8429544245570854,0.9788119743870584,0.8536741076763428,0.6131471927654585,1.0,0.001253973828730117,1.0013135193888043,1.0,0.0,0.0,0.0,0.0,0.0,0.0013135193888043001,1.0020448197516436,1.0,0.0,0.0,0.0,0.0,0.0,0.002044819751643651
3,0.05,0.12,0.48739449999993667,ok,3x3x3x3,5.256534919622954,3x3x9,4.646793868021891,,5.256534919622954,0.8534520608483057,0.9648178163428208,0.9915691107539019,0.9457341107417864,1.0,1.0,0.0009618209361389675,4.646793868021891,0.82968030096414,0.8554039320390583,0.9807052915021384,0.8666029466586177,0.6131471927654585,1.0,0.0012542040924783664,1.0012698332623104,1.0,0.0,0.0,0.0,0.0,0.0,0.0012698332623104506,1.0020456292971842,1.0,0.0,0.0,0.0,0.0,0.0,0.002045629297184137
3,0.05,0.25,0.4913293999998132,ok,3x3x3x3,5.266100867716359,3x3x9,4.509163569052484,,5.266100867716359,0.8635950211184459,0.9639936203772403,0.9927339973655738,0.9448175352672471,1.0,1.0,0.0009606935878521932,4.509163569052484,0.8381945831461411,0.8719735669093102,0.9828442857766625,0.8835668466284957,0.6131471927654585,0.6363636363636365,0.0012552756445974264,1.0010878285469251,1.0,0.0,0.0,0.0,0.0,0.0,0.00108782854692524,1.002049519682785,1.0,0.0,0.0,0.0,0.0,0.0,0.0020495196827849367
3,0.05,0.5,0.5013269999981276,ok,3x3x3x3,5.257829238044999,3x3x9,4.472624968601141,,5.257829238044999,0.8552629979190013,0.9644966631262498,0.9917689921490552,0.9453409566725792,1.0,1.0,0.0009596281781133589,4.472624968601141,0.831581205164569,0.8573667570708611,0.9809185464390722,0.8701743734381613,0.6131471927654585,0.6363636363636365,0.0012550755412003625,1.000878713691532,1.0,0.0,0.0,0.0,0.0,0.0,0.0008787136915319741,1.0020477776063088,1.0,0.0,0.0,0.0,0.0,0.0,0.0020477776063088445
4,0.01,0.08,0.49142920000304,ok,3x3x3x3,5.281093382865628,3x3x9,4.621487001007704,,5.281093382865628,0.8669465181730882,0.9723003299824093,0.9934173224247672,0.9482619178518236,1.0,1.0,0.00016729443354022804,4.621487001007704,0.8034518758783377,0.8786085547603626,0.970087251836804,0.901519343145226,0.6131471927654585,0.909090909090909,0.00012732807606180276,1.0000709080075678,1.0,0.0,0.0,0.0,0.0,0.0,7.090800756787109e-05,1.0001603300656943,1.0,0.0,0.0,0.0,0.0,0.0,0.00016033006569426595
4,0.01,0.12,0.4899948000020231,ok,3x3x3x3,5.291085471060672,3x3x9,4.623284654747291,,5.291085471060672,0.8711430280371032,0.9764189413038153,0.9938897189773293,0.9494636021105919,1.0,1.0,0.0001701806318315559,4.623284654747291,0.8040396056874798,0.8782533491340707,0.970327127253836,0.9028457630625312,0.6131471927654585,0.909090909090909,0.00012616229846075004,1.0000719413410908,1.0,0.0,0.0,0.0,0.0,0.0,7.194134109076805e-05,1.000160320975018,1.0,0.0,0.0,0.0,0.0,0.0,0.00016032097501805974
4,0.01,0.25,0.4902483999976539,ok,3x3x3x3,5.290887567701473,3x3x9,4.48945996696861,,5.290887567701473,0.8698466812238703,0.9774972143554514,0.9936380162794982,0.9497346820711408,1.0,1.0,0.0001709737715119511,4.48945996696861,0.8044825840163768,0.8799433175056207,0.9706445130816554,0.9029356871779288,0.6131471927654585,0.6363636363636365,0.00012485423975128142,1.000086326629348,1.0,0.0,0.0,0.0,0.0,0.0,8.632662934814158e-05,1.000160311182892,1.0,0.0,0.0,0.0,0.0,0.0,0.0001603111828920685
4,0.01,0.5,0.4927760999999009,ok,3x3x3x3,5.180740789925846,3x3x9,4.445556479284648,,5.180740789925846,0.8581665736855716,0.9742485511395365,0.9921177360431082,0.9469472642203715,1.0,0.8181818181818182,0.00016975574634878521,4.445556479284648,0.8048816570247296,0.8809517916608918,0.9706341023929291,0.9030906954532782,0.6131471927654585,0.5454545454545453,0.00012376726008911062,1.000107346012687,1.0,0.0,0.0,0.0,0.0,0.0,0.00010734601268699058,1.0001603353361732,1.0,0.0,0.0,0.0,0.0,0.0,0.00016033533617315187
4,0.02,0.08,0.49538579999352805,ok,3x3x3x3,5.2838085666519525,3x3x9,4.584399979571764,,5.2838085666519525,0.8947147797209034,0.9716712037141516,0.9960935399884424,0.96643789870849,1.0,0.909090909090909,0.00034568997451133853,4.584399979571764,0.7819649798961332,0.8759481994508971,0.9611581963178589,0.8973710873772031,0.6131471927654585,0.909090909090909,0.00026486921875922134,1.000151184178181,1.0,0.0,0.0,0.0,0.0,0.0,0.00015118417818089683,1.0003304767885088,1.0,0.0,0.0,0.0,0.0,0.0,0.00033047678850886623
4,0.02,0.12,0.48954889999731677,ok,3x3x3x3,5.2964013266807495,3x3x9,4.5395380407642625,,5.2964013266807495,0.9017850558172333,0.9758899938828335,0.996638543255716,0.9671908763175258,1.0,0.909090909090909,0.0003514028619868781,4.5395380407642625,0.7823050902367236,0.8755867159642474,0.9613297192267322,0.8978159222878701,0.6131471927654585,0.8181818181818182,0.00026249119232135145,1.000153496113609,1.0,0.0,0.0,0.0,0.0,0.0,0.0001534961136089862,1.0003304428846271,1.0,0.0,0.0,0.0,0.0,0.0,0.0003304428846271033
4,0.02,0.25,0.48982030000479426,ok,3x3x3x3,5.297935170445409,3x3x9,4.4042136132387535,,5.297935170445409,0.9019477758040279,0.9769856103910146,0.996533294546106,0.967570239073255,1.0,0.909090909090909,0.0003527960855511354,4.4042136132387535,0.7826996712971828,0.8771574144113512,0.9615810882500733,0.8966412048371091,0.6131471927654585,0.5454545454545453,0.00025976895030642346,1.0001832686346106,1.0,0.0,0.0,0.0,0.0,0.0,0.00018326863461067339,1.000330411528319,1.0,0.0,0.0,0.0,0.0,0.0,0.0003304115283189903
4,0.02,0.5,0.4866914000012912,ok,3x3x3x3,5.140389299479235,3x3x9,4.405763457491292,,5.140389299479235,0.8888229438013756,0.9736413761679404,0.9952745018983385,0.96411831120209,1.0,0.6363636363636365,0.00035034822767150936,4.405763457491292,0.7828169392910908,0.8781892806669187,0.9615686057939026,0.897056707060001,0.6131471927654585,0.5454545454545453,0.0002574591866481522,1.0002260853548828,1.0,0.0,0.0,0.0,0.0,0.0,0.00022608535488274906,1.000330498876384,1.0,0.0,0.0,0.0,0.0,0.0,0.0003304988763839874
4,0.05,0.08,0.4966789999962202,ok,3x3x3x3,5.126653093406507,3x3x9,4.580863782773972,,5.126653093406507,0.9092915984973551,0.9705024454869484,0.9971512677983931,0.9760281430286295,1.0,0.5454545454545453,0.0009523658679078351,4.580863782773972,0.7603814758167861,0.8709848651863467,0.9498854552513617,0.8857207641854398,0.6131471927654585,1.0,0.0007440295685783318,1.0004539327393676,1.0,0.0,0.0,0.0,0.0,0.0,0.00045393273936764034,1.0009047874451467,1.0,0.0,0.0,0.0,0.0,0.0,0.0009047874451466492
4,0.05,0.12,0.5030160000023898,ok,3x3x3x3,5.145004345879973,3x3x9,4.58004055026878,,5.145004345879973,0.9203723016640734,0.9749389623318678,0.9977705657397062,0.978229197400314,1.0,0.5454545454545453,0.0009660460167388227,4.58004055026878,0.7606283741403452,0.8706053066033682,0.9500372951370694,0.8848849098536509,0.6131471927654585,1.0,0.0007374717688879506,1.0004609589818794,1.0,0.0,0.0,0.0,0.0,0.0,0.00046095898187943976,1.0009045620784578,1.0,0.0,0.0,0.0,0.0,0.0,0.0009045620784576886
4,0.05,0.25,0.4872356999985641,ok,3x3x3x3,5.103157381952689,3x3x9,4.5805621331208,,5.103157381952689,0.9213603890398718,0.9759264816892489,0.9977345507646137,0.9798954305846503,1.0,0.4545454545454545,0.0009678026015770769,4.5805621331208,0.7611012469288005,0.8719259561854211,0.9503404075339618,0.8833176376002073,0.6131471927654585,1.0,0.0007296921069511707,1.000543010453509,1.0,0.0,0.0,0.0,0.0,0.0,0.0005430104535088115,1.0009043344228026,1.0,0.0,0.0,0.0,0.0,0.0,0.0009043344228025081
4,0.05,0.5,0.49089310000272235,ok,3x3x3x3,5.123763899889094,3x3x9,4.446255390117491,,5.123763899889094,0.9077912728095658,0.972424166570611,0.9966575008625164,0.9732017779367209,1.0,0.5454545454545453,0.0009619089824079881,4.446255390117491,0.761040946064442,0.8729868885006993,0.9502751790541485,0.884445485522885,0.6131471927654585,0.7272727272727273,0.00072333457349486,1.000656266934339,1.0,0.0,0.0,0.0,0.0,0.0,0.0006562669343390395,1.0009049058852637,1.0,0.0,0.0,0.0,0.0,0.0,0.0009049058852636997
5,0.01,0.08,0.49421710000024177,ok,3x3x3x3,5.1194458934095985,3x3x9,4.503405277681856,,5.1194458934095985,0.9310796736094363,0.9833516840304725,0.9983892265138798,0.9792001655574611,1.0,0.4545454545454545,0.00015241642562131453,4.503405277681856,0.7934698551693927,0.8793924158411229,0.9666032585851078,0.887011351738833,0.6131471927654585,0.7272727272727273,0.0001448399455772739,1.000193855913244,1.0,0.0,0.0,0.0,0.0,0.0,0.00019385591324389153,1.0001455743814276,1.0,0.0,0.0,0.0,0.0,0.0,0.00014557438142770402
5,0.01,0.12,0.4902432000017143,ok,3x3x3x3,5.15199332291231,3x3x9,4.550350052765444,,5.15199332291231,0.9224833077030129,0.9840418544121924,0.9979942983765294,0.97459599494732,1.0,0.5454545454545453,0.00015059474598369315,4.550350052765444,0.7933435975010106,0.8826207352030777,0.96654328753809,0.8854603516047598,0.6131471927654585,0.8181818181818182,0.0001439790621388288,1.0001952661393811,1.0,0.0,0.0,0.0,0.0,0.0,0.00019526613938112547,1.0001455971470596,1.0,0.0,0.0,0.0,0.0,0.0,0.00014559714705973304
5,0.01,0.25,0.49128810000547674,ok,3x3x3x3,5.103011313129513,3x3x9,4.62233622444505,,5.103011313129513,0.8954841521621485,0.9771465028241256,0.9961552533710155,0.9613494936284389,1.0,0.5454545454545453,0.00014863841651212954,4.62233622444505,0.7929350952207265,0.8767771537906285,0.9667173966506982,0.8726232617032632,0.6131471927654585,1.0,0.00013612431427446152,1.0001955979373953,1.0,0.0,0.0,0.0,0.0,0.0,0.00019559793739525147,1.0001456808057594,1.0,0.0,0.0,0.0,0.0,0.0,0.00014568080575927742
5,0.01,0.5,0.48937540000042645,ok,3x3x3x3,5.1019296501395335,3x3x9,4.616996438494285,,5.1019296501395335,0.8959252500116058,0.9763554706170119,0.9956206705050985,0.9611525649287401,1.0,0.5454545454545453,0.0001484213498054241,4.616996438494285,0.7910797577037365,0.8752024285740454,0.966143524040699,0.8712873718455293,0.6131471927654585,1.0,0.0001361635648166114,1.0001900222605804,1.0,0.0,0.0,0.0,0.0,0.0,0.00019002226058038925,1.0001456731267218,1.0,0.0,0.0,0.0,0.0,0.0,0.00014567312672173307
5,0.02,0.08,0.4878312999935588,ok,3x3x3x3,5.103101748908204,3x3x9,4.436400229703585,,5.103101748908204,0.9531333404198381,0.9831900902667755,0.9992945258885233,0.9853503869906646,1.0,0.36363636363636365,0.0003152235242200564,4.436400229703585,0.778834629939849,0.8769608472382352,0.9598428277794127,0.8891338556449984,0.6131471927654585,0.6363636363636365,0.00029905815381366287,1.0003994918227006,1.0,0.0,0.0,0.0,0.0,0.0,0.00039949182270070056,1.0002967386456931,1.0,0.0,0.0,0.0,0.0,0.0,0.0002967386456930785
5,0.02,0.12,0.4910576000038418,ok,3x3x3x3,5.139462801918003,3x3x9,4.483761354616726,,5.139462801918003,0.9471096546259967,0.9839126430155719,0.9991246081347586,0.9817315596031745,1.0,0.4545454545454545,0.0003116092657738717,4.483761354616726,0.7788369305927368,0.8798728775722382,0.9598419172605843,0.8881286866029103,0.6131471927654585,0.7272727272727273,0.00029738618643430226,1.000402549613537,1.0,0.0,0.0,0.0,0.0,0.0,0.00040254961353689505,1.000296830994946,1.0,0.0,0.0,0.0,0.0,0.0,0.00029683099494595417
5,0.02,0.25,0.4914411999998265,ok,3x3x3x3,5.140417368019006,3x3x9,4.554559202781232,,5.140417368019006,0.9210716142811974,0.976993637708384,0.9979192530917614,0.9713977375914145,1.0,0.5454545454545453,0.00030785261897602436,4.554559202781232,0.7786405452923674,0.8739289490403579,0.9600083313069496,0.8740071163394725,0.6131471927654585,0.909090909090909,0.0002816134911722093,1.0004035557671476,1.0,0.0,0.0,0.0,0.0,0.0,0.0004035557671476684,1.0002971704489878,1.0,0.0,0.0,0.0,0.0,0.0,0.00029717044898780833
5,0.02,0.5,0.491043100002571,ok,3x3x3x3,5.137252062587887,3x3x9,4.549452892677007,,5.137252062587887,0.9203666304497594,0.9761911226478375,0.9975774663178043,0.9700822082097283,1.0,0.5454545454545453,0.00030736223548510314,4.549452892677007,0.7776962627476536,0.8724757086676096,0.9596935581424018,0.8716130775221494,0.6131471927654585,0.909090909090909,0.000281638286279314,1.000392506413249,1.0,0.0,0.0,0.0,0.0,0.0,0.0003925064132490346,1.0002971345531289,1.0,0.0,0.0,0.0,0.0,0.0,0.00029713455312877814
5,0.05,0.08,0.49091250000492437,ok,3x3x3x3,5.203355122336135,3x3x9,4.447772570933269,,5.203355122336135,0.9587374352983403,0.9830939428545343,0.9994583707220616,0.9884630837220768,1.0,0.5454545454545453,0.0008750170118506387,4.447772570933269,0.7618185576286429,0.8728344646703586,0.9507712866498511,0.8847341210452268,0.6131471927654585,0.7272727272727273,0.0008305845373686193,1.0010923919918113,1.0,0.0,0.0,0.0,0.0,0.0,0.0010923919918113477,1.0008105309129203,1.0,0.0,0.0,0.0,0.0,0.0,0.0008105309129202956
5,0.05,0.12,0.48894089999521384,ok,3x3x3x3,5.154773825513342,3x3x9,4.495281192053759,,5.154773825513342,0.9565576581288359,0.9838041132317256,0.9994104501225928,0.9868627436786487,1.0,0.4545454545454545,0.0008661330788116258,4.495281192053759,0.7617880375192453,0.8749365045914875,0.9507472673072029,0.8847445554255908,0.6131471927654585,0.8181818181818182,0.0008267253538646424,1.001101957004575,1.0,0.0,0.0,0.0,0.0,0.0,0.0011019570045750166,1.0008110007209599,1.0,0.0,0.0,0.0,0.0,0.0,0.0008110007209599458
5,0.05,0.25,0.487765899997612,ok,3x3x3x3,5.29745329115867,3x3x9,4.475316011754306,,5.29745329115867,0.9348070946713627,0.9768257021237272,0.9985908698403944,0.9772807946392585,1.0,0.8181818181818182,0.0008579207930177773,4.475316011754306,0.7616705318692357,0.8686206264325523,0.9508552086550057,0.8711448453817829,0.6131471927654585,0.8181818181818182,0.0007866975593621904,1.0011069471442338,1.0,0.0,0.0,0.0,0.0,0.0,0.0011069471442336919,1.000812829137149,1.0,0.0,0.0,0.0,0.0,0.0,0.0008128291371488999
5,0.05,0.5,0.49300829999992857,ok,3x3x3x3,5.248117756862651,3x3x9,4.51672084911723,,5.248117756862651,0.9334112785418461,0.9760292204518202,0.9983919371406897,0.9757926290363819,1.0,0.7272727272727273,0.0008563280555495732,4.51672084911723,0.7613721301786511,0.8674749420186746,0.9507693333057664,0.8686253418884324,0.6131471927654585,0.909090909090909,0.0007864544147926871,1.0010802607736493,1.0,0.0,0.0,0.0,0.0,0.0,0.0010802607736492371,1.000812717531597,1.0,0.0,0.0,0.0,0.0,0.0,0.0008127175315971593
6,0.01,0.08,0.4892085000028601,ok,3x3x3x3,5.306357963381757,3x3x9,4.531236526527017,,5.306357963381757,0.8942413667993244,0.9613478783446425,0.9960868074960868,0.9545421499224725,1.0,1.0,0.00013976081923017535,4.531236526527017,0.7834530352975425,0.8322538965792913,0.96342417666844,0.8388074602507998,0.6131471927654585,1.0,0.00015076496548540477,1.000166767809258,1.0,0.0,0.0,0.0,0.0,0.0,0.00016676780925814282,1.000096127820331,1.0,0.0,0.0,0.0,0.0,0.0,9.612782033100704e-05
6,0.01,0.12,0.4886398000016925,ok,3x3x3x3,5.298768191722997,3x3x9,4.517731794304904,,5.298768191722997,0.8905373789971764,0.9597559264077469,0.99579485103846,0.9525414012493866,1.0,1.0,0.00013863403022744164,4.517731794304904,0.7811624441352513,0.8268350480646742,0.962672366314552,0.8337639635943834,0.6131471927654585,1.0,0.0001507794305845653,1.0001658183709525,1.0,0.0,0.0,0.0,0.0,0.0,0.00016581837095247767,1.000096154295883,1.0,0.0,0.0,0.0,0.0,0.0,9.615429588312398e-05
6,0.01,0.25,0.489174100002856,ok,3x3x3x3,5.295279154256915,3x3x9,4.518621654797684,,5.295279154256915,0.8876152149783436,0.9624649240945292,0.9956313368881151,0.9494256644451183,1.0,1.0,0.00014201385080794056,4.518621654797684,0.7788849478308097,0.8319671682414341,0.9615968858419627,0.8328659164694904,0.6131471927654585,1.0,0.0001595436485292085,1.0001709586539904,1.0,0.0,0.0,0.0,0.0,0.0,0.00017095865399047492,1.000096146896757,1.0,0.0,0.0,0.0,0.0,0.0,9.61468967570832e-05
6,0.01,0.5,0.48919620000378927,ok,3x3x3x3,5.133622580392538,3x3x9,4.374704036500345,,5.133622580392538,0.8952935136481277,0.966074762407069,0.9960704385462652,0.9578606601636456,1.0,0.6363636363636365,0.0001413874456124224,4.374704036500345,0.78508816654805,0.8433763830993967,0.9635064680510042,0.8512459708286927,0.6131471927654585,0.6363636363636365,0.00015803702592568112,1.0001734745801907,1.0,0.0,0.0,0.0,0.0,0.0,0.0001734745801907544,1.0000961682057563,1.0,0.0,0.0,0.0,0.0,0.0,9.616820575623275e-05
6,0.02,0.08,0.49679149999428773,ok,3x3x3x3,5.313494133543943,3x3x9,4.51957373076605,,5.313494133543943,0.898454630894879,0.9613300036370547,0.9964914516453448,0.9569291559212765,1.0,1.0,0.00028889144538879225,4.51957373076605,0.7788515497890152,0.8307319681969669,0.9617433574172988,0.834788785473714,0.6131471927654585,1.0,0.0003108771235954494,1.0003414966612894,1.0,0.0,0.0,0.0,0.0,0.0,0.0003414966612892431,1.0001999211684387,1.0,0.0,0.0,0.0,0.0,0.0,0.0001999211684386183
6,0.02,0.12,0.49097449999680975,ok,3x3x3x3,5.3057818353065365,3x3x9,4.5061619997912485,,5.3057818353065365,0.8944751815235134,0.9597436455294477,0.9961787564659011,0.9550975921692298,1.0,1.0,0.0002866596184441969,4.5061619997912485,0.7766046246013922,0.8254316067474631,0.9609479093397929,0.8297197075653244,0.6131471927654585,1.0,0.0003109587718172647,1.0003396107805507,1.0,0.0,0.0,0.0,0.0,0.0,0.0003396107805507084,1.000200028069333,1.0,0.0,0.0,0.0,0.0,0.0,0.00020002806933301415
6,0.02,0.25,0.49398919999657664,ok,3x3x3x3,5.308670456973354,3x3x9,4.511741779579699,,5.308670456973354,0.8953641547867085,0.962494840063128,0.9962803776162555,0.9542374962550699,1.0,1.0,0.00029358825219184874,4.511741779579699,0.7760662987771405,0.8304612266207996,0.9605199175974337,0.8312184952174594,0.6131471927654585,1.0,0.0003286486014076909,1.0003502087031746,1.0,0.0,0.0,0.0,0.0,0.0,0.0003502087031746527,1.0001999990232422,1.0,0.0,0.0,0.0,0.0,0.0,0.00019999902324219194
6,0.02,0.5,0.4889320000002044,ok,3x3x3x3,5.145837659977404,3x3x9,4.363056913639507,,5.145837659977404,0.9036520871361269,0.966103384516313,0.9967327608770623,0.9608752659275571,1.0,0.6363636363636365,0.00029234333852658673,4.363056913639507,0.7809494268775452,0.8416507125024506,0.9621113458978939,0.8466907531631727,0.6131471927654585,0.6363636363636365,0.00032566425116799035,1.0003566792989849,1.0,0.0,0.0,0.0,0.0,0.0,0.00035667929898477795,1.0002000871025967,1.0,0.0,0.0,0.0,0.0,0.0,0.00020008710259674796
6,0.05,0.08,0.4884738000037032,ok,3x3x3x3,5.317315196958527,3x3x9,4.501524425941753,,5.317315196958527,0.8998547570620178,0.961278523241446,0.9965853157469259,0.9588005434521133,1.0,1.0,0.0007960574560235398,4.501524425941753,0.7711369118298158,0.8281183117311067,0.9580386122975703,0.8302326410288932,0.6131471927654585,1.0,0.0008507562889090071,1.000915456623878,1.0,0.0,0.0,0.0,0.0,0.0,0.000915456623878061,1.0005606028438125,1.0,0.0,0.0,0.0,0.0,0.0,0.000560602843812606
6,0.05,0.12,0.48630319999938365,ok,3x3x3x3,5.309471373513533,3x3x9,4.488784355746531,,5.309471373513533,0.8956028847604623,0.9597162969822115,0.9962448075183107,0.9571167951375816,1.0,1.0,0.0007905891149670102,4.488784355746531,0.7691507910176252,0.8230543314278084,0.9572892730382623,0.8252914283275431,0.6131471927654585,1.0,0.0008513391698333127,1.0009108539215685,1.0,0.0,0.0,0.0,0.0,0.0,0.0009108539215684365,1.0005613046399906,1.0,0.0,0.0,0.0,0.0,0.0,0.0005613046399905882
6,0.05,0.25,0.48974110000563087,ok,3x3x3x3,5.316750377825735,3x3x9,4.497009160774508,,5.316750377825735,0.8987866533632325,0.9625578353689384,0.996490323242709,0.9581063316485021,1.0,1.0,0.0008092342023529771,4.497009160774508,0.7695572093653972,0.8277848598534774,0.9572737048566463,0.8283495432420481,0.6131471927654585,1.0,0.0008966506914809466,1.0009397604304033,1.0,0.0,0.0,0.0,0.0,0.0,0.0009397604304033122,1.0005611751824128,1.0,0.0,0.0,0.0,0.0,0.0,0.0005611751824128988
6,0.05,0.5,0.49166020000120625,ok,3x3x3x3,5.152859062844667,3x3x9,4.34374109136304,,5.152859062844667,0.907422955598591,0.9661476218351563,0.9969694469514938,0.9633309352665639,1.0,0.6363636363636365,0.0008062850110426716,4.34374109136304,0.7731129340863347,0.838524631831525,0.9585271780149051,0.8413576774842386,0.6131471927654585,0.6363636363636365,0.0008896589987599774,1.000967706966966,1.0,0.0,0.0,0.0,0.0,0.0,0.0009677069669660546,1.0005617865374838,1.0,0.0,0.0,0.0,0.0,0.0,0.0005617865374839226
7,0.01,0.08,0.4923985999994329,ok,3x3x3x3,5.220303276967737,3x3x9,4.638922287953259,,5.220303276967737,0.8737176037116714,0.9785483313224586,0.9937270677002646,0.9651142285440039,1.0,0.8181818181818182,0.0001051365984293653,4.638922287953259,0.8178717084316873,0.8547792313421456,0.9763915437279942,0.876624021258472,0.6131471927654585,1.0,0.00010859042750029419,1.000143966290942,1.0,0.0,0.0,0.0,0.0,0.0,0.00014396629094194917,1.0000837300108187,1.0,0.0,0.0,0.0,0.0,0.0,8.3730010818721e-05
7,0.01,0.12,0.5113968000005116,ok,3x3x3x3,5.140138983444279,3x3x9,4.637645923293464,,5.140138983444279,0.8811505499904994,0.9794252247372022,0.9944780171352723,0.9667970526283711,1.0,0.6363636363636365,0.0001063207711164058,4.637645923293464,0.8169045160811611,0.8572491953809109,0.9761841815448441,0.8740521854886377,0.6131471927654585,1.0,0.00010865203245196657,1.0001349542395457,1.0,0.0,0.0,0.0,0.0,0.0,0.00013495423954567077,1.0000836911337763,1.0,0.0,0.0,0.0,0.0,0.0,8.369113377621475e-05
7,0.01,0.25,0.49214959999517305,ok,3x3x3x3,5.076628788588962,3x3x9,4.672116325736709,,5.076628788588962,0.9024875634435662,0.9802220590095281,0.9961993429142811,0.9703370039463373,1.0,0.4545454545454545,0.00011009200252121341,4.672116325736709,0.8206004239615763,0.8782191580687247,0.9774016245051864,0.882639405429613,0.6131471927654585,1.0,0.00010852100614923334,1.0001134115617816,1.0,0.0,0.0,0.0,0.0,0.0,0.00011341156178158352,1.000083604331313,1.0,0.0,0.0,0.0,0.0,0.0,8.360433131309125e-05
7,0.01,0.5,0.49107329999969807,ok,3x3x3x3,4.977666972134724,3x3x9,4.483646165766616,,4.977666972134724,0.8935892443507832,0.9805603266763705,0.9955610120442763,0.9714834809390583,1.0,0.27272727272727265,0.00010927176059891645,4.483646165766616,0.8201638131167854,0.8736723004395599,0.9770298735163435,0.8813426689704316,0.6131471927654585,0.6363636363636365,0.00010849877621872404,1.000115163772894,1.0,0.0,0.0,0.0,0.0,0.0,0.00011516377289406129,1.0000835799119794,1.0,0.0,0.0,0.0,0.0,0.0,8.35799119794026e-05
7,0.02,0.08,0.4912402999980259,ok,3x3x3x3,5.238652773881162,3x3x9,4.617221888159823,,5.238652773881162,0.8850984382088707,0.9786804729252704,0.9950484985805513,0.9705132024203735,1.0,0.8181818181818182,0.0002212526551873351,4.617221888159823,0.8100507212083925,0.8531150797447349,0.9740662186112794,0.8666152434742561,0.6131471927654585,1.0,0.00022743235570078332,1.0002982336255934,1.0,0.0,0.0,0.0,0.0,0.0,0.0002982336255935386,1.0001778425190753,1.0,0.0,0.0,0.0,0.0,0.0,0.00017784251907528072
7,0.02,0.12,0.4895671999984188,ok,3x3x3x3,5.201234121154799,3x3x9,4.618880056712101,,5.201234121154799,0.8903370959022802,0.9794416231080586,0.9955241754581035,0.9720712322133571,1.0,0.7272727272727273,0.00022363083663609964,4.618880056712101,0.8099751353468384,0.8554790633312295,0.9740902227174374,0.865960911369217,0.6131471927654585,1.0,0.00022753118192007517,1.0002797692630865,1.0,0.0,0.0,0.0,0.0,0.0,0.0002797692630865928,1.0001777803782983,1.0,0.0,0.0,0.0,0.0,0.0,0.00017778037829824881
7,0.02,0.25,0.48833339999691816,ok,3x3x3x3,5.090141248790641,3x3x9,4.659100117774685,,5.090141248790641,0.9103690190618547,0.9799982174787494,0.9969507394256886,0.9753193948356447,1.0,0.4545454545454545,0.00023115071597579293,4.659100117774685,0.8149708139313842,0.8759317024144601,0.9755768903741111,0.8792463180602366,0.6131471927654585,1.0,0.0002272002290341829,1.0002358904751076,1.0,0.0,0.0,0.0,0.0,0.0,0.0002358904751075512,1.0001773558019706,1.0,0.0,0.0,0.0,0.0,0.0,0.00017735580197074895
7,0.02,0.5,0.49038970000401605,ok,3x3x3x3,4.99422725553845,3x3x9,4.425055509537186,,4.99422725553845,0.9041495314399537,0.9803930412078323,0.996554001585698,0.9765375922877397,1.0,0.27272727272727265,0.00022945265358910563,4.425055509537186,0.8142344375238156,0.8716212154305797,0.9752071602306159,0.8778911236530127,0.6131471927654585,0.5454545454545453,0.00022710720643148404,1.0002397205565918,1.0,0.0,0.0,0.0,0.0,0.0,0.00023972055659191965,1.0001771809324727,1.0,0.0,0.0,0.0,0.0,0.0,0.00017718093247258177
7,0.05,0.08,0.4909702999939327,ok,3x3x3x3,5.250485560261036,3x3x9,4.589641952804412,,5.250485560261036,0.8914569974481971,0.9789148824945034,0.9956888291095356,0.9746928133885491,1.0,0.8181818181818182,0.0006411287293418785,4.589641952804412,0.7985054815867432,0.850042933434436,0.9698848465601976,0.8574104906701373,0.6131471927654585,1.0,0.0006510077874396018,1.0008277433933719,1.0,0.0,0.0,0.0,0.0,0.0,0.000827743393371905,1.0005281645614206,1.0,0.0,0.0,0.0,0.0,0.0,0.0005281645614205367
7,0.05,0.12,0.48813520000112476,ok,3x3x3x3,5.164257862309956,3x3x9,4.593090931577083,,5.164257862309956,0.8945763286341747,0.9794176221554965,0.9959614646190302,0.9754733571887448,1.0,0.6363636363636365,0.0006472715306921582,4.593090931577083,0.7989881203236255,0.8522009759070817,0.9700695953940194,0.8580340640872365,0.6131471927654585,1.0,0.0006509830996615469,1.0007783866801012,1.0,0.0,0.0,0.0,0.0,0.0,0.0007783866801011583,1.000527934150726,1.0,0.0,0.0,0.0,0.0,0.0,0.0005279341507259983
7,0.05,0.25,0.49001030000363244,ok,3x3x3x3,5.047730618064113,3x3x9,4.6355296468812215,,5.047730618064113,0.9113706206436176,0.9794954591023941,0.9971317945994713,0.9772491391973539,1.0,0.36363636363636365,0.0006654227030943303,4.6355296468812215,0.8042393620128635,0.8717050922763057,0.9716958459978013,0.8740930443931133,0.6131471927654585,1.0,0.0006491094356792286,1.0006618621851424,1.0,0.0,0.0,0.0,0.0,0.0,0.0006618621851423742,1.0005248397602176,1.0,0.0,0.0,0.0,0.0,0.0,0.0005248397602175535
7,0.05,0.5,0.4914257999989786,ok,3x3x3x3,5.0005844938850705,3x3x9,4.400844694649037,,5.0005844938850705,0.9081795352539579,0.9799918531160333,0.9969156881573668,0.9784727419550049,1.0,0.27272727272727265,0.0006610390390705868,4.400844694649037,0.8033395504586095,0.867835380987358,0.9713397727823505,0.8718064097559424,0.6131471927654585,0.5454545454545453,0.0006491151720449894,1.0006749834555144,1.0,0.0,0.0,0.0,0.0,0.0,0.0006749834555144078,1.0005237934286833,1.0,0.0,0.0,0.0,0.0,0.0,0.0005237934286833124
8,0.01,0.08,0.49055699999735225,ok,3x3x3x3,5.2463888987123815,3x3x9,4.5974164540111895,,5.2463888987123815,0.8447551411848377,0.9621576878873838,0.9901688123266852,0.9491554320988388,1.0,1.0,0.00015182521463612766,4.5974164540111895,0.814506192533728,0.833747924106243,0.9757967405267783,0.8601214739909484,0.6131471927654585,1.0,9.693008803353722e-05,1.0000803235314772,1.0,0.0,0.0,0.0,0.0,0.0,8.032353147722408e-05,1.0001566285230599,1.0,0.0,0.0,0.0,0.0,0.0,0.00015662852305991194
8,0.01,0.12,0.48684720000164816,ok,3x3x3x3,5.2481242863375375,3x3x9,4.5972461410609915,,5.2481242863375375,0.8470028437481517,0.9606373240195765,0.9905502080838372,0.9497805765537695,1.0,1.0,0.00015333393220318586,4.5972461410609915,0.8142701203742999,0.8338748103807553,0.9756956960555482,0.8601594785312432,0.6131471927654585,1.0,9.884295368718046e-05,1.0000828499274985,1.0,0.0,0.0,0.0,0.0,0.0,8.284992749854608e-05,1.0001566268985136,1.0,0.0,0.0,0.0,0.0,0.0,0.0001566268985134856
8,0.01,0.25,0.4863699000052293,ok,3x3x3x3,5.25469367724973,3x3x9,4.636907502748375,,5.25469367724973,0.8529338477100993,0.9606740067868169,0.991540321165928,0.9493919557945916,1.0,1.0,0.0001535457922940556,4.636907502748375,0.8206755633119079,0.8504233793389353,0.9771531761572203,0.8754057633146924,0.6131471927654585,1.0,0.00010242786016093917,1.0000861418232803,1.0,0.0,0.0,0.0,0.0,0.0,8.614182328036383e-05,1.0001566878065384,1.0,0.0,0.0,0.0,0.0,0.0,0.00015668780653847115
8,0.01,0.5,0.4901199000014458,ok,3x3x3x3,5.256511818806061,3x3x9,4.411590214037209,,5.256511818806061,0.8521898141181229,0.9635468951465577,0.9913168671290976,0.9493047036360239,1.0,1.0,0.0001535387762580816,4.411590214037209,0.8201120043939762,0.8508462741890803,0.9772304525756631,0.8774256122858869,0.6131471927654585,0.5454545454545453,0.00010140509987062006,1.000072844213341,1.0,0.0,0.0,0.0,0.0,0.0,7.284421334115302e-05,1.0001566593816125,1.0,0.0,0.0,0.0,0.0,0.0,0.00015665938161243964
8,0.02,0.08,0.49117580000165617,ok,3x3x3x3,5.151177879368819,3x3x9,4.55630965984904,,5.151177879368819,0.866991613730728,0.9621164773705148,0.993078078170032,0.9650406912467454,1.0,0.7272727272727273,0.0003146552144357693,4.55630965984904,0.794135304327249,0.8323712483601013,0.968336784119477,0.8481163538351683,0.6131471927654585,1.0,0.0002027764415851347,1.0001707368116204,1.0,0.0,0.0,0.0,0.0,0.0,0.00017073681162040402,1.0003221436322114,1.0,0.0,0.0,0.0,0.0,0.0,0.00032214363221140567
8,0.02,0.12,0.4946834000002127,ok,3x3x3x3,5.060433755484412,3x3x9,4.556116213270508,,5.060433755484412,0.8685588363589118,0.9605646658369197,0.9933044305875341,0.9649607720462839,1.0,0.5454545454545453,0.000317777927489267,4.556116213270508,0.7939217287879756,0.8324610249694825,0.9682271329242943,0.8481523606533546,0.6131471927654585,1.0,0.00020677316994259447,1.0001761582494537,1.0,0.0,0.0,0.0,0.0,0.0,0.00017615824945373183,1.0003221366022805,1.0,0.0,0.0,0.0,0.0,0.0,0.00032213660228062554
8,0.02,0.25,0.4902308999953675,ok,3x3x3x3,5.112240525768937,3x3x9,4.594207002062918,,5.112240525768937,0.8746099149194446,0.9605133475317843,0.9940890543598001,0.964528245501473,1.0,0.6363636363636365,0.0003181452746160308,4.594207002062918,0.7989621272148034,0.8486345093523073,0.9696305019694365,0.8636188305653122,0.6131471927654585,1.0,0.00021384019560006067,1.0001823474588603,1.0,0.0,0.0,0.0,0.0,0.0,0.00018234745886015494,1.0003223843953502,1.0,0.0,0.0,0.0,0.0,0.0,0.0003223843953502172
8,0.02,0.5,0.48926480000227457,ok,3x3x3x3,5.160297841250245,3x3x9,4.3687926927434315,,5.160297841250245,0.8740715319087229,0.9634363265036878,0.993949477773452,0.9648859440307004,1.0,0.7272727272727273,0.00031819739731874284,4.3687926927434315,0.7988441585369448,0.8491056439796217,0.9697386380877585,0.8650178344109876,0.6131471927654585,0.5454545454545453,0.00021195223538768664,1.000155252926392,1.0,0.0,0.0,0.0,0.0,0.0,0.00015525292639205008,1.0003222696354799,1.0,0.0,0.0,0.0,0.0,0.0,0.000322269635479878
8,0.05,0.08,0.49277069999516243,ok,3x3x3x3,5.305493044297389,3x3x9,4.5171044402924405,,5.305493044297389,0.8800075736512873,0.9621508418467779,0.9945327845364744,0.9679257940142881,1.0,1.0,0.0008760502485609768,4.5171044402924405,0.7755191988550485,0.8299372360595434,0.9598964478277972,0.8380229898684185,0.6131471927654585,1.0,0.0005813749161736726,1.0005083112509152,1.0,0.0,0.0,0.0,0.0,0.0,0.0005083112509152983,1.0008839717199298,1.0,0.0,0.0,0.0,0.0,0.0,0.0008839717199299209
8,0.05,0.12,0.48958919999859063,ok,3x3x3x3,5.303235726155325,3x3x9,4.516692102946027,,5.303235726155325,0.8810992740930879,0.9605288439259728,0.9946826548578421,0.9660403053975927,1.0,1.0,0.0008846478808287695,4.516692102946027,0.775287681086255,0.8299286134922195,0.9597681277067608,0.8379677759458398,0.6131471927654585,1.0,0.0005927119494928884,1.0005247319281219,1.0,0.0,0.0,0.0,0.0,0.0,0.0005247319281218414,1.000883916244247,1.0,0.0,0.0,0.0,0.0,0.0,0.0008839162442470931
8,0.05,0.25,0.49064050000015413,ok,3x3x3x3,5.308554268953777,3x3x9,4.552017583707604,,5.308554268953777,0.8874851161618014,0.9602376569454283,0.9953715137171151,0.9645749138507358,1.0,1.0,0.0008850682786960989,4.552017583707604,0.7790167836464961,0.845260084630183,0.9609777338615563,0.8530063680469567,0.6131471927654585,1.0,0.0006094207569539875,1.0005368306854354,1.0,0.0,0.0,0.0,0.0,0.0,0.0005368306854354008,1.0008855383882183,1.0,0.0,0.0,0.0,0.0,0.0,0.0008855383882182831
8,0.05,0.5,0.49840369999583345,ok,3x3x3x3,5.132706159765779,3x3x9,4.326653530386021,,5.132706159765779,0.8870062456130878,0.96326331307116,0.9952673063117558,0.9681017869568731,1.0,0.6363636363636365,0.0008856896310841879,4.326653530386021,0.7791350636084367,0.8458684150163276,0.9611024754175013,0.8540671962215779,0.6131471927654585,0.5454545454545453,0.0006059146294461108,1.0004652619339611,1.0,0.0,0.0,0.0,0.0,0.0,0.0004652619339612285,1.000884799770201,1.0,0.0,0.0,0.0,0.0,0.0,0.000884799770200994
